Standard Commons Logging discovery in action with spring-jcl: please remove commons-logging.jar from classpath in order to avoid potential conflicts

  .   ____          _            __ _ _
 /\\ / ___'_ __ _ _(_)_ __  __ _ \ \ \ \
( ( )\___ | '_ | '_| | '_ \/ _` | \ \ \ \
 \\/  ___)| |_)| | | | | || (_| |  ) ) ) )
  '  |____| .__|_| |_|_| |_\__, | / / / /
 =========|_|==============|___/=/_/_/_/

 :: Spring Boot ::                (v3.3.4)

2026-09-30T12:31:14.286+02:00  INFO 20356 --- [ulwembu-platform-api] [           main] c.ehealth.platform.PlatformApplication   : Starting PlatformApplication v0.1.0-SNAPSHOT using Java 21.0.12.1 with PID 20356 (D:\Dev\E-Health-System-dev-backend-ulwembu\tmp\backend-verification\target\platform.jar started by GoodKid in D:\Dev\E-Health-System-dev-backend-ulwembu)
2026-09-30T12:31:14.290+02:00  INFO 20356 --- [ulwembu-platform-api] [           main] c.ehealth.platform.PlatformApplication   : The following 1 profile is active: "dev"
2026-09-30T12:31:14.290+02:00 DEBUG 20356 --- [ulwembu-platform-api] [           main] o.s.boot.SpringApplication               : Loading source class co.ehealth.platform.PlatformApplication
2026-09-30T12:31:14.346+02:00 DEBUG 20356 --- [ulwembu-platform-api] [           main] ConfigServletWebServerApplicationContext : Refreshing org.springframework.boot.web.servlet.context.AnnotationConfigServletWebServerApplicationContext@28e8dde3
2026-09-30T12:31:15.673+02:00  INFO 20356 --- [ulwembu-platform-api] [           main] .s.d.r.c.RepositoryConfigurationDelegate : Bootstrapping Spring Data JPA repositories in DEFAULT mode.
2026-09-30T12:31:15.702+02:00 DEBUG 20356 --- [ulwembu-platform-api] [           main] o.s.b.a.AutoConfigurationPackages        : @EnableAutoConfiguration was declared on a class in the package 'co.ehealth.platform'. Automatic @Repository and @Entity scanning is enabled.
2026-09-30T12:31:15.837+02:00  INFO 20356 --- [ulwembu-platform-api] [           main] .s.d.r.c.RepositoryConfigurationDelegate : Finished Spring Data repository scanning in 152 ms. Found 40 JPA repository interfaces.
2026-09-30T12:31:16.901+02:00 DEBUG 20356 --- [ulwembu-platform-api] [           main] .s.b.w.e.t.TomcatServletWebServerFactory : Code archive: D:\Dev\E-Health-System-dev-backend-ulwembu\tmp\backend-verification\target\platform.jar
2026-09-30T12:31:16.902+02:00 DEBUG 20356 --- [ulwembu-platform-api] [           main] .s.b.w.e.t.TomcatServletWebServerFactory : Code archive: D:\Dev\E-Health-System-dev-backend-ulwembu\tmp\backend-verification\target\platform.jar
2026-09-30T12:31:16.902+02:00 DEBUG 20356 --- [ulwembu-platform-api] [           main] .s.b.w.e.t.TomcatServletWebServerFactory : None of the document roots [src/main/webapp, public, static] point to a directory and will be ignored.
2026-09-30T12:31:16.925+02:00  INFO 20356 --- [ulwembu-platform-api] [           main] o.s.b.w.embedded.tomcat.TomcatWebServer  : Tomcat initialized with port 8081 (http)
2026-09-30T12:31:16.941+02:00  INFO 20356 --- [ulwembu-platform-api] [           main] o.apache.catalina.core.StandardService   : Starting service [Tomcat]
2026-09-30T12:31:16.942+02:00  INFO 20356 --- [ulwembu-platform-api] [           main] o.apache.catalina.core.StandardEngine    : Starting Servlet engine: [Apache Tomcat/10.1.30]
2026-09-30T12:31:16.987+02:00  INFO 20356 --- [ulwembu-platform-api] [           main] o.a.c.c.C.[Tomcat].[localhost].[/]       : Initializing Spring embedded WebApplicationContext
2026-09-30T12:31:16.988+02:00 DEBUG 20356 --- [ulwembu-platform-api] [           main] w.s.c.ServletWebServerApplicationContext : Published root WebApplicationContext as ServletContext attribute with name [org.springframework.web.context.WebApplicationContext.ROOT]
2026-09-30T12:31:16.989+02:00  INFO 20356 --- [ulwembu-platform-api] [           main] w.s.c.ServletWebServerApplicationContext : Root WebApplicationContext: initialization completed in 2642 ms
Standard Commons Logging discovery in action with spring-jcl: please remove commons-logging.jar from classpath in order to avoid potential conflicts
2026-09-30T12:31:17.208+02:00  INFO 20356 --- [ulwembu-platform-api] [           main] o.hibernate.jpa.internal.util.LogHelper  : HHH000204: Processing PersistenceUnitInfo [name: default]
2026-09-30T12:31:17.303+02:00  INFO 20356 --- [ulwembu-platform-api] [           main] org.hibernate.Version                    : HHH000412: Hibernate ORM core version 6.5.3.Final
2026-09-30T12:31:17.346+02:00  INFO 20356 --- [ulwembu-platform-api] [           main] o.h.c.internal.RegionFactoryInitiator    : HHH000026: Second-level cache disabled
2026-09-30T12:31:17.685+02:00  INFO 20356 --- [ulwembu-platform-api] [           main] o.s.o.j.p.SpringPersistenceUnitInfo      : No LoadTimeWeaver setup: ignoring JPA class transformer
2026-09-30T12:31:17.724+02:00  INFO 20356 --- [ulwembu-platform-api] [           main] com.zaxxer.hikari.HikariDataSource       : HikariPool-1 - Starting...
2026-09-30T12:31:17.967+02:00  INFO 20356 --- [ulwembu-platform-api] [           main] com.zaxxer.hikari.pool.HikariPool        : HikariPool-1 - Added connection org.postgresql.jdbc.PgConnection@75c0cd39
2026-09-30T12:31:17.969+02:00  INFO 20356 --- [ulwembu-platform-api] [           main] com.zaxxer.hikari.HikariDataSource       : HikariPool-1 - Start completed.
2026-09-30T12:31:19.845+02:00  INFO 20356 --- [ulwembu-platform-api] [           main] o.h.e.t.j.p.i.JtaPlatformInitiator       : HHH000489: No JTA platform available (set 'hibernate.transaction.jta.platform' to enable JTA platform integration)
2026-09-30T12:31:19.849+02:00  INFO 20356 --- [ulwembu-platform-api] [           main] j.LocalContainerEntityManagerFactoryBean : Initialized JPA EntityManagerFactory for persistence unit 'default'
2026-09-30T12:31:20.499+02:00 DEBUG 20356 --- [ulwembu-platform-api] [           main] o.s.b.w.s.ServletContextInitializerBeans : Mapping filters: tenantFilterRegistration urls=[/*] order=-2147483648, webMvcObservationFilter urls=[/*] order=-2147483647, springSecurityFilterChain urls=[/*] order=-100, characterEncodingFilter urls=[/*] order=-2147483648, formContentFilter urls=[/*] order=-9900, requestContextFilter urls=[/*] order=-105
2026-09-30T12:31:20.499+02:00 DEBUG 20356 --- [ulwembu-platform-api] [           main] o.s.b.w.s.ServletContextInitializerBeans : Mapping servlets: dispatcherServlet urls=[/]
2026-09-30T12:31:20.526+02:00 DEBUG 20356 --- [ulwembu-platform-api] [           main] o.s.b.w.s.f.OrderedRequestContextFilter  : Filter 'requestContextFilter' configured for use
2026-09-30T12:31:20.529+02:00 DEBUG 20356 --- [ulwembu-platform-api] [           main] o.s.w.f.ServerHttpObservationFilter      : Filter 'webMvcObservationFilter' configured for use
2026-09-30T12:31:20.530+02:00 DEBUG 20356 --- [ulwembu-platform-api] [           main] s.b.w.s.f.OrderedCharacterEncodingFilter : Filter 'characterEncodingFilter' configured for use
2026-09-30T12:31:20.530+02:00 DEBUG 20356 --- [ulwembu-platform-api] [           main] .DelegatingFilterProxyRegistrationBean$1 : Filter 'springSecurityFilterChain' configured for use
2026-09-30T12:31:20.531+02:00 DEBUG 20356 --- [ulwembu-platform-api] [           main] o.s.b.w.s.f.OrderedFormContentFilter     : Filter 'formContentFilter' configured for use
2026-09-30T12:31:20.581+02:00  INFO 20356 --- [ulwembu-platform-api] [           main] o.s.d.j.r.query.QueryEnhancerFactory     : Hibernate is in classpath; If applicable, HQL parser will be used.
2026-09-30T12:31:23.679+02:00  WARN 20356 --- [ulwembu-platform-api] [           main] .s.s.UserDetailsServiceAutoConfiguration : 

Using generated security password: 8fe2d772-0047-4610-b6e9-8e887fd0d47e

This generated password is for development use only. Your security configuration must be updated before running your application in production.

2026-09-30T12:31:23.689+02:00  INFO 20356 --- [ulwembu-platform-api] [           main] r$InitializeUserDetailsManagerConfigurer : Global AuthenticationManager configured with UserDetailsService bean with name inMemoryUserDetailsManager
2026-09-30T12:31:23.897+02:00 DEBUG 20356 --- [ulwembu-platform-api] [           main] s.w.s.m.m.a.RequestMappingHandlerMapping : 166 mappings in 'requestMappingHandlerMapping'
2026-09-30T12:31:23.944+02:00 DEBUG 20356 --- [ulwembu-platform-api] [           main] o.s.w.s.handler.SimpleUrlHandlerMapping  : Patterns [/webjars/**, /**] in 'resourceHandlerMapping'
2026-09-30T12:31:24.070+02:00  INFO 20356 --- [ulwembu-platform-api] [           main] o.s.b.a.e.web.EndpointLinksResolver      : Exposing 1 endpoint beneath base path '/actuator'
2026-09-30T12:31:24.207+02:00 DEBUG 20356 --- [ulwembu-platform-api] [           main] s.w.s.m.m.a.RequestMappingHandlerAdapter : ControllerAdvice beans: 0 @ModelAttribute, 0 @InitBinder, 1 RequestBodyAdvice, 1 ResponseBodyAdvice
2026-09-30T12:31:24.246+02:00 DEBUG 20356 --- [ulwembu-platform-api] [           main] .m.m.a.ExceptionHandlerExceptionResolver : ControllerAdvice beans: 2 @ExceptionHandler, 1 ResponseBodyAdvice
2026-09-30T12:31:24.566+02:00  INFO 20356 --- [ulwembu-platform-api] [           main] o.s.b.w.embedded.tomcat.TomcatWebServer  : Tomcat started on port 8081 (http) with context path '/'
2026-09-30T12:31:24.581+02:00 DEBUG 20356 --- [ulwembu-platform-api] [           main] .s.b.a.l.ConditionEvaluationReportLogger : 


============================
CONDITIONS EVALUATION REPORT
============================


Positive matches:
-----------------

   AopAutoConfiguration matched:
      - @ConditionalOnProperty (spring.aop.auto=true) matched (OnPropertyCondition)

   AopAutoConfiguration.AspectJAutoProxyingConfiguration matched:
      - @ConditionalOnClass found required class 'org.aspectj.weaver.Advice' (OnClassCondition)

   AopAutoConfiguration.AspectJAutoProxyingConfiguration.CglibAutoProxyConfiguration matched:
      - @ConditionalOnProperty (spring.aop.proxy-target-class=true) matched (OnPropertyCondition)

   ApplicationAvailabilityAutoConfiguration#applicationAvailability matched:
      - @ConditionalOnMissingBean (types: org.springframework.boot.availability.ApplicationAvailability; SearchStrategy: all) did not find any beans (OnBeanCondition)

   CacheMeterBinderProvidersConfiguration matched:
      - @ConditionalOnClass found required class 'io.micrometer.core.instrument.binder.MeterBinder' (OnClassCondition)

   CompositeMeterRegistryAutoConfiguration matched:
      - @ConditionalOnClass found required class 'io.micrometer.core.instrument.composite.CompositeMeterRegistry' (OnClassCondition)

   DataSourceAutoConfiguration matched:
      - @ConditionalOnClass found required classes 'javax.sql.DataSource', 'org.springframework.jdbc.datasource.embedded.EmbeddedDatabaseType' (OnClassCondition)
      - @ConditionalOnMissingBean (types: io.r2dbc.spi.ConnectionFactory; SearchStrategy: all) did not find any beans (OnBeanCondition)

   DataSourceAutoConfiguration.PooledDataSourceConfiguration matched:
      - AnyNestedCondition 1 matched 1 did not; NestedCondition on DataSourceAutoConfiguration.PooledDataSourceCondition.PooledDataSourceAvailable PooledDataSource found supported DataSource; NestedCondition on DataSourceAutoConfiguration.PooledDataSourceCondition.ExplicitType @ConditionalOnProperty (spring.datasource.type) did not find property 'type' (DataSourceAutoConfiguration.PooledDataSourceCondition)
      - @ConditionalOnMissingBean (types: javax.sql.DataSource,javax.sql.XADataSource; SearchStrategy: all) did not find any beans (OnBeanCondition)

   DataSourceAutoConfiguration.PooledDataSourceConfiguration#jdbcConnectionDetails matched:
      - @ConditionalOnMissingBean (types: org.springframework.boot.autoconfigure.jdbc.JdbcConnectionDetails; SearchStrategy: all) did not find any beans (OnBeanCondition)

   DataSourceConfiguration.Hikari matched:
      - @ConditionalOnClass found required class 'com.zaxxer.hikari.HikariDataSource' (OnClassCondition)
      - @ConditionalOnProperty (spring.datasource.type=com.zaxxer.hikari.HikariDataSource) matched (OnPropertyCondition)
      - @ConditionalOnMissingBean (types: javax.sql.DataSource; SearchStrategy: all) did not find any beans (OnBeanCondition)

   DataSourceHealthContributorAutoConfiguration matched:
      - @ConditionalOnClass found required classes 'org.springframework.jdbc.core.JdbcTemplate', 'org.springframework.jdbc.datasource.lookup.AbstractRoutingDataSource' (OnClassCondition)
      - @ConditionalOnEnabledHealthIndicator management.health.defaults.enabled is considered true (OnEnabledHealthIndicatorCondition)
      - @ConditionalOnBean (types: javax.sql.DataSource; SearchStrategy: all) found bean 'dataSource' (OnBeanCondition)

   DataSourceHealthContributorAutoConfiguration#dbHealthContributor matched:
      - @ConditionalOnMissingBean (names: dbHealthIndicator,dbHealthContributor; SearchStrategy: all) did not find any beans (OnBeanCondition)

   DataSourceInitializationConfiguration matched:
      - @ConditionalOnClass found required class 'org.springframework.jdbc.datasource.init.DatabasePopulator' (OnClassCondition)
      - @ConditionalOnSingleCandidate (types: javax.sql.DataSource; SearchStrategy: all) found a single bean 'dataSource'; @ConditionalOnMissingBean (types: org.springframework.boot.autoconfigure.sql.init.SqlDataSourceScriptDatabaseInitializer,org.springframework.boot.autoconfigure.sql.init.SqlR2dbcScriptDatabaseInitializer; SearchStrategy: all) did not find any beans (OnBeanCondition)

   DataSourceJmxConfiguration matched:
      - @ConditionalOnProperty (spring.jmx.enabled=true) matched (OnPropertyCondition)

   DataSourceJmxConfiguration.Hikari matched:
      - @ConditionalOnClass found required class 'com.zaxxer.hikari.HikariDataSource' (OnClassCondition)
      - @ConditionalOnSingleCandidate (types: javax.sql.DataSource; SearchStrategy: all) found a single bean 'dataSource' (OnBeanCondition)

   DataSourcePoolMetadataProvidersConfiguration.HikariPoolDataSourceMetadataProviderConfiguration matched:
      - @ConditionalOnClass found required class 'com.zaxxer.hikari.HikariDataSource' (OnClassCondition)

   DataSourcePoolMetricsAutoConfiguration matched:
      - @ConditionalOnClass found required classes 'javax.sql.DataSource', 'io.micrometer.core.instrument.MeterRegistry' (OnClassCondition)
      - @ConditionalOnBean (types: javax.sql.DataSource,io.micrometer.core.instrument.MeterRegistry; SearchStrategy: all) found beans 'simpleMeterRegistry', 'dataSource' (OnBeanCondition)

   DataSourcePoolMetricsAutoConfiguration.DataSourcePoolMetadataMetricsConfiguration matched:
      - @ConditionalOnBean (types: org.springframework.boot.jdbc.metadata.DataSourcePoolMetadataProvider; SearchStrategy: all) found bean 'hikariPoolDataSourceMetadataProvider' (OnBeanCondition)

   DataSourcePoolMetricsAutoConfiguration.HikariDataSourceMetricsConfiguration matched:
      - @ConditionalOnClass found required class 'com.zaxxer.hikari.HikariDataSource' (OnClassCondition)

   DataSourceTransactionManagerAutoConfiguration matched:
      - @ConditionalOnClass found required classes 'javax.sql.DataSource', 'org.springframework.jdbc.core.JdbcTemplate', 'org.springframework.transaction.TransactionManager' (OnClassCondition)

   DataSourceTransactionManagerAutoConfiguration.JdbcTransactionManagerConfiguration matched:
      - @ConditionalOnSingleCandidate (types: javax.sql.DataSource; SearchStrategy: all) found a single bean 'dataSource' (OnBeanCondition)

   DiskSpaceHealthContributorAutoConfiguration matched:
      - @ConditionalOnEnabledHealthIndicator management.health.defaults.enabled is considered true (OnEnabledHealthIndicatorCondition)

   DiskSpaceHealthContributorAutoConfiguration#diskSpaceHealthIndicator matched:
      - @ConditionalOnMissingBean (names: diskSpaceHealthIndicator; SearchStrategy: all) did not find any beans (OnBeanCondition)

   DispatcherServletAutoConfiguration matched:
      - @ConditionalOnClass found required class 'org.springframework.web.servlet.DispatcherServlet' (OnClassCondition)
      - found 'session' scope (OnWebApplicationCondition)

   DispatcherServletAutoConfiguration.DispatcherServletConfiguration matched:
      - @ConditionalOnClass found required class 'jakarta.servlet.ServletRegistration' (OnClassCondition)
      - Default DispatcherServlet did not find dispatcher servlet beans (DispatcherServletAutoConfiguration.DefaultDispatcherServletCondition)

   DispatcherServletAutoConfiguration.DispatcherServletRegistrationConfiguration matched:
      - @ConditionalOnClass found required class 'jakarta.servlet.ServletRegistration' (OnClassCondition)
      - DispatcherServlet Registration did not find servlet registration bean (DispatcherServletAutoConfiguration.DispatcherServletRegistrationCondition)

   DispatcherServletAutoConfiguration.DispatcherServletRegistrationConfiguration#dispatcherServletRegistration matched:
      - @ConditionalOnBean (names: dispatcherServlet types: org.springframework.web.servlet.DispatcherServlet; SearchStrategy: all) found bean 'dispatcherServlet' (OnBeanCondition)

   EmbeddedWebServerFactoryCustomizerAutoConfiguration matched:
      - @ConditionalOnWebApplication (required) found 'session' scope (OnWebApplicationCondition)
      - @ConditionalOnWarDeployment the application is not deployed as a WAR file. (OnWarDeploymentCondition)

   EmbeddedWebServerFactoryCustomizerAutoConfiguration.TomcatWebServerFactoryCustomizerConfiguration matched:
      - @ConditionalOnClass found required classes 'org.apache.catalina.startup.Tomcat', 'org.apache.coyote.UpgradeProtocol' (OnClassCondition)

   EndpointAutoConfiguration#endpointCachingOperationInvokerAdvisor matched:
      - @ConditionalOnMissingBean (types: org.springframework.boot.actuate.endpoint.invoker.cache.CachingOperationInvokerAdvisor; SearchStrategy: all) did not find any beans (OnBeanCondition)

   EndpointAutoConfiguration#endpointOperationParameterMapper matched:
      - @ConditionalOnMissingBean (types: org.springframework.boot.actuate.endpoint.invoke.ParameterValueMapper; SearchStrategy: all) did not find any beans (OnBeanCondition)

   ErrorMvcAutoConfiguration matched:
      - @ConditionalOnClass found required classes 'jakarta.servlet.Servlet', 'org.springframework.web.servlet.DispatcherServlet' (OnClassCondition)
      - found 'session' scope (OnWebApplicationCondition)

   ErrorMvcAutoConfiguration#basicErrorController matched:
      - @ConditionalOnMissingBean (types: org.springframework.boot.web.servlet.error.ErrorController; SearchStrategy: current) did not find any beans (OnBeanCondition)

   ErrorMvcAutoConfiguration#errorAttributes matched:
      - @ConditionalOnMissingBean (types: org.springframework.boot.web.servlet.error.ErrorAttributes; SearchStrategy: current) did not find any beans (OnBeanCondition)

   ErrorMvcAutoConfiguration.DefaultErrorViewResolverConfiguration#conventionErrorViewResolver matched:
      - @ConditionalOnBean (types: org.springframework.web.servlet.DispatcherServlet; SearchStrategy: all) found bean 'dispatcherServlet'; @ConditionalOnMissingBean (types: org.springframework.boot.autoconfigure.web.servlet.error.ErrorViewResolver; SearchStrategy: all) did not find any beans (OnBeanCondition)

   ErrorMvcAutoConfiguration.WhitelabelErrorViewConfiguration matched:
      - @ConditionalOnProperty (server.error.whitelabel.enabled) matched (OnPropertyCondition)
      - ErrorTemplate Missing did not find error template view (ErrorMvcAutoConfiguration.ErrorTemplateMissingCondition)

   ErrorMvcAutoConfiguration.WhitelabelErrorViewConfiguration#beanNameViewResolver matched:
      - @ConditionalOnMissingBean (types: org.springframework.web.servlet.view.BeanNameViewResolver; SearchStrategy: all) did not find any beans (OnBeanCondition)

   ErrorMvcAutoConfiguration.WhitelabelErrorViewConfiguration#defaultErrorView matched:
      - @ConditionalOnMissingBean (names: error; SearchStrategy: all) did not find any beans (OnBeanCondition)

   GenericCacheConfiguration matched:
      - Cache org.springframework.boot.autoconfigure.cache.GenericCacheConfiguration automatic cache type (CacheCondition)

   GsonAutoConfiguration matched:
      - @ConditionalOnClass found required class 'com.google.gson.Gson' (OnClassCondition)

   GsonAutoConfiguration#gson matched:
      - @ConditionalOnMissingBean (types: com.google.gson.Gson; SearchStrategy: all) did not find any beans (OnBeanCondition)

   GsonAutoConfiguration#gsonBuilder matched:
      - @ConditionalOnMissingBean (types: com.google.gson.GsonBuilder; SearchStrategy: all) did not find any beans (OnBeanCondition)

   GsonHttpMessageConvertersConfiguration matched:
      - @ConditionalOnClass found required class 'com.google.gson.Gson' (OnClassCondition)

   HealthContributorAutoConfiguration#pingHealthContributor matched:
      - @ConditionalOnEnabledHealthIndicator management.health.defaults.enabled is considered true (OnEnabledHealthIndicatorCondition)

   HealthEndpointAutoConfiguration matched:
      - @ConditionalOnAvailableEndpoint marked as exposed by a 'management.endpoints.web.exposure' property (OnAvailableEndpointCondition)

   HealthEndpointConfiguration#healthContributorRegistry matched:
      - @ConditionalOnMissingBean (types: org.springframework.boot.actuate.health.HealthContributorRegistry; SearchStrategy: all) did not find any beans (OnBeanCondition)

   HealthEndpointConfiguration#healthEndpoint matched:
      - @ConditionalOnMissingBean (types: org.springframework.boot.actuate.health.HealthEndpoint; SearchStrategy: all) did not find any beans (OnBeanCondition)

   HealthEndpointConfiguration#healthEndpointGroupMembershipValidator matched:
      - @ConditionalOnProperty (management.endpoint.health.validate-group-membership=true) matched (OnPropertyCondition)

   HealthEndpointConfiguration#healthEndpointGroups matched:
      - @ConditionalOnMissingBean (types: org.springframework.boot.actuate.health.HealthEndpointGroups; SearchStrategy: all) did not find any beans (OnBeanCondition)

   HealthEndpointConfiguration#healthHttpCodeStatusMapper matched:
      - @ConditionalOnMissingBean (types: org.springframework.boot.actuate.health.HttpCodeStatusMapper; SearchStrategy: all) did not find any beans (OnBeanCondition)

   HealthEndpointConfiguration#healthStatusAggregator matched:
      - @ConditionalOnMissingBean (types: org.springframework.boot.actuate.health.StatusAggregator; SearchStrategy: all) did not find any beans (OnBeanCondition)

   HealthEndpointWebExtensionConfiguration matched:
      - found 'session' scope (OnWebApplicationCondition)
      - @ConditionalOnAvailableEndpoint marked as exposed by a 'management.endpoints.web.exposure' property (OnAvailableEndpointCondition)
      - @ConditionalOnBean (types: org.springframework.boot.actuate.health.HealthEndpoint; SearchStrategy: all) found bean 'healthEndpoint' (OnBeanCondition)

   HealthEndpointWebExtensionConfiguration#healthEndpointWebExtension matched:
      - @ConditionalOnMissingBean (types: org.springframework.boot.actuate.health.HealthEndpointWebExtension; SearchStrategy: all) did not find any beans (OnBeanCondition)

   HealthEndpointWebExtensionConfiguration.MvcAdditionalHealthEndpointPathsConfiguration matched:
      - @ConditionalOnAvailableEndpoint marked as exposed by a 'management.endpoints.web.exposure' property (OnAvailableEndpointCondition)
      - @ConditionalOnBean (types: org.springframework.web.servlet.DispatcherServlet; SearchStrategy: all) found bean 'dispatcherServlet' (OnBeanCondition)

   HibernateJpaAutoConfiguration matched:
      - @ConditionalOnClass found required classes 'org.springframework.orm.jpa.LocalContainerEntityManagerFactoryBean', 'jakarta.persistence.EntityManager', 'org.hibernate.engine.spi.SessionImplementor' (OnClassCondition)

   HibernateJpaConfiguration matched:
      - @ConditionalOnSingleCandidate (types: javax.sql.DataSource; SearchStrategy: all) found a single bean 'dataSource' (OnBeanCondition)

   HttpClientObservationsAutoConfiguration matched:
      - @ConditionalOnClass found required class 'io.micrometer.observation.Observation' (OnClassCondition)
      - @ConditionalOnBean (types: io.micrometer.observation.ObservationRegistry; SearchStrategy: all) found bean 'observationRegistry' (OnBeanCondition)

   HttpClientObservationsAutoConfiguration.MeterFilterConfiguration matched:
      - @ConditionalOnClass found required class 'io.micrometer.core.instrument.MeterRegistry' (OnClassCondition)
      - @ConditionalOnBean (types: io.micrometer.core.instrument.MeterRegistry; SearchStrategy: all) found bean 'simpleMeterRegistry' (OnBeanCondition)

   HttpEncodingAutoConfiguration matched:
      - @ConditionalOnClass found required class 'org.springframework.web.filter.CharacterEncodingFilter' (OnClassCondition)
      - found 'session' scope (OnWebApplicationCondition)
      - @ConditionalOnProperty (server.servlet.encoding.enabled) matched (OnPropertyCondition)

   HttpEncodingAutoConfiguration#characterEncodingFilter matched:
      - @ConditionalOnMissingBean (types: org.springframework.web.filter.CharacterEncodingFilter; SearchStrategy: all) did not find any beans (OnBeanCondition)

   HttpMessageConvertersAutoConfiguration matched:
      - @ConditionalOnClass found required class 'org.springframework.http.converter.HttpMessageConverter' (OnClassCondition)
      - NoneNestedConditions 0 matched 1 did not; NestedCondition on HttpMessageConvertersAutoConfiguration.NotReactiveWebApplicationCondition.ReactiveWebApplication did not find reactive web application classes (HttpMessageConvertersAutoConfiguration.NotReactiveWebApplicationCondition)

   HttpMessageConvertersAutoConfiguration#messageConverters matched:
      - @ConditionalOnMissingBean (types: org.springframework.boot.autoconfigure.http.HttpMessageConverters; SearchStrategy: all) did not find any beans (OnBeanCondition)

   HttpMessageConvertersAutoConfiguration.StringHttpMessageConverterConfiguration matched:
      - @ConditionalOnClass found required class 'org.springframework.http.converter.StringHttpMessageConverter' (OnClassCondition)

   HttpMessageConvertersAutoConfiguration.StringHttpMessageConverterConfiguration#stringHttpMessageConverter matched:
      - @ConditionalOnMissingBean (types: org.springframework.http.converter.StringHttpMessageConverter; SearchStrategy: all) did not find any beans (OnBeanCondition)

   JacksonAutoConfiguration matched:
      - @ConditionalOnClass found required class 'com.fasterxml.jackson.databind.ObjectMapper' (OnClassCondition)

   JacksonAutoConfiguration.Jackson2ObjectMapperBuilderCustomizerConfiguration matched:
      - @ConditionalOnClass found required class 'org.springframework.http.converter.json.Jackson2ObjectMapperBuilder' (OnClassCondition)

   JacksonAutoConfiguration.JacksonObjectMapperBuilderConfiguration matched:
      - @ConditionalOnClass found required class 'org.springframework.http.converter.json.Jackson2ObjectMapperBuilder' (OnClassCondition)

   JacksonAutoConfiguration.JacksonObjectMapperBuilderConfiguration#jacksonObjectMapperBuilder matched:
      - @ConditionalOnMissingBean (types: org.springframework.http.converter.json.Jackson2ObjectMapperBuilder; SearchStrategy: all) did not find any beans (OnBeanCondition)

   JacksonAutoConfiguration.JacksonObjectMapperConfiguration matched:
      - @ConditionalOnClass found required class 'org.springframework.http.converter.json.Jackson2ObjectMapperBuilder' (OnClassCondition)

   JacksonAutoConfiguration.JacksonObjectMapperConfiguration#jacksonObjectMapper matched:
      - @ConditionalOnMissingBean (types: com.fasterxml.jackson.databind.ObjectMapper; SearchStrategy: all) did not find any beans (OnBeanCondition)

   JacksonAutoConfiguration.ParameterNamesModuleConfiguration matched:
      - @ConditionalOnClass found required class 'com.fasterxml.jackson.module.paramnames.ParameterNamesModule' (OnClassCondition)

   JacksonAutoConfiguration.ParameterNamesModuleConfiguration#parameterNamesModule matched:
      - @ConditionalOnMissingBean (types: com.fasterxml.jackson.module.paramnames.ParameterNamesModule; SearchStrategy: all) did not find any beans (OnBeanCondition)

   JacksonEndpointAutoConfiguration#endpointObjectMapper matched:
      - @ConditionalOnClass found required classes 'com.fasterxml.jackson.databind.ObjectMapper', 'org.springframework.http.converter.json.Jackson2ObjectMapperBuilder' (OnClassCondition)
      - @ConditionalOnProperty (management.endpoints.jackson.isolated-object-mapper) matched (OnPropertyCondition)

   JacksonHttpMessageConvertersConfiguration.MappingJackson2HttpMessageConverterConfiguration matched:
      - @ConditionalOnClass found required class 'com.fasterxml.jackson.databind.ObjectMapper' (OnClassCondition)
      - @ConditionalOnProperty (spring.mvc.converters.preferred-json-mapper=jackson) matched (OnPropertyCondition)
      - @ConditionalOnBean (types: com.fasterxml.jackson.databind.ObjectMapper; SearchStrategy: all) found bean 'jacksonObjectMapper' (OnBeanCondition)

   JacksonHttpMessageConvertersConfiguration.MappingJackson2HttpMessageConverterConfiguration#mappingJackson2HttpMessageConverter matched:
      - @ConditionalOnMissingBean (types: org.springframework.http.converter.json.MappingJackson2HttpMessageConverter ignored: org.springframework.hateoas.server.mvc.TypeConstrainedMappingJackson2HttpMessageConverter,org.springframework.data.rest.webmvc.alps.AlpsJsonHttpMessageConverter; SearchStrategy: all) did not find any beans (OnBeanCondition)

   JdbcClientAutoConfiguration matched:
      - @ConditionalOnSingleCandidate (types: org.springframework.jdbc.core.namedparam.NamedParameterJdbcTemplate; SearchStrategy: all) found a single bean 'namedParameterJdbcTemplate'; @ConditionalOnMissingBean (types: org.springframework.jdbc.core.simple.JdbcClient; SearchStrategy: all) did not find any beans (OnBeanCondition)

   JdbcTemplateAutoConfiguration matched:
      - @ConditionalOnClass found required classes 'javax.sql.DataSource', 'org.springframework.jdbc.core.JdbcTemplate' (OnClassCondition)
      - @ConditionalOnSingleCandidate (types: javax.sql.DataSource; SearchStrategy: all) found a single bean 'dataSource' (OnBeanCondition)

   JdbcTemplateConfiguration matched:
      - @ConditionalOnMissingBean (types: org.springframework.jdbc.core.JdbcOperations; SearchStrategy: all) did not find any beans (OnBeanCondition)

   JpaBaseConfiguration#entityManagerFactory matched:
      - @ConditionalOnMissingBean (types: org.springframework.orm.jpa.LocalContainerEntityManagerFactoryBean,jakarta.persistence.EntityManagerFactory; SearchStrategy: all) did not find any beans (OnBeanCondition)

   JpaBaseConfiguration#entityManagerFactoryBuilder matched:
      - @ConditionalOnMissingBean (types: org.springframework.boot.orm.jpa.EntityManagerFactoryBuilder; SearchStrategy: all) did not find any beans (OnBeanCondition)

   JpaBaseConfiguration#jpaVendorAdapter matched:
      - @ConditionalOnMissingBean (types: org.springframework.orm.jpa.JpaVendorAdapter; SearchStrategy: all) did not find any beans (OnBeanCondition)

   JpaBaseConfiguration#transactionManager matched:
      - @ConditionalOnMissingBean (types: org.springframework.transaction.TransactionManager; SearchStrategy: all) did not find any beans (OnBeanCondition)

   JpaBaseConfiguration.PersistenceManagedTypesConfiguration matched:
      - @ConditionalOnMissingBean (types: org.springframework.orm.jpa.LocalContainerEntityManagerFactoryBean,jakarta.persistence.EntityManagerFactory; SearchStrategy: all) did not find any beans (OnBeanCondition)

   JpaBaseConfiguration.PersistenceManagedTypesConfiguration#persistenceManagedTypes matched:
      - @ConditionalOnMissingBean (types: org.springframework.orm.jpa.persistenceunit.PersistenceManagedTypes; SearchStrategy: all) did not find any beans (OnBeanCondition)

   JpaRepositoriesAutoConfiguration matched:
      - @ConditionalOnClass found required class 'org.springframework.data.jpa.repository.JpaRepository' (OnClassCondition)
      - @ConditionalOnProperty (spring.data.jpa.repositories.enabled=true) matched (OnPropertyCondition)
      - @ConditionalOnBean (types: javax.sql.DataSource; SearchStrategy: all) found bean 'dataSource'; @ConditionalOnMissingBean (types: org.springframework.data.jpa.repository.support.JpaRepositoryFactoryBean,org.springframework.data.jpa.repository.config.JpaRepositoryConfigExtension; SearchStrategy: all) did not find any beans (OnBeanCondition)

   JtaAutoConfiguration matched:
      - @ConditionalOnClass found required class 'jakarta.transaction.Transaction' (OnClassCondition)
      - @ConditionalOnProperty (spring.jta.enabled) matched (OnPropertyCondition)

   JvmMetricsAutoConfiguration matched:
      - @ConditionalOnClass found required class 'io.micrometer.core.instrument.MeterRegistry' (OnClassCondition)
      - @ConditionalOnBean (types: io.micrometer.core.instrument.MeterRegistry; SearchStrategy: all) found bean 'simpleMeterRegistry' (OnBeanCondition)

   JvmMetricsAutoConfiguration#classLoaderMetrics matched:
      - @ConditionalOnMissingBean (types: io.micrometer.core.instrument.binder.jvm.ClassLoaderMetrics; SearchStrategy: all) did not find any beans (OnBeanCondition)

   JvmMetricsAutoConfiguration#jvmCompilationMetrics matched:
      - @ConditionalOnMissingBean (types: io.micrometer.core.instrument.binder.jvm.JvmCompilationMetrics; SearchStrategy: all) did not find any beans (OnBeanCondition)

   JvmMetricsAutoConfiguration#jvmGcMetrics matched:
      - @ConditionalOnMissingBean (types: io.micrometer.core.instrument.binder.jvm.JvmGcMetrics; SearchStrategy: all) did not find any beans (OnBeanCondition)

   JvmMetricsAutoConfiguration#jvmHeapPressureMetrics matched:
      - @ConditionalOnMissingBean (types: io.micrometer.core.instrument.binder.jvm.JvmHeapPressureMetrics; SearchStrategy: all) did not find any beans (OnBeanCondition)

   JvmMetricsAutoConfiguration#jvmInfoMetrics matched:
      - @ConditionalOnMissingBean (types: io.micrometer.core.instrument.binder.jvm.JvmInfoMetrics; SearchStrategy: all) did not find any beans (OnBeanCondition)

   JvmMetricsAutoConfiguration#jvmMemoryMetrics matched:
      - @ConditionalOnMissingBean (types: io.micrometer.core.instrument.binder.jvm.JvmMemoryMetrics; SearchStrategy: all) did not find any beans (OnBeanCondition)

   JvmMetricsAutoConfiguration#jvmThreadMetrics matched:
      - @ConditionalOnMissingBean (types: io.micrometer.core.instrument.binder.jvm.JvmThreadMetrics; SearchStrategy: all) did not find any beans (OnBeanCondition)

   LifecycleAutoConfiguration#defaultLifecycleProcessor matched:
      - @ConditionalOnMissingBean (names: lifecycleProcessor; SearchStrategy: current) did not find any beans (OnBeanCondition)

   LogbackMetricsAutoConfiguration matched:
      - @ConditionalOnClass found required classes 'io.micrometer.core.instrument.MeterRegistry', 'ch.qos.logback.classic.LoggerContext', 'org.slf4j.LoggerFactory' (OnClassCondition)
      - LogbackLoggingCondition ILoggerFactory is a Logback LoggerContext (LogbackMetricsAutoConfiguration.LogbackLoggingCondition)
      - @ConditionalOnBean (types: io.micrometer.core.instrument.MeterRegistry; SearchStrategy: all) found bean 'simpleMeterRegistry' (OnBeanCondition)

   LogbackMetricsAutoConfiguration#logbackMetrics matched:
      - @ConditionalOnMissingBean (types: io.micrometer.core.instrument.binder.logging.LogbackMetrics; SearchStrategy: all) did not find any beans (OnBeanCondition)

   MailSenderAutoConfiguration matched:
      - @ConditionalOnClass found required classes 'jakarta.mail.internet.MimeMessage', 'jakarta.activation.MimeType', 'org.springframework.mail.MailSender' (OnClassCondition)
      - AnyNestedCondition 1 matched 1 did not; NestedCondition on MailSenderAutoConfiguration.MailSenderCondition.JndiNameProperty @ConditionalOnProperty (spring.mail.jndi-name) did not find property 'jndi-name'; NestedCondition on MailSenderAutoConfiguration.MailSenderCondition.HostProperty @ConditionalOnProperty (spring.mail.host) matched (MailSenderAutoConfiguration.MailSenderCondition)
      - @ConditionalOnMissingBean (types: org.springframework.mail.MailSender; SearchStrategy: all) did not find any beans (OnBeanCondition)

   MailSenderPropertiesConfiguration matched:
      - @ConditionalOnProperty (spring.mail.host) matched (OnPropertyCondition)

   MailSenderPropertiesConfiguration#mailSender matched:
      - @ConditionalOnMissingBean (types: org.springframework.mail.javamail.JavaMailSender; SearchStrategy: all) did not find any beans (OnBeanCondition)

   ManagementContextAutoConfiguration.SameManagementContextConfiguration matched:
      - Management Port actual port type (SAME) matched required type (OnManagementPortCondition)

   MetricsAutoConfiguration matched:
      - @ConditionalOnClass found required class 'io.micrometer.core.annotation.Timed' (OnClassCondition)

   MetricsAutoConfiguration#micrometerClock matched:
      - @ConditionalOnMissingBean (types: io.micrometer.core.instrument.Clock; SearchStrategy: all) did not find any beans (OnBeanCondition)

   MultipartAutoConfiguration matched:
      - @ConditionalOnClass found required classes 'jakarta.servlet.Servlet', 'org.springframework.web.multipart.support.StandardServletMultipartResolver', 'jakarta.servlet.MultipartConfigElement' (OnClassCondition)
      - found 'session' scope (OnWebApplicationCondition)
      - @ConditionalOnProperty (spring.servlet.multipart.enabled) matched (OnPropertyCondition)

   MultipartAutoConfiguration#multipartConfigElement matched:
      - @ConditionalOnMissingBean (types: jakarta.servlet.MultipartConfigElement; SearchStrategy: all) did not find any beans (OnBeanCondition)

   MultipartAutoConfiguration#multipartResolver matched:
      - @ConditionalOnMissingBean (types: org.springframework.web.multipart.MultipartResolver; SearchStrategy: all) did not find any beans (OnBeanCondition)

   NamedParameterJdbcTemplateConfiguration matched:
      - @ConditionalOnSingleCandidate (types: org.springframework.jdbc.core.JdbcTemplate; SearchStrategy: all) found a single bean 'jdbcTemplate'; @ConditionalOnMissingBean (types: org.springframework.jdbc.core.namedparam.NamedParameterJdbcOperations; SearchStrategy: all) did not find any beans (OnBeanCondition)

   NettyAutoConfiguration matched:
      - @ConditionalOnClass found required class 'io.netty.util.NettyRuntime' (OnClassCondition)

   NoOpCacheConfiguration matched:
      - Cache org.springframework.boot.autoconfigure.cache.NoOpCacheConfiguration automatic cache type (CacheCondition)

   ObservationAutoConfiguration matched:
      - @ConditionalOnClass found required class 'io.micrometer.observation.ObservationRegistry' (OnClassCondition)

   ObservationAutoConfiguration#observationRegistry matched:
      - @ConditionalOnMissingBean (types: io.micrometer.observation.ObservationRegistry; SearchStrategy: all) did not find any beans (OnBeanCondition)

   ObservationAutoConfiguration.MeterObservationHandlerConfiguration matched:
      - @ConditionalOnBean (types: io.micrometer.core.instrument.MeterRegistry; SearchStrategy: all) found bean 'simpleMeterRegistry'; @ConditionalOnMissingBean (types: io.micrometer.core.instrument.observation.MeterObservationHandler; SearchStrategy: all) did not find any beans (OnBeanCondition)

   ObservationAutoConfiguration.MeterObservationHandlerConfiguration.OnlyMetricsMeterObservationHandlerConfiguration matched:
      - @ConditionalOnMissingBean (types: io.micrometer.tracing.Tracer; SearchStrategy: all) did not find any beans (OnBeanCondition)

   ObservationAutoConfiguration.ObservedAspectConfiguration matched:
      - @ConditionalOnClass found required class 'org.aspectj.weaver.Advice' (OnClassCondition)

   ObservationAutoConfiguration.ObservedAspectConfiguration#observedAspect matched:
      - @ConditionalOnMissingBean (types: io.micrometer.observation.aop.ObservedAspect; SearchStrategy: all) did not find any beans (OnBeanCondition)

   ObservationAutoConfiguration.OnlyMetricsConfiguration matched:
      - @ConditionalOnClass found required class 'io.micrometer.core.instrument.MeterRegistry'; @ConditionalOnMissingClass did not find unwanted class 'io.micrometer.tracing.Tracer' (OnClassCondition)

   PersistenceExceptionTranslationAutoConfiguration matched:
      - @ConditionalOnClass found required class 'org.springframework.dao.annotation.PersistenceExceptionTranslationPostProcessor' (OnClassCondition)

   PersistenceExceptionTranslationAutoConfiguration#persistenceExceptionTranslationPostProcessor matched:
      - @ConditionalOnProperty (spring.dao.exceptiontranslation.enabled) matched (OnPropertyCondition)
      - @ConditionalOnMissingBean (types: org.springframework.dao.annotation.PersistenceExceptionTranslationPostProcessor; SearchStrategy: all) did not find any beans (OnBeanCondition)

   PropertyPlaceholderAutoConfiguration#propertySourcesPlaceholderConfigurer matched:
      - @ConditionalOnMissingBean (types: org.springframework.context.support.PropertySourcesPlaceholderConfigurer; SearchStrategy: current) did not find any beans (OnBeanCondition)

   RepositoryMetricsAutoConfiguration matched:
      - @ConditionalOnClass found required class 'org.springframework.data.repository.Repository' (OnClassCondition)
      - @ConditionalOnBean (types: io.micrometer.core.instrument.MeterRegistry; SearchStrategy: all) found bean 'simpleMeterRegistry' (OnBeanCondition)

   RepositoryMetricsAutoConfiguration#metricsRepositoryMethodInvocationListener matched:
      - @ConditionalOnMissingBean (types: org.springframework.boot.actuate.metrics.data.MetricsRepositoryMethodInvocationListener; SearchStrategy: all) did not find any beans (OnBeanCondition)

   RepositoryMetricsAutoConfiguration#repositoryTagsProvider matched:
      - @ConditionalOnMissingBean (types: org.springframework.boot.actuate.metrics.data.RepositoryTagsProvider; SearchStrategy: all) did not find any beans (OnBeanCondition)

   RestClientAutoConfiguration matched:
      - @ConditionalOnClass found required class 'org.springframework.web.client.RestClient' (OnClassCondition)
      - NoneNestedConditions 0 matched 1 did not; NestedCondition on NotReactiveWebApplicationCondition.ReactiveWebApplication did not find reactive web application classes (NotReactiveWebApplicationCondition)

   RestClientAutoConfiguration#httpMessageConvertersRestClientCustomizer matched:
      - @ConditionalOnMissingBean (types: org.springframework.boot.autoconfigure.web.client.HttpMessageConvertersRestClientCustomizer; SearchStrategy: all) did not find any beans (OnBeanCondition)

   RestClientAutoConfiguration#restClientBuilder matched:
      - @ConditionalOnMissingBean (types: org.springframework.web.client.RestClient$Builder; SearchStrategy: all) did not find any beans (OnBeanCondition)

   RestClientAutoConfiguration#restClientBuilderConfigurer matched:
      - @ConditionalOnMissingBean (types: org.springframework.boot.autoconfigure.web.client.RestClientBuilderConfigurer; SearchStrategy: all) did not find any beans (OnBeanCondition)

   RestClientAutoConfiguration#restClientSsl matched:
      - @ConditionalOnBean (types: org.springframework.boot.ssl.SslBundles; SearchStrategy: all) found bean 'sslBundleRegistry'; @ConditionalOnMissingBean (types: org.springframework.boot.autoconfigure.web.client.RestClientSsl; SearchStrategy: all) did not find any beans (OnBeanCondition)

   RestClientObservationConfiguration matched:
      - @ConditionalOnClass found required class 'org.springframework.web.client.RestClient' (OnClassCondition)
      - @ConditionalOnBean (types: org.springframework.web.client.RestClient$Builder; SearchStrategy: all) found bean 'restClientBuilder' (OnBeanCondition)

   RestTemplateAutoConfiguration matched:
      - @ConditionalOnClass found required class 'org.springframework.web.client.RestTemplate' (OnClassCondition)
      - NoneNestedConditions 0 matched 1 did not; NestedCondition on NotReactiveWebApplicationCondition.ReactiveWebApplication did not find reactive web application classes (NotReactiveWebApplicationCondition)

   RestTemplateAutoConfiguration#restTemplateBuilder matched:
      - @ConditionalOnMissingBean (types: org.springframework.boot.web.client.RestTemplateBuilder; SearchStrategy: all) did not find any beans (OnBeanCondition)

   RestTemplateObservationConfiguration matched:
      - @ConditionalOnClass found required class 'org.springframework.web.client.RestTemplate' (OnClassCondition)
      - @ConditionalOnBean (types: org.springframework.boot.web.client.RestTemplateBuilder; SearchStrategy: all) found bean 'restTemplateBuilder' (OnBeanCondition)

   ScheduledTasksObservabilityAutoConfiguration matched:
      - @ConditionalOnClass found required class 'org.springframework.scheduling.concurrent.ThreadPoolTaskScheduler' (OnClassCondition)
      - @ConditionalOnBean (types: io.micrometer.observation.ObservationRegistry; SearchStrategy: all) found bean 'observationRegistry' (OnBeanCondition)

   SecurityAutoConfiguration matched:
      - @ConditionalOnClass found required class 'org.springframework.security.authentication.DefaultAuthenticationEventPublisher' (OnClassCondition)

   SecurityAutoConfiguration#authenticationEventPublisher matched:
      - @ConditionalOnMissingBean (types: org.springframework.security.authentication.AuthenticationEventPublisher; SearchStrategy: all) did not find any beans (OnBeanCondition)

   SecurityFilterAutoConfiguration matched:
      - @ConditionalOnClass found required classes 'org.springframework.security.web.context.AbstractSecurityWebApplicationInitializer', 'org.springframework.security.config.http.SessionCreationPolicy' (OnClassCondition)
      - found 'session' scope (OnWebApplicationCondition)

   SecurityFilterAutoConfiguration#securityFilterChainRegistration matched:
      - @ConditionalOnBean (names: springSecurityFilterChain; SearchStrategy: all) found bean 'springSecurityFilterChain' (OnBeanCondition)

   SecurityRequestMatchersManagementContextConfiguration matched:
      - @ConditionalOnClass found required class 'org.springframework.security.web.util.matcher.RequestMatcher' (OnClassCondition)
      - found 'session' scope (OnWebApplicationCondition)

   SecurityRequestMatchersManagementContextConfiguration.MvcRequestMatcherConfiguration matched:
      - @ConditionalOnClass found required class 'org.springframework.web.servlet.DispatcherServlet' (OnClassCondition)
      - @ConditionalOnBean (types: org.springframework.boot.autoconfigure.web.servlet.DispatcherServletPath; SearchStrategy: all) found bean 'dispatcherServletRegistration' (OnBeanCondition)

   SecurityRequestMatchersManagementContextConfiguration.MvcRequestMatcherConfiguration#requestMatcherProvider matched:
      - @ConditionalOnClass found required class 'org.springframework.web.servlet.DispatcherServlet' (OnClassCondition)
      - @ConditionalOnMissingBean (types: org.springframework.boot.autoconfigure.security.servlet.RequestMatcherProvider; SearchStrategy: all) did not find any beans (OnBeanCondition)

   ServletEndpointManagementContextConfiguration matched:
      - found 'session' scope (OnWebApplicationCondition)

   ServletEndpointManagementContextConfiguration.WebMvcServletEndpointManagementContextConfiguration matched:
      - @ConditionalOnClass found required class 'org.springframework.web.servlet.DispatcherServlet' (OnClassCondition)

   ServletManagementContextAutoConfiguration matched:
      - @ConditionalOnClass found required class 'jakarta.servlet.Servlet' (OnClassCondition)
      - found 'session' scope (OnWebApplicationCondition)

   ServletWebServerFactoryAutoConfiguration matched:
      - @ConditionalOnClass found required class 'jakarta.servlet.ServletRequest' (OnClassCondition)
      - found 'session' scope (OnWebApplicationCondition)

   ServletWebServerFactoryAutoConfiguration#tomcatServletWebServerFactoryCustomizer matched:
      - @ConditionalOnClass found required class 'org.apache.catalina.startup.Tomcat' (OnClassCondition)

   ServletWebServerFactoryConfiguration.EmbeddedTomcat matched:
      - @ConditionalOnClass found required classes 'jakarta.servlet.Servlet', 'org.apache.catalina.startup.Tomcat', 'org.apache.coyote.UpgradeProtocol' (OnClassCondition)
      - @ConditionalOnMissingBean (types: org.springframework.boot.web.servlet.server.ServletWebServerFactory; SearchStrategy: current) did not find any beans (OnBeanCondition)

   SimpleCacheConfiguration matched:
      - Cache org.springframework.boot.autoconfigure.cache.SimpleCacheConfiguration automatic cache type (CacheCondition)

   SimpleMetricsExportAutoConfiguration matched:
      - @ConditionalOnEnabledMetricsExport management.defaults.metrics.export.enabled is considered true (OnMetricsExportEnabledCondition)
      - @ConditionalOnBean (types: io.micrometer.core.instrument.Clock; SearchStrategy: all) found bean 'micrometerClock'; @ConditionalOnMissingBean (types: io.micrometer.core.instrument.MeterRegistry; SearchStrategy: all) did not find any beans (OnBeanCondition)

   SimpleMetricsExportAutoConfiguration#simpleConfig matched:
      - @ConditionalOnMissingBean (types: io.micrometer.core.instrument.simple.SimpleConfig; SearchStrategy: all) did not find any beans (OnBeanCondition)

   SpringBootWebSecurityConfiguration matched:
      - found 'session' scope (OnWebApplicationCondition)

   SpringBootWebSecurityConfiguration.WebSecurityEnablerConfiguration matched:
      - @ConditionalOnClass found required class 'org.springframework.security.config.annotation.web.configuration.EnableWebSecurity' (OnClassCondition)
      - @ConditionalOnMissingBean (names: springSecurityFilterChain; SearchStrategy: all) did not find any beans (OnBeanCondition)

   SpringDataWebAutoConfiguration matched:
      - @ConditionalOnClass found required classes 'org.springframework.data.web.PageableHandlerMethodArgumentResolver', 'org.springframework.web.servlet.config.annotation.WebMvcConfigurer' (OnClassCondition)
      - found 'session' scope (OnWebApplicationCondition)
      - @ConditionalOnMissingBean (types: org.springframework.data.web.PageableHandlerMethodArgumentResolver; SearchStrategy: all) did not find any beans (OnBeanCondition)

   SpringDataWebAutoConfiguration#pageableCustomizer matched:
      - @ConditionalOnMissingBean (types: org.springframework.data.web.config.PageableHandlerMethodArgumentResolverCustomizer; SearchStrategy: all) did not find any beans (OnBeanCondition)

   SpringDataWebAutoConfiguration#sortCustomizer matched:
      - @ConditionalOnMissingBean (types: org.springframework.data.web.config.SortHandlerMethodArgumentResolverCustomizer; SearchStrategy: all) did not find any beans (OnBeanCondition)

   SqlInitializationAutoConfiguration matched:
      - @ConditionalOnProperty (spring.sql.init.enabled) matched (OnPropertyCondition)
      - NoneNestedConditions 0 matched 1 did not; NestedCondition on SqlInitializationAutoConfiguration.SqlInitializationModeCondition.ModeIsNever @ConditionalOnProperty (spring.sql.init.mode=never) did not find property 'mode' (SqlInitializationAutoConfiguration.SqlInitializationModeCondition)

   SslAutoConfiguration#sslBundleRegistry matched:
      - @ConditionalOnMissingBean (types: org.springframework.boot.ssl.SslBundleRegistry,org.springframework.boot.ssl.SslBundles; SearchStrategy: all) did not find any beans (OnBeanCondition)

   StartupTimeMetricsListenerAutoConfiguration matched:
      - @ConditionalOnClass found required class 'io.micrometer.core.instrument.MeterRegistry' (OnClassCondition)
      - @ConditionalOnBean (types: io.micrometer.core.instrument.MeterRegistry; SearchStrategy: all) found bean 'simpleMeterRegistry' (OnBeanCondition)

   StartupTimeMetricsListenerAutoConfiguration#startupTimeMetrics matched:
      - @ConditionalOnMissingBean (types: org.springframework.boot.actuate.metrics.startup.StartupTimeMetricsListener; SearchStrategy: all) did not find any beans (OnBeanCondition)

   SystemMetricsAutoConfiguration matched:
      - @ConditionalOnClass found required class 'io.micrometer.core.instrument.MeterRegistry' (OnClassCondition)
      - @ConditionalOnBean (types: io.micrometer.core.instrument.MeterRegistry; SearchStrategy: all) found bean 'simpleMeterRegistry' (OnBeanCondition)

   SystemMetricsAutoConfiguration#diskSpaceMetrics matched:
      - @ConditionalOnMissingBean (types: org.springframework.boot.actuate.metrics.system.DiskSpaceMetricsBinder; SearchStrategy: all) did not find any beans (OnBeanCondition)

   SystemMetricsAutoConfiguration#fileDescriptorMetrics matched:
      - @ConditionalOnMissingBean (types: io.micrometer.core.instrument.binder.system.FileDescriptorMetrics; SearchStrategy: all) did not find any beans (OnBeanCondition)

   SystemMetricsAutoConfiguration#processorMetrics matched:
      - @ConditionalOnMissingBean (types: io.micrometer.core.instrument.binder.system.ProcessorMetrics; SearchStrategy: all) did not find any beans (OnBeanCondition)

   SystemMetricsAutoConfiguration#uptimeMetrics matched:
      - @ConditionalOnMissingBean (types: io.micrometer.core.instrument.binder.system.UptimeMetrics; SearchStrategy: all) did not find any beans (OnBeanCondition)

   TaskExecutionAutoConfiguration matched:
      - @ConditionalOnClass found required class 'org.springframework.scheduling.concurrent.ThreadPoolTaskExecutor' (OnClassCondition)

   TaskExecutorConfigurations.SimpleAsyncTaskExecutorBuilderConfiguration#simpleAsyncTaskExecutorBuilder matched:
      - @ConditionalOnMissingBean (types: org.springframework.boot.task.SimpleAsyncTaskExecutorBuilder; SearchStrategy: all) did not find any beans (OnBeanCondition)
      - @ConditionalOnThreading found PLATFORM (OnThreadingCondition)

   TaskExecutorConfigurations.TaskExecutorBuilderConfiguration#taskExecutorBuilder matched:
      - @ConditionalOnMissingBean (types: org.springframework.boot.task.TaskExecutorBuilder; SearchStrategy: all) did not find any beans (OnBeanCondition)

   TaskExecutorConfigurations.ThreadPoolTaskExecutorBuilderConfiguration#threadPoolTaskExecutorBuilder matched:
      - @ConditionalOnMissingBean (types: org.springframework.boot.task.TaskExecutorBuilder,org.springframework.boot.task.ThreadPoolTaskExecutorBuilder; SearchStrategy: all) did not find any beans (OnBeanCondition)

   TaskExecutorMetricsAutoConfiguration matched:
      - @ConditionalOnClass found required class 'io.micrometer.core.instrument.binder.jvm.ExecutorServiceMetrics' (OnClassCondition)
      - @ConditionalOnBean (types: java.util.concurrent.Executor,io.micrometer.core.instrument.MeterRegistry; SearchStrategy: all) found beans 'emailTaskExecutor', 'simpleMeterRegistry' (OnBeanCondition)

   TaskSchedulingAutoConfiguration matched:
      - @ConditionalOnClass found required class 'org.springframework.scheduling.concurrent.ThreadPoolTaskScheduler' (OnClassCondition)

   TaskSchedulingConfigurations.SimpleAsyncTaskSchedulerBuilderConfiguration#simpleAsyncTaskSchedulerBuilder matched:
      - @ConditionalOnMissingBean (types: org.springframework.boot.task.SimpleAsyncTaskSchedulerBuilder; SearchStrategy: all) did not find any beans (OnBeanCondition)
      - @ConditionalOnThreading found PLATFORM (OnThreadingCondition)

   TaskSchedulingConfigurations.TaskSchedulerBuilderConfiguration#taskSchedulerBuilder matched:
      - @ConditionalOnMissingBean (types: org.springframework.boot.task.TaskSchedulerBuilder; SearchStrategy: all) did not find any beans (OnBeanCondition)

   TaskSchedulingConfigurations.ThreadPoolTaskSchedulerBuilderConfiguration#threadPoolTaskSchedulerBuilder matched:
      - @ConditionalOnMissingBean (types: org.springframework.boot.task.TaskSchedulerBuilder,org.springframework.boot.task.ThreadPoolTaskSchedulerBuilder; SearchStrategy: all) did not find any beans (OnBeanCondition)

   TomcatMetricsAutoConfiguration matched:
      - @ConditionalOnClass found required classes 'io.micrometer.core.instrument.binder.tomcat.TomcatMetrics', 'org.apache.catalina.Manager' (OnClassCondition)
      - @ConditionalOnWebApplication (required) found 'session' scope (OnWebApplicationCondition)

   TomcatMetricsAutoConfiguration#tomcatMetricsBinder matched:
      - @ConditionalOnBean (types: io.micrometer.core.instrument.MeterRegistry; SearchStrategy: all) found bean 'simpleMeterRegistry'; @ConditionalOnMissingBean (types: io.micrometer.core.instrument.binder.tomcat.TomcatMetrics,org.springframework.boot.actuate.metrics.web.tomcat.TomcatMetricsBinder; SearchStrategy: all) did not find any beans (OnBeanCondition)

   TransactionAutoConfiguration matched:
      - @ConditionalOnClass found required class 'org.springframework.transaction.PlatformTransactionManager' (OnClassCondition)

   TransactionAutoConfiguration.EnableTransactionManagementConfiguration matched:
      - @ConditionalOnBean (types: org.springframework.transaction.TransactionManager; SearchStrategy: all) found bean 'transactionManager'; @ConditionalOnMissingBean (types: org.springframework.transaction.annotation.AbstractTransactionManagementConfiguration; SearchStrategy: all) did not find any beans (OnBeanCondition)

   TransactionAutoConfiguration.EnableTransactionManagementConfiguration.CglibAutoProxyConfiguration matched:
      - @ConditionalOnProperty (spring.aop.proxy-target-class=true) matched (OnPropertyCondition)

   TransactionAutoConfiguration.TransactionTemplateConfiguration matched:
      - @ConditionalOnSingleCandidate (types: org.springframework.transaction.PlatformTransactionManager; SearchStrategy: all) found a single bean 'transactionManager' (OnBeanCondition)

   TransactionAutoConfiguration.TransactionTemplateConfiguration#transactionTemplate matched:
      - @ConditionalOnMissingBean (types: org.springframework.transaction.support.TransactionOperations; SearchStrategy: all) did not find any beans (OnBeanCondition)

   TransactionManagerCustomizationAutoConfiguration matched:
      - @ConditionalOnClass found required class 'org.springframework.transaction.PlatformTransactionManager' (OnClassCondition)

   TransactionManagerCustomizationAutoConfiguration#platformTransactionManagerCustomizers matched:
      - @ConditionalOnMissingBean (types: org.springframework.boot.autoconfigure.transaction.TransactionManagerCustomizers; SearchStrategy: all) did not find any beans (OnBeanCondition)

   UserDetailsServiceAutoConfiguration matched:
      - @ConditionalOnClass found required class 'org.springframework.security.authentication.AuthenticationManager' (OnClassCondition)
      - AnyNestedCondition 1 matched 2 did not; NestedCondition on UserDetailsServiceAutoConfiguration.MissingAlternativeOrUserPropertiesConfigured.PasswordConfigured @ConditionalOnProperty (spring.security.user.password) did not find property 'password'; NestedCondition on UserDetailsServiceAutoConfiguration.MissingAlternativeOrUserPropertiesConfigured.NameConfigured @ConditionalOnProperty (spring.security.user.name) did not find property 'name'; NestedCondition on UserDetailsServiceAutoConfiguration.MissingAlternativeOrUserPropertiesConfigured.MissingAlternative @ConditionalOnMissingClass did not find unwanted classes 'org.springframework.security.oauth2.client.registration.ClientRegistrationRepository', 'org.springframework.security.oauth2.server.resource.introspection.OpaqueTokenIntrospector', 'org.springframework.security.saml2.provider.service.registration.RelyingPartyRegistrationRepository' (UserDetailsServiceAutoConfiguration.MissingAlternativeOrUserPropertiesConfigured)
      - @ConditionalOnBean (types: org.springframework.security.config.annotation.ObjectPostProcessor; SearchStrategy: all) found bean 'objectPostProcessor'; @ConditionalOnMissingBean (types: org.springframework.security.authentication.AuthenticationManager,org.springframework.security.authentication.AuthenticationProvider,org.springframework.security.core.userdetails.UserDetailsService,org.springframework.security.authentication.AuthenticationManagerResolver,org.springframework.security.oauth2.jwt.JwtDecoder; SearchStrategy: all) did not find any beans (OnBeanCondition)

   ValidationAutoConfiguration matched:
      - @ConditionalOnClass found required class 'jakarta.validation.executable.ExecutableValidator' (OnClassCondition)
      - @ConditionalOnResource found location classpath:META-INF/services/jakarta.validation.spi.ValidationProvider (OnResourceCondition)

   ValidationAutoConfiguration#defaultValidator matched:
      - @ConditionalOnMissingBean (types: jakarta.validation.Validator; SearchStrategy: all) did not find any beans (OnBeanCondition)

   ValidationAutoConfiguration#methodValidationPostProcessor matched:
      - @ConditionalOnMissingBean (types: org.springframework.validation.beanvalidation.MethodValidationPostProcessor; SearchStrategy: current) did not find any beans (OnBeanCondition)

   WebEndpointAutoConfiguration matched:
      - @ConditionalOnWebApplication (required) found 'session' scope (OnWebApplicationCondition)

   WebEndpointAutoConfiguration#controllerEndpointDiscoverer matched:
      - @ConditionalOnMissingBean (types: org.springframework.boot.actuate.endpoint.web.annotation.ControllerEndpointsSupplier; SearchStrategy: all) did not find any beans (OnBeanCondition)

   WebEndpointAutoConfiguration#endpointMediaTypes matched:
      - @ConditionalOnMissingBean (types: org.springframework.boot.actuate.endpoint.web.EndpointMediaTypes; SearchStrategy: all) did not find any beans (OnBeanCondition)

   WebEndpointAutoConfiguration#pathMappedEndpoints matched:
      - @ConditionalOnMissingBean (types: org.springframework.boot.actuate.endpoint.web.PathMappedEndpoints; SearchStrategy: all) did not find any beans (OnBeanCondition)

   WebEndpointAutoConfiguration#webEndpointDiscoverer matched:
      - @ConditionalOnMissingBean (types: org.springframework.boot.actuate.endpoint.web.WebEndpointsSupplier; SearchStrategy: all) did not find any beans (OnBeanCondition)

   WebEndpointAutoConfiguration.WebEndpointServletConfiguration matched:
      - found 'session' scope (OnWebApplicationCondition)

   WebEndpointAutoConfiguration.WebEndpointServletConfiguration#servletEndpointDiscoverer matched:
      - @ConditionalOnMissingBean (types: org.springframework.boot.actuate.endpoint.web.annotation.ServletEndpointsSupplier; SearchStrategy: all) did not find any beans (OnBeanCondition)

   WebMvcAutoConfiguration matched:
      - @ConditionalOnClass found required classes 'jakarta.servlet.Servlet', 'org.springframework.web.servlet.DispatcherServlet', 'org.springframework.web.servlet.config.annotation.WebMvcConfigurer' (OnClassCondition)
      - found 'session' scope (OnWebApplicationCondition)
      - @ConditionalOnMissingBean (types: org.springframework.web.servlet.config.annotation.WebMvcConfigurationSupport; SearchStrategy: all) did not find any beans (OnBeanCondition)

   WebMvcAutoConfiguration#formContentFilter matched:
      - @ConditionalOnProperty (spring.mvc.formcontent.filter.enabled) matched (OnPropertyCondition)
      - @ConditionalOnMissingBean (types: org.springframework.web.filter.FormContentFilter; SearchStrategy: all) did not find any beans (OnBeanCondition)

   WebMvcAutoConfiguration.EnableWebMvcConfiguration#flashMapManager matched:
      - @ConditionalOnMissingBean (names: flashMapManager; SearchStrategy: all) did not find any beans (OnBeanCondition)

   WebMvcAutoConfiguration.EnableWebMvcConfiguration#localeResolver matched:
      - @ConditionalOnMissingBean (names: localeResolver; SearchStrategy: all) did not find any beans (OnBeanCondition)

   WebMvcAutoConfiguration.EnableWebMvcConfiguration#themeResolver matched:
      - @ConditionalOnMissingBean (names: themeResolver; SearchStrategy: all) did not find any beans (OnBeanCondition)

   WebMvcAutoConfiguration.WebMvcAutoConfigurationAdapter#defaultViewResolver matched:
      - @ConditionalOnMissingBean (types: org.springframework.web.servlet.view.InternalResourceViewResolver; SearchStrategy: all) did not find any beans (OnBeanCondition)

   WebMvcAutoConfiguration.WebMvcAutoConfigurationAdapter#requestContextFilter matched:
      - @ConditionalOnMissingBean (types: org.springframework.web.context.request.RequestContextListener,org.springframework.web.filter.RequestContextFilter; SearchStrategy: all) did not find any beans (OnBeanCondition)

   WebMvcAutoConfiguration.WebMvcAutoConfigurationAdapter#viewResolver matched:
      - @ConditionalOnBean (types: org.springframework.web.servlet.ViewResolver; SearchStrategy: all) found beans 'defaultViewResolver', 'beanNameViewResolver', 'mvcViewResolver'; @ConditionalOnMissingBean (names: viewResolver types: org.springframework.web.servlet.view.ContentNegotiatingViewResolver; SearchStrategy: all) did not find any beans (OnBeanCondition)

   WebMvcEndpointManagementContextConfiguration matched:
      - @ConditionalOnClass found required class 'org.springframework.web.servlet.DispatcherServlet' (OnClassCondition)
      - found 'session' scope (OnWebApplicationCondition)
      - @ConditionalOnBean (types: org.springframework.web.servlet.DispatcherServlet,org.springframework.boot.actuate.endpoint.web.WebEndpointsSupplier; SearchStrategy: all) found beans 'webEndpointDiscoverer', 'dispatcherServlet' (OnBeanCondition)

   WebMvcEndpointManagementContextConfiguration#controllerEndpointHandlerMapping matched:
      - @ConditionalOnMissingBean (types: org.springframework.boot.actuate.endpoint.web.servlet.ControllerEndpointHandlerMapping; SearchStrategy: all) did not find any beans (OnBeanCondition)

   WebMvcEndpointManagementContextConfiguration#endpointObjectMapperWebMvcConfigurer matched:
      - @ConditionalOnBean (types: org.springframework.boot.actuate.endpoint.jackson.EndpointObjectMapper; SearchStrategy: all) found bean 'endpointObjectMapper' (OnBeanCondition)

   WebMvcEndpointManagementContextConfiguration#webEndpointServletHandlerMapping matched:
      - @ConditionalOnMissingBean (types: org.springframework.boot.actuate.endpoint.web.servlet.WebMvcEndpointHandlerMapping; SearchStrategy: all) did not find any beans (OnBeanCondition)

   WebMvcObservationAutoConfiguration matched:
      - @ConditionalOnClass found required classes 'org.springframework.web.servlet.DispatcherServlet', 'io.micrometer.observation.Observation' (OnClassCondition)
      - found 'session' scope (OnWebApplicationCondition)
      - @ConditionalOnBean (types: io.micrometer.observation.ObservationRegistry; SearchStrategy: all) found bean 'observationRegistry' (OnBeanCondition)

   WebMvcObservationAutoConfiguration#webMvcObservationFilter matched:
      - @ConditionalOnMissingBean (types: org.springframework.web.filter.ServerHttpObservationFilter; SearchStrategy: all) did not find any beans (OnBeanCondition)

   WebMvcObservationAutoConfiguration.MeterFilterConfiguration matched:
      - @ConditionalOnClass found required class 'io.micrometer.core.instrument.MeterRegistry' (OnClassCondition)
      - @ConditionalOnBean (types: io.micrometer.core.instrument.MeterRegistry; SearchStrategy: all) found bean 'simpleMeterRegistry' (OnBeanCondition)

   WebSocketServletAutoConfiguration matched:
      - @ConditionalOnClass found required classes 'jakarta.servlet.Servlet', 'jakarta.websocket.server.ServerContainer' (OnClassCondition)
      - found 'session' scope (OnWebApplicationCondition)

   WebSocketServletAutoConfiguration.TomcatWebSocketConfiguration matched:
      - @ConditionalOnClass found required classes 'org.apache.catalina.startup.Tomcat', 'org.apache.tomcat.websocket.server.WsSci' (OnClassCondition)

   WebSocketServletAutoConfiguration.TomcatWebSocketConfiguration#websocketServletWebServerCustomizer matched:
      - @ConditionalOnMissingBean (names: websocketServletWebServerCustomizer; SearchStrategy: all) did not find any beans (OnBeanCondition)


Negative matches:
-----------------

   ActiveMQAutoConfiguration:
      Did not match:
         - @ConditionalOnClass did not find required class 'jakarta.jms.ConnectionFactory' (OnClassCondition)

   AopAutoConfiguration.AspectJAutoProxyingConfiguration.JdkDynamicAutoProxyConfiguration:
      Did not match:
         - @ConditionalOnProperty (spring.aop.proxy-target-class=false) did not find property 'proxy-target-class' (OnPropertyCondition)

   AopAutoConfiguration.ClassProxyingConfiguration:
      Did not match:
         - @ConditionalOnMissingClass found unwanted class 'org.aspectj.weaver.Advice' (OnClassCondition)

   AppOpticsMetricsExportAutoConfiguration:
      Did not match:
         - @ConditionalOnClass did not find required class 'io.micrometer.appoptics.AppOpticsMeterRegistry' (OnClassCondition)

   ArtemisAutoConfiguration:
      Did not match:
         - @ConditionalOnClass did not find required class 'jakarta.jms.ConnectionFactory' (OnClassCondition)

   AtlasMetricsExportAutoConfiguration:
      Did not match:
         - @ConditionalOnClass did not find required class 'io.micrometer.atlas.AtlasMeterRegistry' (OnClassCondition)

   AuditAutoConfiguration:
      Did not match:
         - @ConditionalOnBean (types: org.springframework.boot.actuate.audit.AuditEventRepository; SearchStrategy: all) did not find any beans of type org.springframework.boot.actuate.audit.AuditEventRepository (OnBeanCondition)
      Matched:
         - @ConditionalOnProperty (management.auditevents.enabled) matched (OnPropertyCondition)

   AuditEventsEndpointAutoConfiguration:
      Did not match:
         - @ConditionalOnAvailableEndpoint no 'management.endpoints' property marked it as exposed (OnAvailableEndpointCondition)

   AvailabilityHealthContributorAutoConfiguration#livenessStateHealthIndicator:
      Did not match:
         - @ConditionalOnProperty (management.health.livenessstate.enabled=true) did not find property 'enabled' (OnPropertyCondition)

   AvailabilityHealthContributorAutoConfiguration#readinessStateHealthIndicator:
      Did not match:
         - @ConditionalOnProperty (management.health.readinessstate.enabled=true) did not find property 'enabled' (OnPropertyCondition)

   AvailabilityProbesAutoConfiguration:
      Did not match:
         - Probes availability not running on a supported cloud platform (AvailabilityProbesAutoConfiguration.ProbesCondition)

   BatchAutoConfiguration:
      Did not match:
         - @ConditionalOnClass did not find required class 'org.springframework.batch.core.launch.JobLauncher' (OnClassCondition)

   BatchObservationAutoConfiguration:
      Did not match:
         - @ConditionalOnClass did not find required class 'org.springframework.batch.core.configuration.annotation.BatchObservabilityBeanPostProcessor' (OnClassCondition)

   BeansEndpointAutoConfiguration:
      Did not match:
         - @ConditionalOnAvailableEndpoint no 'management.endpoints' property marked it as exposed (OnAvailableEndpointCondition)

   BraveAutoConfiguration:
      Did not match:
         - @ConditionalOnClass did not find required class 'brave.Tracer' (OnClassCondition)

   Cache2kCacheConfiguration:
      Did not match:
         - @ConditionalOnClass did not find required class 'org.cache2k.Cache2kBuilder' (OnClassCondition)

   CacheAutoConfiguration:
      Did not match:
         - @ConditionalOnBean (types: org.springframework.cache.interceptor.CacheAspectSupport; SearchStrategy: all) did not find any beans of type org.springframework.cache.interceptor.CacheAspectSupport (OnBeanCondition)
      Matched:
         - @ConditionalOnClass found required class 'org.springframework.cache.CacheManager' (OnClassCondition)

   CacheAutoConfiguration.CacheManagerEntityManagerFactoryDependsOnPostProcessor:
      Did not match:
         - Ancestor org.springframework.boot.autoconfigure.cache.CacheAutoConfiguration did not match (ConditionEvaluationReport.AncestorsMatchedCondition)
      Matched:
         - @ConditionalOnClass found required class 'org.springframework.orm.jpa.LocalContainerEntityManagerFactoryBean' (OnClassCondition)

   CacheMeterBinderProvidersConfiguration.Cache2kCacheMeterBinderProviderConfiguration:
      Did not match:
         - @ConditionalOnClass did not find required classes 'org.cache2k.Cache2kBuilder', 'org.cache2k.extra.spring.SpringCache2kCache', 'org.cache2k.extra.micrometer.Cache2kCacheMetrics' (OnClassCondition)

   CacheMeterBinderProvidersConfiguration.CaffeineCacheMeterBinderProviderConfiguration:
      Did not match:
         - @ConditionalOnClass did not find required class 'com.github.benmanes.caffeine.cache.Cache' (OnClassCondition)

   CacheMeterBinderProvidersConfiguration.HazelcastCacheMeterBinderProviderConfiguration:
      Did not match:
         - @ConditionalOnClass did not find required classes 'com.hazelcast.spring.cache.HazelcastCache', 'com.hazelcast.core.Hazelcast' (OnClassCondition)

   CacheMeterBinderProvidersConfiguration.JCacheCacheMeterBinderProviderConfiguration:
      Did not match:
         - @ConditionalOnClass did not find required class 'javax.cache.CacheManager' (OnClassCondition)

   CacheMeterBinderProvidersConfiguration.RedisCacheMeterBinderProviderConfiguration:
      Did not match:
         - @ConditionalOnClass did not find required class 'org.springframework.data.redis.cache.RedisCache' (OnClassCondition)

   CacheMetricsAutoConfiguration:
      Did not match:
         - @ConditionalOnBean (types: org.springframework.cache.CacheManager; SearchStrategy: all) did not find any beans of type org.springframework.cache.CacheManager (OnBeanCondition)

   CachesEndpointAutoConfiguration:
      Did not match:
         - @ConditionalOnAvailableEndpoint no 'management.endpoints' property marked it as exposed (OnAvailableEndpointCondition)
      Matched:
         - @ConditionalOnClass found required class 'org.springframework.cache.CacheManager' (OnClassCondition)

   CaffeineCacheConfiguration:
      Did not match:
         - @ConditionalOnClass did not find required class 'com.github.benmanes.caffeine.cache.Caffeine' (OnClassCondition)

   CassandraAutoConfiguration:
      Did not match:
         - @ConditionalOnClass did not find required class 'com.datastax.oss.driver.api.core.CqlSession' (OnClassCondition)

   CassandraDataAutoConfiguration:
      Did not match:
         - @ConditionalOnClass did not find required class 'com.datastax.oss.driver.api.core.CqlSession' (OnClassCondition)

   CassandraHealthContributorAutoConfiguration:
      Did not match:
         - @ConditionalOnClass did not find required class 'com.datastax.oss.driver.api.core.CqlSession' (OnClassCondition)

   CassandraReactiveDataAutoConfiguration:
      Did not match:
         - @ConditionalOnClass did not find required class 'com.datastax.oss.driver.api.core.CqlSession' (OnClassCondition)

   CassandraReactiveHealthContributorAutoConfiguration:
      Did not match:
         - @ConditionalOnClass did not find required class 'com.datastax.oss.driver.api.core.CqlSession' (OnClassCondition)

   CassandraReactiveRepositoriesAutoConfiguration:
      Did not match:
         - @ConditionalOnClass did not find required class 'org.springframework.data.cassandra.ReactiveSession' (OnClassCondition)

   CassandraRepositoriesAutoConfiguration:
      Did not match:
         - @ConditionalOnClass did not find required class 'com.datastax.oss.driver.api.core.CqlSession' (OnClassCondition)

   ClientHttpConnectorAutoConfiguration:
      Did not match:
         - @ConditionalOnClass did not find required class 'org.springframework.web.reactive.function.client.WebClient' (OnClassCondition)

   CloudFoundryActuatorAutoConfiguration:
      Did not match:
         - @ConditionalOnCloudPlatform did not find CLOUD_FOUNDRY (OnCloudPlatformCondition)
      Matched:
         - @ConditionalOnClass found required class 'org.springframework.web.servlet.DispatcherServlet' (OnClassCondition)
         - found 'session' scope (OnWebApplicationCondition)
         - @ConditionalOnProperty (management.cloudfoundry.enabled) matched (OnPropertyCondition)

   CodecsAutoConfiguration:
      Did not match:
         - @ConditionalOnClass did not find required class 'org.springframework.web.reactive.function.client.WebClient' (OnClassCondition)

   CompositeMeterRegistryConfiguration:
      Did not match:
         - NoneNestedConditions 1 matched 1 did not; NestedCondition on CompositeMeterRegistryConfiguration.MultipleNonPrimaryMeterRegistriesCondition.SingleInjectableMeterRegistry @ConditionalOnSingleCandidate (types: io.micrometer.core.instrument.MeterRegistry; SearchStrategy: all) found a single bean 'simpleMeterRegistry'; NestedCondition on CompositeMeterRegistryConfiguration.MultipleNonPrimaryMeterRegistriesCondition.NoMeterRegistryCondition @ConditionalOnMissingBean (types: io.micrometer.core.instrument.MeterRegistry; SearchStrategy: all) found beans of type 'io.micrometer.core.instrument.MeterRegistry' simpleMeterRegistry (CompositeMeterRegistryConfiguration.MultipleNonPrimaryMeterRegistriesCondition)

   ConditionsReportEndpointAutoConfiguration:
      Did not match:
         - @ConditionalOnAvailableEndpoint no 'management.endpoints' property marked it as exposed (OnAvailableEndpointCondition)

   ConfigurationPropertiesReportEndpointAutoConfiguration:
      Did not match:
         - @ConditionalOnAvailableEndpoint no 'management.endpoints' property marked it as exposed (OnAvailableEndpointCondition)

   ConnectionFactoryHealthContributorAutoConfiguration:
      Did not match:
         - @ConditionalOnClass did not find required class 'io.r2dbc.spi.ConnectionFactory' (OnClassCondition)

   ConnectionPoolMetricsAutoConfiguration:
      Did not match:
         - @ConditionalOnClass did not find required class 'io.r2dbc.pool.ConnectionPool' (OnClassCondition)

   CouchbaseAutoConfiguration:
      Did not match:
         - @ConditionalOnClass did not find required class 'com.couchbase.client.java.Cluster' (OnClassCondition)

   CouchbaseCacheConfiguration:
      Did not match:
         - @ConditionalOnClass did not find required class 'com.couchbase.client.java.Cluster' (OnClassCondition)

   CouchbaseDataAutoConfiguration:
      Did not match:
         - @ConditionalOnClass did not find required class 'com.couchbase.client.java.Bucket' (OnClassCondition)

   CouchbaseHealthContributorAutoConfiguration:
      Did not match:
         - @ConditionalOnClass did not find required class 'com.couchbase.client.java.Cluster' (OnClassCondition)

   CouchbaseReactiveDataAutoConfiguration:
      Did not match:
         - @ConditionalOnClass did not find required class 'com.couchbase.client.java.Cluster' (OnClassCondition)

   CouchbaseReactiveHealthContributorAutoConfiguration:
      Did not match:
         - @ConditionalOnClass did not find required class 'com.couchbase.client.java.Cluster' (OnClassCondition)

   CouchbaseReactiveRepositoriesAutoConfiguration:
      Did not match:
         - @ConditionalOnClass did not find required class 'com.couchbase.client.java.Cluster' (OnClassCondition)

   CouchbaseRepositoriesAutoConfiguration:
      Did not match:
         - @ConditionalOnClass did not find required class 'com.couchbase.client.java.Bucket' (OnClassCondition)

   DataSourceAutoConfiguration.EmbeddedDatabaseConfiguration:
      Did not match:
         - EmbeddedDataSource spring.datasource.url is set (DataSourceAutoConfiguration.EmbeddedDatabaseCondition)

   DataSourceCheckpointRestoreConfiguration:
      Did not match:
         - @ConditionalOnClass did not find required class 'org.crac.Resource' (OnClassCondition)

   DataSourceConfiguration.Dbcp2:
      Did not match:
         - @ConditionalOnClass did not find required class 'org.apache.commons.dbcp2.BasicDataSource' (OnClassCondition)

   DataSourceConfiguration.Generic:
      Did not match:
         - @ConditionalOnProperty (spring.datasource.type) did not find property 'spring.datasource.type' (OnPropertyCondition)

   DataSourceConfiguration.OracleUcp:
      Did not match:
         - @ConditionalOnClass did not find required classes 'oracle.ucp.jdbc.PoolDataSourceImpl', 'oracle.jdbc.OracleConnection' (OnClassCondition)

   DataSourceConfiguration.Tomcat:
      Did not match:
         - @ConditionalOnClass did not find required class 'org.apache.tomcat.jdbc.pool.DataSource' (OnClassCondition)

   DataSourceJmxConfiguration.TomcatDataSourceJmxConfiguration:
      Did not match:
         - @ConditionalOnClass did not find required class 'org.apache.tomcat.jdbc.pool.DataSourceProxy' (OnClassCondition)

   DataSourcePoolMetadataProvidersConfiguration.CommonsDbcp2PoolDataSourceMetadataProviderConfiguration:
      Did not match:
         - @ConditionalOnClass did not find required class 'org.apache.commons.dbcp2.BasicDataSource' (OnClassCondition)

   DataSourcePoolMetadataProvidersConfiguration.OracleUcpPoolDataSourceMetadataProviderConfiguration:
      Did not match:
         - @ConditionalOnClass did not find required classes 'oracle.ucp.jdbc.PoolDataSource', 'oracle.jdbc.OracleConnection' (OnClassCondition)

   DataSourcePoolMetadataProvidersConfiguration.TomcatDataSourcePoolMetadataProviderConfiguration:
      Did not match:
         - @ConditionalOnClass did not find required class 'org.apache.tomcat.jdbc.pool.DataSource' (OnClassCondition)

   DataSourceTransactionManagerAutoConfiguration.JdbcTransactionManagerConfiguration#transactionManager:
      Did not match:
         - @ConditionalOnMissingBean (types: org.springframework.transaction.TransactionManager; SearchStrategy: all) found beans of type 'org.springframework.transaction.TransactionManager' transactionManager (OnBeanCondition)

   DatadogMetricsExportAutoConfiguration:
      Did not match:
         - @ConditionalOnClass did not find required class 'io.micrometer.datadog.DatadogMeterRegistry' (OnClassCondition)

   DispatcherServletAutoConfiguration.DispatcherServletConfiguration#multipartResolver:
      Did not match:
         - @ConditionalOnBean (types: org.springframework.web.multipart.MultipartResolver; SearchStrategy: all) did not find any beans of type org.springframework.web.multipart.MultipartResolver (OnBeanCondition)

   DynatraceMetricsExportAutoConfiguration:
      Did not match:
         - @ConditionalOnClass did not find required class 'io.micrometer.dynatrace.DynatraceMeterRegistry' (OnClassCondition)

   ElasticMetricsExportAutoConfiguration:
      Did not match:
         - @ConditionalOnClass did not find required class 'io.micrometer.elastic.ElasticMeterRegistry' (OnClassCondition)

   ElasticsearchClientAutoConfiguration:
      Did not match:
         - @ConditionalOnClass did not find required class 'co.elastic.clients.elasticsearch.ElasticsearchClient' (OnClassCondition)

   ElasticsearchDataAutoConfiguration:
      Did not match:
         - @ConditionalOnClass did not find required class 'org.springframework.data.elasticsearch.client.elc.ElasticsearchTemplate' (OnClassCondition)

   ElasticsearchReactiveHealthContributorAutoConfiguration:
      Did not match:
         - @ConditionalOnClass did not find required class 'reactor.core.publisher.Flux' (OnClassCondition)

   ElasticsearchRepositoriesAutoConfiguration:
      Did not match:
         - @ConditionalOnClass did not find required class 'org.springframework.data.elasticsearch.repository.ElasticsearchRepository' (OnClassCondition)

   ElasticsearchRestClientAutoConfiguration:
      Did not match:
         - @ConditionalOnClass did not find required class 'org.elasticsearch.client.RestClientBuilder' (OnClassCondition)

   ElasticsearchRestHealthContributorAutoConfiguration:
      Did not match:
         - @ConditionalOnClass did not find required class 'org.elasticsearch.client.RestClient' (OnClassCondition)

   EmbeddedLdapAutoConfiguration:
      Did not match:
         - @ConditionalOnClass did not find required class 'com.unboundid.ldap.listener.InMemoryDirectoryServer' (OnClassCondition)

   EmbeddedWebServerFactoryCustomizerAutoConfiguration.JettyWebServerFactoryCustomizerConfiguration:
      Did not match:
         - @ConditionalOnClass did not find required classes 'org.eclipse.jetty.server.Server', 'org.eclipse.jetty.util.Loader', 'org.eclipse.jetty.ee10.webapp.WebAppContext' (OnClassCondition)

   EmbeddedWebServerFactoryCustomizerAutoConfiguration.NettyWebServerFactoryCustomizerConfiguration:
      Did not match:
         - @ConditionalOnClass did not find required class 'reactor.netty.http.server.HttpServer' (OnClassCondition)

   EmbeddedWebServerFactoryCustomizerAutoConfiguration.TomcatWebServerFactoryCustomizerConfiguration#tomcatVirtualThreadsProtocolHandlerCustomizer:
      Did not match:
         - @ConditionalOnThreading did not find VIRTUAL (OnThreadingCondition)

   EmbeddedWebServerFactoryCustomizerAutoConfiguration.UndertowWebServerFactoryCustomizerConfiguration:
      Did not match:
         - @ConditionalOnClass did not find required classes 'io.undertow.Undertow', 'org.xnio.SslClientAuthMode' (OnClassCondition)

   EnvironmentEndpointAutoConfiguration:
      Did not match:
         - @ConditionalOnAvailableEndpoint no 'management.endpoints' property marked it as exposed (OnAvailableEndpointCondition)

   ErrorWebFluxAutoConfiguration:
      Did not match:
         - @ConditionalOnClass did not find required class 'org.springframework.web.reactive.config.WebFluxConfigurer' (OnClassCondition)

   FlywayAutoConfiguration:
      Did not match:
         - @ConditionalOnProperty (spring.flyway.enabled) found different value in property 'enabled' (OnPropertyCondition)
      Matched:
         - @ConditionalOnClass found required class 'org.flywaydb.core.Flyway' (OnClassCondition)

   FlywayEndpointAutoConfiguration:
      Did not match:
         - @ConditionalOnAvailableEndpoint no 'management.endpoints' property marked it as exposed (OnAvailableEndpointCondition)
      Matched:
         - @ConditionalOnClass found required class 'org.flywaydb.core.Flyway' (OnClassCondition)

   FreeMarkerAutoConfiguration:
      Did not match:
         - @ConditionalOnClass did not find required class 'freemarker.template.Configuration' (OnClassCondition)

   GangliaMetricsExportAutoConfiguration:
      Did not match:
         - @ConditionalOnClass did not find required class 'io.micrometer.ganglia.GangliaMeterRegistry' (OnClassCondition)

   GraphQlAutoConfiguration:
      Did not match:
         - @ConditionalOnClass did not find required class 'graphql.GraphQL' (OnClassCondition)

   GraphQlObservationAutoConfiguration:
      Did not match:
         - @ConditionalOnClass did not find required class 'graphql.GraphQL' (OnClassCondition)

   GraphQlQueryByExampleAutoConfiguration:
      Did not match:
         - @ConditionalOnClass did not find required class 'graphql.GraphQL' (OnClassCondition)

   GraphQlQuerydslAutoConfiguration:
      Did not match:
         - @ConditionalOnClass did not find required class 'com.querydsl.core.Query' (OnClassCondition)

   GraphQlRSocketAutoConfiguration:
      Did not match:
         - @ConditionalOnClass did not find required class 'graphql.GraphQL' (OnClassCondition)

   GraphQlReactiveQueryByExampleAutoConfiguration:
      Did not match:
         - @ConditionalOnClass did not find required class 'graphql.GraphQL' (OnClassCondition)

   GraphQlReactiveQuerydslAutoConfiguration:
      Did not match:
         - @ConditionalOnClass did not find required class 'com.querydsl.core.Query' (OnClassCondition)

   GraphQlWebFluxAutoConfiguration:
      Did not match:
         - @ConditionalOnClass did not find required class 'graphql.GraphQL' (OnClassCondition)

   GraphQlWebFluxSecurityAutoConfiguration:
      Did not match:
         - @ConditionalOnClass did not find required class 'graphql.GraphQL' (OnClassCondition)

   GraphQlWebMvcAutoConfiguration:
      Did not match:
         - @ConditionalOnClass did not find required class 'graphql.GraphQL' (OnClassCondition)

   GraphQlWebMvcSecurityAutoConfiguration:
      Did not match:
         - @ConditionalOnClass did not find required class 'graphql.GraphQL' (OnClassCondition)

   GraphiteMetricsExportAutoConfiguration:
      Did not match:
         - @ConditionalOnClass did not find required class 'io.micrometer.graphite.GraphiteMeterRegistry' (OnClassCondition)

   GroovyTemplateAutoConfiguration:
      Did not match:
         - @ConditionalOnClass did not find required class 'groovy.text.markup.MarkupTemplateEngine' (OnClassCondition)

   GsonHttpMessageConvertersConfiguration.GsonHttpMessageConverterConfiguration:
      Did not match:
         - AnyNestedCondition 0 matched 2 did not; NestedCondition on GsonHttpMessageConvertersConfiguration.PreferGsonOrJacksonAndJsonbUnavailableCondition.JacksonJsonbUnavailable NoneNestedConditions 1 matched 1 did not; NestedCondition on GsonHttpMessageConvertersConfiguration.JacksonAndJsonbUnavailableCondition.JsonbPreferred @ConditionalOnProperty (spring.mvc.converters.preferred-json-mapper=jsonb) did not find property 'spring.mvc.converters.preferred-json-mapper'; NestedCondition on GsonHttpMessageConvertersConfiguration.JacksonAndJsonbUnavailableCondition.JacksonAvailable @ConditionalOnBean (types: org.springframework.http.converter.json.MappingJackson2HttpMessageConverter; SearchStrategy: all) found bean 'mappingJackson2HttpMessageConverter'; NestedCondition on GsonHttpMessageConvertersConfiguration.PreferGsonOrJacksonAndJsonbUnavailableCondition.GsonPreferred @ConditionalOnProperty (spring.mvc.converters.preferred-json-mapper=gson) did not find property 'spring.mvc.converters.preferred-json-mapper' (GsonHttpMessageConvertersConfiguration.PreferGsonOrJacksonAndJsonbUnavailableCondition)

   H2ConsoleAutoConfiguration:
      Did not match:
         - @ConditionalOnClass did not find required class 'org.h2.server.web.JakartaWebServlet' (OnClassCondition)

   HazelcastAutoConfiguration:
      Did not match:
         - @ConditionalOnClass did not find required class 'com.hazelcast.core.HazelcastInstance' (OnClassCondition)

   HazelcastCacheConfiguration:
      Did not match:
         - @ConditionalOnClass did not find required class 'com.hazelcast.core.HazelcastInstance' (OnClassCondition)

   HazelcastHealthContributorAutoConfiguration:
      Did not match:
         - @ConditionalOnClass did not find required class 'com.hazelcast.core.HazelcastInstance' (OnClassCondition)

   HazelcastJpaDependencyAutoConfiguration:
      Did not match:
         - @ConditionalOnClass did not find required class 'com.hazelcast.core.HazelcastInstance' (OnClassCondition)

   HealthEndpointReactiveWebExtensionConfiguration:
      Did not match:
         - did not find reactive web application classes (OnWebApplicationCondition)

   HealthEndpointWebExtensionConfiguration.JerseyAdditionalHealthEndpointPathsConfiguration:
      Did not match:
         - @ConditionalOnClass did not find required class 'org.glassfish.jersey.server.ResourceConfig' (OnClassCondition)

   HeapDumpWebEndpointAutoConfiguration:
      Did not match:
         - @ConditionalOnAvailableEndpoint no 'management.endpoints' property marked it as exposed (OnAvailableEndpointCondition)

   HibernateMetricsAutoConfiguration:
      Did not match:
         - @ConditionalOnClass did not find required class 'org.hibernate.stat.HibernateMetrics' (OnClassCondition)

   HttpExchangesAutoConfiguration:
      Did not match:
         - @ConditionalOnBean (types: org.springframework.boot.actuate.web.exchanges.HttpExchangeRepository; SearchStrategy: all) did not find any beans of type org.springframework.boot.actuate.web.exchanges.HttpExchangeRepository (OnBeanCondition)
      Matched:
         - @ConditionalOnWebApplication (required) found 'session' scope (OnWebApplicationCondition)
         - @ConditionalOnProperty (management.httpexchanges.recording.enabled) matched (OnPropertyCondition)

   HttpExchangesAutoConfiguration.ReactiveHttpExchangesConfiguration:
      Did not match:
         - did not find reactive web application classes (OnWebApplicationCondition)
         - Ancestor org.springframework.boot.actuate.autoconfigure.web.exchanges.HttpExchangesAutoConfiguration did not match (ConditionEvaluationReport.AncestorsMatchedCondition)

   HttpExchangesAutoConfiguration.ServletHttpExchangesConfiguration:
      Did not match:
         - Ancestor org.springframework.boot.actuate.autoconfigure.web.exchanges.HttpExchangesAutoConfiguration did not match (ConditionEvaluationReport.AncestorsMatchedCondition)
      Matched:
         - found 'session' scope (OnWebApplicationCondition)

   HttpExchangesEndpointAutoConfiguration:
      Did not match:
         - @ConditionalOnAvailableEndpoint no 'management.endpoints' property marked it as exposed (OnAvailableEndpointCondition)

   HttpHandlerAutoConfiguration:
      Did not match:
         - @ConditionalOnClass did not find required class 'org.springframework.web.reactive.DispatcherHandler' (OnClassCondition)

   HumioMetricsExportAutoConfiguration:
      Did not match:
         - @ConditionalOnClass did not find required class 'io.micrometer.humio.HumioMeterRegistry' (OnClassCondition)

   HypermediaAutoConfiguration:
      Did not match:
         - @ConditionalOnClass did not find required class 'org.springframework.hateoas.EntityModel' (OnClassCondition)

   InfinispanCacheConfiguration:
      Did not match:
         - @ConditionalOnClass did not find required class 'org.infinispan.spring.embedded.provider.SpringEmbeddedCacheManager' (OnClassCondition)

   InfluxDbAutoConfiguration:
      Did not match:
         - @ConditionalOnClass did not find required class 'org.influxdb.InfluxDB' (OnClassCondition)

   InfluxDbHealthContributorAutoConfiguration:
      Did not match:
         - @ConditionalOnClass did not find required class 'org.influxdb.InfluxDB' (OnClassCondition)

   InfluxMetricsExportAutoConfiguration:
      Did not match:
         - @ConditionalOnClass did not find required class 'io.micrometer.influx.InfluxMeterRegistry' (OnClassCondition)

   InfoContributorAutoConfiguration#buildInfoContributor:
      Did not match:
         - @ConditionalOnSingleCandidate (types: org.springframework.boot.info.BuildProperties; SearchStrategy: all) did not find any beans (OnBeanCondition)
      Matched:
         - @ConditionalOnEnabledInfoContributor management.info.defaults.enabled is considered true (OnEnabledInfoContributorCondition)

   InfoContributorAutoConfiguration#envInfoContributor:
      Did not match:
         - @ConditionalOnEnabledInfoContributor management.info.env.enabled is not true (OnEnabledInfoContributorCondition)

   InfoContributorAutoConfiguration#gitInfoContributor:
      Did not match:
         - @ConditionalOnSingleCandidate (types: org.springframework.boot.info.GitProperties; SearchStrategy: all) did not find any beans (OnBeanCondition)
      Matched:
         - @ConditionalOnEnabledInfoContributor management.info.defaults.enabled is considered true (OnEnabledInfoContributorCondition)

   InfoContributorAutoConfiguration#javaInfoContributor:
      Did not match:
         - @ConditionalOnEnabledInfoContributor management.info.java.enabled is not true (OnEnabledInfoContributorCondition)

   InfoContributorAutoConfiguration#osInfoContributor:
      Did not match:
         - @ConditionalOnEnabledInfoContributor management.info.os.enabled is not true (OnEnabledInfoContributorCondition)

   InfoContributorAutoConfiguration#processInfoContributor:
      Did not match:
         - @ConditionalOnEnabledInfoContributor management.info.process.enabled is not true (OnEnabledInfoContributorCondition)

   InfoEndpointAutoConfiguration:
      Did not match:
         - @ConditionalOnAvailableEndpoint no 'management.endpoints' property marked it as exposed (OnAvailableEndpointCondition)

   IntegrationAutoConfiguration:
      Did not match:
         - @ConditionalOnClass did not find required class 'org.springframework.integration.config.EnableIntegration' (OnClassCondition)

   IntegrationGraphEndpointAutoConfiguration:
      Did not match:
         - @ConditionalOnClass did not find required class 'org.springframework.integration.graph.IntegrationGraphServer' (OnClassCondition)

   JCacheCacheConfiguration:
      Did not match:
         - @ConditionalOnClass did not find required class 'javax.cache.Caching' (OnClassCondition)

   JacksonHttpMessageConvertersConfiguration.MappingJackson2XmlHttpMessageConverterConfiguration:
      Did not match:
         - @ConditionalOnClass did not find required class 'com.fasterxml.jackson.dataformat.xml.XmlMapper' (OnClassCondition)

   JdbcRepositoriesAutoConfiguration:
      Did not match:
         - @ConditionalOnClass did not find required class 'org.springframework.data.jdbc.repository.config.AbstractJdbcConfiguration' (OnClassCondition)

   JerseyAutoConfiguration:
      Did not match:
         - @ConditionalOnClass did not find required class 'org.glassfish.jersey.server.spring.SpringComponentProvider' (OnClassCondition)

   JerseySameManagementContextConfiguration:
      Did not match:
         - @ConditionalOnClass did not find required class 'org.glassfish.jersey.server.ResourceConfig' (OnClassCondition)

   JerseyServerMetricsAutoConfiguration:
      Did not match:
         - @ConditionalOnClass did not find required class 'org.glassfish.jersey.micrometer.server.ObservationApplicationEventListener' (OnClassCondition)

   JerseyWebEndpointManagementContextConfiguration:
      Did not match:
         - @ConditionalOnClass did not find required class 'org.glassfish.jersey.server.ResourceConfig' (OnClassCondition)

   JettyMetricsAutoConfiguration:
      Did not match:
         - @ConditionalOnClass did not find required class 'org.eclipse.jetty.server.Server' (OnClassCondition)

   JmsAutoConfiguration:
      Did not match:
         - @ConditionalOnClass did not find required class 'jakarta.jms.Message' (OnClassCondition)

   JmsHealthContributorAutoConfiguration:
      Did not match:
         - @ConditionalOnClass did not find required class 'jakarta.jms.ConnectionFactory' (OnClassCondition)

   JmxAutoConfiguration:
      Did not match:
         - @ConditionalOnProperty (spring.jmx.enabled=true) did not find property 'enabled' (OnPropertyCondition)
      Matched:
         - @ConditionalOnClass found required class 'org.springframework.jmx.export.MBeanExporter' (OnClassCondition)

   JmxEndpointAutoConfiguration:
      Did not match:
         - @ConditionalOnProperty (spring.jmx.enabled=true) did not find property 'enabled' (OnPropertyCondition)

   JmxMetricsExportAutoConfiguration:
      Did not match:
         - @ConditionalOnClass did not find required class 'io.micrometer.jmx.JmxMeterRegistry' (OnClassCondition)

   JndiConnectionFactoryAutoConfiguration:
      Did not match:
         - @ConditionalOnClass did not find required class 'org.springframework.jms.core.JmsTemplate' (OnClassCondition)

   JndiDataSourceAutoConfiguration:
      Did not match:
         - @ConditionalOnProperty (spring.datasource.jndi-name) did not find property 'jndi-name' (OnPropertyCondition)
      Matched:
         - @ConditionalOnClass found required classes 'javax.sql.DataSource', 'org.springframework.jdbc.datasource.embedded.EmbeddedDatabaseType' (OnClassCondition)

   JndiJtaConfiguration:
      Did not match:
         - @ConditionalOnJndi JNDI environment is not available (OnJndiCondition)
      Matched:
         - @ConditionalOnClass found required class 'org.springframework.transaction.jta.JtaTransactionManager' (OnClassCondition)

   JooqAutoConfiguration:
      Did not match:
         - @ConditionalOnClass did not find required class 'org.jooq.DSLContext' (OnClassCondition)

   JpaBaseConfiguration.JpaWebConfiguration:
      Did not match:
         - @ConditionalOnProperty (spring.jpa.open-in-view=true) found different value in property 'open-in-view' (OnPropertyCondition)
      Matched:
         - @ConditionalOnClass found required class 'org.springframework.web.servlet.config.annotation.WebMvcConfigurer' (OnClassCondition)
         - found 'session' scope (OnWebApplicationCondition)

   JpaRepositoriesAutoConfiguration#entityManagerFactoryBootstrapExecutorCustomizer:
      Did not match:
         - AnyNestedCondition 0 matched 2 did not; NestedCondition on JpaRepositoriesAutoConfiguration.BootstrapExecutorCondition.LazyBootstrapMode @ConditionalOnProperty (spring.data.jpa.repositories.bootstrap-mode=lazy) did not find property 'bootstrap-mode'; NestedCondition on JpaRepositoriesAutoConfiguration.BootstrapExecutorCondition.DeferredBootstrapMode @ConditionalOnProperty (spring.data.jpa.repositories.bootstrap-mode=deferred) did not find property 'bootstrap-mode' (JpaRepositoriesAutoConfiguration.BootstrapExecutorCondition)

   JsonbAutoConfiguration:
      Did not match:
         - @ConditionalOnClass did not find required class 'jakarta.json.bind.Jsonb' (OnClassCondition)

   JsonbHttpMessageConvertersConfiguration:
      Did not match:
         - @ConditionalOnClass did not find required class 'jakarta.json.bind.Jsonb' (OnClassCondition)

   KafkaAutoConfiguration:
      Did not match:
         - @ConditionalOnClass did not find required class 'org.springframework.kafka.core.KafkaTemplate' (OnClassCondition)

   KafkaMetricsAutoConfiguration:
      Did not match:
         - @ConditionalOnClass did not find required class 'org.springframework.kafka.core.ProducerFactory' (OnClassCondition)

   KairosMetricsExportAutoConfiguration:
      Did not match:
         - @ConditionalOnClass did not find required class 'io.micrometer.kairos.KairosMeterRegistry' (OnClassCondition)

   LdapAutoConfiguration:
      Did not match:
         - @ConditionalOnClass did not find required class 'org.springframework.ldap.core.ContextSource' (OnClassCondition)

   LdapHealthContributorAutoConfiguration:
      Did not match:
         - @ConditionalOnClass did not find required class 'org.springframework.ldap.core.LdapOperations' (OnClassCondition)

   LdapRepositoriesAutoConfiguration:
      Did not match:
         - @ConditionalOnClass did not find required class 'org.springframework.data.ldap.repository.LdapRepository' (OnClassCondition)

   LettuceMetricsAutoConfiguration:
      Did not match:
         - @ConditionalOnClass did not find required class 'io.lettuce.core.metrics.MicrometerCommandLatencyRecorder' (OnClassCondition)

   LiquibaseAutoConfiguration:
      Did not match:
         - @ConditionalOnClass did not find required class 'liquibase.change.DatabaseChange' (OnClassCondition)

   LiquibaseEndpointAutoConfiguration:
      Did not match:
         - @ConditionalOnClass did not find required class 'liquibase.integration.spring.SpringLiquibase' (OnClassCondition)

   Log4J2MetricsAutoConfiguration:
      Did not match:
         - @ConditionalOnClass did not find required class 'org.apache.logging.log4j.core.LoggerContext' (OnClassCondition)

   LogFileWebEndpointAutoConfiguration:
      Did not match:
         - @ConditionalOnAvailableEndpoint no 'management.endpoints' property marked it as exposed (OnAvailableEndpointCondition)

   LoggersEndpointAutoConfiguration:
      Did not match:
         - @ConditionalOnAvailableEndpoint no 'management.endpoints' property marked it as exposed (OnAvailableEndpointCondition)

   MailHealthContributorAutoConfiguration:
      Did not match:
         - @ConditionalOnEnabledHealthIndicator management.health.mail.enabled is false (OnEnabledHealthIndicatorCondition)
      Matched:
         - @ConditionalOnClass found required class 'org.springframework.mail.javamail.JavaMailSenderImpl' (OnClassCondition)

   MailSenderJndiConfiguration:
      Did not match:
         - @ConditionalOnProperty (spring.mail.jndi-name) did not find property 'jndi-name' (OnPropertyCondition)
      Matched:
         - @ConditionalOnClass found required class 'jakarta.mail.Session' (OnClassCondition)

   MailSenderValidatorAutoConfiguration:
      Did not match:
         - @ConditionalOnProperty (spring.mail.test-connection) did not find property 'test-connection' (OnPropertyCondition)

   ManagementContextAutoConfiguration.DifferentManagementContextConfiguration:
      Did not match:
         - Management Port actual port type (SAME) did not match required type (DIFFERENT) (OnManagementPortCondition)

   ManagementWebSecurityAutoConfiguration:
      Did not match:
         - AllNestedConditions 1 matched 1 did not; NestedCondition on DefaultWebSecurityCondition.Beans @ConditionalOnMissingBean (types: org.springframework.security.web.SecurityFilterChain; SearchStrategy: all) found beans of type 'org.springframework.security.web.SecurityFilterChain' securityFilterChain; NestedCondition on DefaultWebSecurityCondition.Classes @ConditionalOnClass found required classes 'org.springframework.security.web.SecurityFilterChain', 'org.springframework.security.config.annotation.web.builders.HttpSecurity' (DefaultWebSecurityCondition)
      Matched:
         - found 'session' scope (OnWebApplicationCondition)

   MappingsEndpointAutoConfiguration:
      Did not match:
         - @ConditionalOnAvailableEndpoint no 'management.endpoints' property marked it as exposed (OnAvailableEndpointCondition)

   MessageSourceAutoConfiguration:
      Did not match:
         - ResourceBundle did not find bundle with basename messages (MessageSourceAutoConfiguration.ResourceBundleCondition)

   MetricsAspectsAutoConfiguration:
      Did not match:
         - AnyNestedCondition 0 matched 2 did not; NestedCondition on MetricsAspectsAutoConfiguration.ObservationAnnotationsEnabledCondition.ManagementObservationsEnabledCondition @ConditionalOnProperty (management.observations.annotations.enabled=true) did not find property 'enabled'; NestedCondition on MetricsAspectsAutoConfiguration.ObservationAnnotationsEnabledCondition.MicrometerObservationsEnabledCondition @ConditionalOnProperty (micrometer.observations.annotations.enabled=true) did not find property 'enabled' (MetricsAspectsAutoConfiguration.ObservationAnnotationsEnabledCondition)
      Matched:
         - @ConditionalOnClass found required classes 'io.micrometer.core.instrument.MeterRegistry', 'org.aspectj.weaver.Advice' (OnClassCondition)

   MetricsEndpointAutoConfiguration:
      Did not match:
         - @ConditionalOnAvailableEndpoint no 'management.endpoints' property marked it as exposed (OnAvailableEndpointCondition)
      Matched:
         - @ConditionalOnClass found required class 'io.micrometer.core.annotation.Timed' (OnClassCondition)

   MicrometerTracingAutoConfiguration:
      Did not match:
         - @ConditionalOnClass did not find required class 'io.micrometer.tracing.Tracer' (OnClassCondition)

   MongoAutoConfiguration:
      Did not match:
         - @ConditionalOnClass did not find required class 'com.mongodb.client.MongoClient' (OnClassCondition)

   MongoDataAutoConfiguration:
      Did not match:
         - @ConditionalOnClass did not find required class 'com.mongodb.client.MongoClient' (OnClassCondition)

   MongoHealthContributorAutoConfiguration:
      Did not match:
         - @ConditionalOnClass did not find required class 'org.springframework.data.mongodb.core.MongoTemplate' (OnClassCondition)

   MongoMetricsAutoConfiguration:
      Did not match:
         - @ConditionalOnClass did not find required class 'com.mongodb.MongoClientSettings' (OnClassCondition)

   MongoReactiveAutoConfiguration:
      Did not match:
         - @ConditionalOnClass did not find required class 'com.mongodb.reactivestreams.client.MongoClient' (OnClassCondition)

   MongoReactiveDataAutoConfiguration:
      Did not match:
         - @ConditionalOnClass did not find required class 'com.mongodb.reactivestreams.client.MongoClient' (OnClassCondition)

   MongoReactiveHealthContributorAutoConfiguration:
      Did not match:
         - @ConditionalOnClass did not find required class 'reactor.core.publisher.Flux' (OnClassCondition)

   MongoReactiveRepositoriesAutoConfiguration:
      Did not match:
         - @ConditionalOnClass did not find required class 'com.mongodb.reactivestreams.client.MongoClient' (OnClassCondition)

   MongoRepositoriesAutoConfiguration:
      Did not match:
         - @ConditionalOnClass did not find required class 'com.mongodb.client.MongoClient' (OnClassCondition)

   MustacheAutoConfiguration:
      Did not match:
         - @ConditionalOnClass did not find required class 'com.samskivert.mustache.Mustache' (OnClassCondition)

   Neo4jAutoConfiguration:
      Did not match:
         - @ConditionalOnClass did not find required class 'org.neo4j.driver.Driver' (OnClassCondition)

   Neo4jDataAutoConfiguration:
      Did not match:
         - @ConditionalOnClass did not find required class 'org.neo4j.driver.Driver' (OnClassCondition)

   Neo4jHealthContributorAutoConfiguration:
      Did not match:
         - @ConditionalOnClass did not find required class 'org.neo4j.driver.Driver' (OnClassCondition)

   Neo4jReactiveDataAutoConfiguration:
      Did not match:
         - @ConditionalOnClass did not find required class 'org.neo4j.driver.Driver' (OnClassCondition)

   Neo4jReactiveRepositoriesAutoConfiguration:
      Did not match:
         - @ConditionalOnClass did not find required class 'org.neo4j.driver.Driver' (OnClassCondition)

   Neo4jRepositoriesAutoConfiguration:
      Did not match:
         - @ConditionalOnClass did not find required class 'org.neo4j.driver.Driver' (OnClassCondition)

   NewRelicMetricsExportAutoConfiguration:
      Did not match:
         - @ConditionalOnClass did not find required class 'io.micrometer.newrelic.NewRelicMeterRegistry' (OnClassCondition)

   NoOpMeterRegistryConfiguration:
      Did not match:
         - @ConditionalOnMissingBean (types: io.micrometer.core.instrument.MeterRegistry; SearchStrategy: all) found beans of type 'io.micrometer.core.instrument.MeterRegistry' simpleMeterRegistry (OnBeanCondition)

   NoopTracerAutoConfiguration:
      Did not match:
         - @ConditionalOnClass did not find required class 'io.micrometer.tracing.Tracer' (OnClassCondition)

   OAuth2AuthorizationServerAutoConfiguration:
      Did not match:
         - @ConditionalOnClass did not find required class 'org.springframework.security.oauth2.server.authorization.OAuth2Authorization' (OnClassCondition)

   OAuth2AuthorizationServerJwtAutoConfiguration:
      Did not match:
         - @ConditionalOnClass did not find required class 'org.springframework.security.oauth2.server.authorization.OAuth2Authorization' (OnClassCondition)

   OAuth2ClientAutoConfiguration:
      Did not match:
         - @ConditionalOnClass did not find required class 'org.springframework.security.oauth2.client.registration.ClientRegistration' (OnClassCondition)

   OAuth2ResourceServerAutoConfiguration:
      Did not match:
         - @ConditionalOnClass did not find required class 'org.springframework.security.oauth2.server.resource.authentication.BearerTokenAuthenticationToken' (OnClassCondition)

   ObservationAutoConfiguration.MeterObservationHandlerConfiguration.TracingAndMetricsObservationHandlerConfiguration:
      Did not match:
         - @ConditionalOnBean did not find required type 'io.micrometer.tracing.Tracer' (OnBeanCondition)
         - @ConditionalOnBean (types: io.micrometer.tracing.Tracer; SearchStrategy: all) did not find any beans of type io.micrometer.tracing.Tracer (OnBeanCondition)

   ObservationAutoConfiguration.MetricsWithTracingConfiguration:
      Did not match:
         - @ConditionalOnClass did not find required class 'io.micrometer.tracing.Tracer' (OnClassCondition)

   ObservationAutoConfiguration.OnlyTracingConfiguration:
      Did not match:
         - @ConditionalOnClass did not find required class 'io.micrometer.tracing.Tracer' (OnClassCondition)

   org.springframework.boot.actuate.autoconfigure.opentelemetry.OpenTelemetryAutoConfiguration:
      Did not match:
         - @ConditionalOnClass did not find required class 'io.opentelemetry.sdk.OpenTelemetrySdk' (OnClassCondition)

   org.springframework.boot.actuate.autoconfigure.tracing.OpenTelemetryAutoConfiguration:
      Did not match:
         - @ConditionalOnClass did not find required class 'io.micrometer.tracing.otel.bridge.OtelTracer' (OnClassCondition)

   OtlpAutoConfiguration:
      Did not match:
         - @ConditionalOnClass did not find required class 'io.micrometer.tracing.otel.bridge.OtelTracer' (OnClassCondition)

   OtlpMetricsExportAutoConfiguration:
      Did not match:
         - @ConditionalOnClass did not find required class 'io.micrometer.registry.otlp.OtlpMeterRegistry' (OnClassCondition)

   ProjectInfoAutoConfiguration#buildProperties:
      Did not match:
         - @ConditionalOnResource did not find resource '${spring.info.build.location:classpath:META-INF/build-info.properties}' (OnResourceCondition)

   ProjectInfoAutoConfiguration#gitProperties:
      Did not match:
         - GitResource did not find git info at classpath:git.properties (ProjectInfoAutoConfiguration.GitResourceAvailableCondition)

   PrometheusExemplarsAutoConfiguration:
      Did not match:
         - @ConditionalOnClass did not find required class 'io.micrometer.tracing.Tracer' (OnClassCondition)

   PrometheusMetricsExportAutoConfiguration:
      Did not match:
         - @ConditionalOnClass did not find required class 'io.micrometer.prometheusmetrics.PrometheusMeterRegistry' (OnClassCondition)

   PrometheusSimpleclientExemplarsAutoConfiguration:
      Did not match:
         - @ConditionalOnClass did not find required class 'io.micrometer.tracing.Tracer' (OnClassCondition)

   PrometheusSimpleclientMetricsExportAutoConfiguration:
      Did not match:
         - @ConditionalOnClass did not find required class 'io.micrometer.prometheus.PrometheusMeterRegistry' (OnClassCondition)

   PulsarAutoConfiguration:
      Did not match:
         - @ConditionalOnClass did not find required class 'org.apache.pulsar.client.api.PulsarClient' (OnClassCondition)

   PulsarReactiveAutoConfiguration:
      Did not match:
         - @ConditionalOnClass did not find required class 'org.apache.pulsar.client.api.PulsarClient' (OnClassCondition)

   QuartzAutoConfiguration:
      Did not match:
         - @ConditionalOnClass did not find required class 'org.quartz.Scheduler' (OnClassCondition)

   QuartzEndpointAutoConfiguration:
      Did not match:
         - @ConditionalOnClass did not find required class 'org.quartz.Scheduler' (OnClassCondition)

   R2dbcAutoConfiguration:
      Did not match:
         - @ConditionalOnClass did not find required class 'io.r2dbc.spi.ConnectionFactory' (OnClassCondition)

   R2dbcDataAutoConfiguration:
      Did not match:
         - @ConditionalOnClass did not find required class 'org.springframework.data.r2dbc.core.R2dbcEntityTemplate' (OnClassCondition)

   R2dbcInitializationConfiguration:
      Did not match:
         - @ConditionalOnClass did not find required classes 'io.r2dbc.spi.ConnectionFactory', 'org.springframework.r2dbc.connection.init.DatabasePopulator' (OnClassCondition)

   R2dbcObservationAutoConfiguration:
      Did not match:
         - @ConditionalOnClass did not find required class 'io.r2dbc.proxy.ProxyConnectionFactory' (OnClassCondition)

   R2dbcRepositoriesAutoConfiguration:
      Did not match:
         - @ConditionalOnClass did not find required class 'io.r2dbc.spi.ConnectionFactory' (OnClassCondition)

   R2dbcTransactionManagerAutoConfiguration:
      Did not match:
         - @ConditionalOnClass did not find required class 'org.springframework.r2dbc.connection.R2dbcTransactionManager' (OnClassCondition)

   RSocketGraphQlClientAutoConfiguration:
      Did not match:
         - @ConditionalOnClass did not find required class 'graphql.GraphQL' (OnClassCondition)

   RSocketMessagingAutoConfiguration:
      Did not match:
         - @ConditionalOnClass did not find required class 'io.rsocket.RSocket' (OnClassCondition)

   RSocketRequesterAutoConfiguration:
      Did not match:
         - @ConditionalOnClass did not find required class 'io.rsocket.RSocket' (OnClassCondition)

   RSocketSecurityAutoConfiguration:
      Did not match:
         - @ConditionalOnClass did not find required class 'org.springframework.security.rsocket.core.SecuritySocketAcceptorInterceptor' (OnClassCondition)

   RSocketServerAutoConfiguration:
      Did not match:
         - @ConditionalOnClass did not find required class 'io.rsocket.core.RSocketServer' (OnClassCondition)

   RSocketStrategiesAutoConfiguration:
      Did not match:
         - @ConditionalOnClass did not find required class 'io.rsocket.RSocket' (OnClassCondition)

   RabbitAutoConfiguration:
      Did not match:
         - @ConditionalOnClass did not find required class 'com.rabbitmq.client.Channel' (OnClassCondition)

   RabbitHealthContributorAutoConfiguration:
      Did not match:
         - @ConditionalOnClass did not find required class 'org.springframework.amqp.rabbit.core.RabbitTemplate' (OnClassCondition)

   RabbitMetricsAutoConfiguration:
      Did not match:
         - @ConditionalOnClass did not find required class 'com.rabbitmq.client.ConnectionFactory' (OnClassCondition)

   ReactiveCloudFoundryActuatorAutoConfiguration:
      Did not match:
         - @ConditionalOnWebApplication did not find reactive web application classes (OnWebApplicationCondition)

   ReactiveElasticsearchClientAutoConfiguration:
      Did not match:
         - @ConditionalOnClass did not find required class 'co.elastic.clients.transport.ElasticsearchTransport' (OnClassCondition)

   ReactiveElasticsearchRepositoriesAutoConfiguration:
      Did not match:
         - @ConditionalOnClass did not find required class 'reactor.core.publisher.Mono' (OnClassCondition)

   ReactiveHealthEndpointConfiguration:
      Did not match:
         - @ConditionalOnClass did not find required class 'reactor.core.publisher.Flux' (OnClassCondition)

   ReactiveManagementContextAutoConfiguration:
      Did not match:
         - @ConditionalOnClass did not find required class 'reactor.core.publisher.Flux' (OnClassCondition)

   ReactiveManagementWebSecurityAutoConfiguration:
      Did not match:
         - @ConditionalOnWebApplication did not find reactive web application classes (OnWebApplicationCondition)

   ReactiveMultipartAutoConfiguration:
      Did not match:
         - @ConditionalOnClass did not find required class 'org.springframework.web.reactive.config.WebFluxConfigurer' (OnClassCondition)

   ReactiveOAuth2ClientAutoConfiguration:
      Did not match:
         - @ConditionalOnClass did not find required class 'reactor.core.publisher.Flux' (OnClassCondition)

   ReactiveOAuth2ResourceServerAutoConfiguration:
      Did not match:
         - @ConditionalOnWebApplication did not find reactive web application classes (OnWebApplicationCondition)

   ReactiveSecurityAutoConfiguration:
      Did not match:
         - @ConditionalOnClass did not find required class 'reactor.core.publisher.Flux' (OnClassCondition)

   ReactiveUserDetailsServiceAutoConfiguration:
      Did not match:
         - AnyNestedCondition 0 matched 2 did not; NestedCondition on ReactiveUserDetailsServiceAutoConfiguration.RSocketEnabledOrReactiveWebApplication.ReactiveWebApplicationCondition did not find reactive web application classes; NestedCondition on ReactiveUserDetailsServiceAutoConfiguration.RSocketEnabledOrReactiveWebApplication.RSocketSecurityEnabledCondition @ConditionalOnBean (types: org.springframework.messaging.rsocket.annotation.support.RSocketMessageHandler; SearchStrategy: all) did not find any beans of type org.springframework.messaging.rsocket.annotation.support.RSocketMessageHandler (ReactiveUserDetailsServiceAutoConfiguration.RSocketEnabledOrReactiveWebApplication)
      Matched:
         - @ConditionalOnClass found required class 'org.springframework.security.authentication.ReactiveAuthenticationManager' (OnClassCondition)
         - AnyNestedCondition 1 matched 2 did not; NestedCondition on ReactiveUserDetailsServiceAutoConfiguration.MissingAlternativeOrUserPropertiesConfigured.PasswordConfigured @ConditionalOnProperty (spring.security.user.password) did not find property 'password'; NestedCondition on ReactiveUserDetailsServiceAutoConfiguration.MissingAlternativeOrUserPropertiesConfigured.NameConfigured @ConditionalOnProperty (spring.security.user.name) did not find property 'name'; NestedCondition on ReactiveUserDetailsServiceAutoConfiguration.MissingAlternativeOrUserPropertiesConfigured.MissingAlternative @ConditionalOnMissingClass did not find unwanted classes 'org.springframework.security.oauth2.client.registration.ClientRegistrationRepository', 'org.springframework.security.oauth2.server.resource.introspection.ReactiveOpaqueTokenIntrospector' (ReactiveUserDetailsServiceAutoConfiguration.MissingAlternativeOrUserPropertiesConfigured)

   ReactiveWebServerFactoryAutoConfiguration:
      Did not match:
         - @ConditionalOnWebApplication did not find reactive web application classes (OnWebApplicationCondition)

   ReactorAutoConfiguration:
      Did not match:
         - @ConditionalOnClass did not find required class 'reactor.core.publisher.Hooks' (OnClassCondition)

   RedisAutoConfiguration:
      Did not match:
         - @ConditionalOnClass did not find required class 'org.springframework.data.redis.core.RedisOperations' (OnClassCondition)

   RedisCacheConfiguration:
      Did not match:
         - @ConditionalOnClass did not find required class 'org.springframework.data.redis.connection.RedisConnectionFactory' (OnClassCondition)

   RedisHealthContributorAutoConfiguration:
      Did not match:
         - @ConditionalOnClass did not find required class 'org.springframework.data.redis.connection.RedisConnectionFactory' (OnClassCondition)

   RedisReactiveAutoConfiguration:
      Did not match:
         - @ConditionalOnClass did not find required class 'reactor.core.publisher.Flux' (OnClassCondition)

   RedisReactiveHealthContributorAutoConfiguration:
      Did not match:
         - @ConditionalOnClass did not find required class 'reactor.core.publisher.Flux' (OnClassCondition)

   RedisRepositoriesAutoConfiguration:
      Did not match:
         - @ConditionalOnClass did not find required class 'org.springframework.data.redis.repository.configuration.EnableRedisRepositories' (OnClassCondition)

   RepositoryRestMvcAutoConfiguration:
      Did not match:
         - @ConditionalOnClass did not find required class 'org.springframework.data.rest.webmvc.config.RepositoryRestMvcConfiguration' (OnClassCondition)

   Saml2RelyingPartyAutoConfiguration:
      Did not match:
         - @ConditionalOnClass did not find required class 'org.springframework.security.saml2.provider.service.registration.RelyingPartyRegistrationRepository' (OnClassCondition)

   SbomEndpointAutoConfiguration:
      Did not match:
         - @ConditionalOnAvailableEndpoint no 'management.endpoints' property marked it as exposed (OnAvailableEndpointCondition)

   ScheduledTasksEndpointAutoConfiguration:
      Did not match:
         - @ConditionalOnAvailableEndpoint no 'management.endpoints' property marked it as exposed (OnAvailableEndpointCondition)

   SecurityDataConfiguration:
      Did not match:
         - @ConditionalOnClass did not find required class 'org.springframework.security.data.repository.query.SecurityEvaluationContextExtension' (OnClassCondition)

   SecurityRequestMatchersManagementContextConfiguration.JerseyRequestMatcherConfiguration:
      Did not match:
         - @ConditionalOnClass did not find required class 'org.glassfish.jersey.server.ResourceConfig' (OnClassCondition)

   SendGridAutoConfiguration:
      Did not match:
         - @ConditionalOnClass did not find required class 'com.sendgrid.SendGrid' (OnClassCondition)

   ServletEndpointManagementContextConfiguration.JerseyServletEndpointManagementContextConfiguration:
      Did not match:
         - @ConditionalOnClass did not find required class 'org.glassfish.jersey.server.ResourceConfig' (OnClassCondition)

   ServletManagementContextAutoConfiguration.ApplicationContextFilterConfiguration:
      Did not match:
         - @ConditionalOnProperty (management.server.add-application-context-header=true) did not find property 'add-application-context-header' (OnPropertyCondition)

   ServletWebServerFactoryAutoConfiguration.ForwardedHeaderFilterConfiguration:
      Did not match:
         - @ConditionalOnProperty (server.forward-headers-strategy=framework) did not find property 'server.forward-headers-strategy' (OnPropertyCondition)

   ServletWebServerFactoryConfiguration.EmbeddedJetty:
      Did not match:
         - @ConditionalOnClass did not find required classes 'org.eclipse.jetty.server.Server', 'org.eclipse.jetty.util.Loader', 'org.eclipse.jetty.ee10.webapp.WebAppContext' (OnClassCondition)

   ServletWebServerFactoryConfiguration.EmbeddedUndertow:
      Did not match:
         - @ConditionalOnClass did not find required classes 'io.undertow.Undertow', 'org.xnio.SslClientAuthMode' (OnClassCondition)

   SessionAutoConfiguration:
      Did not match:
         - @ConditionalOnClass did not find required class 'org.springframework.session.Session' (OnClassCondition)

   SessionsEndpointAutoConfiguration:
      Did not match:
         - @ConditionalOnClass did not find required class 'org.springframework.session.Session' (OnClassCondition)

   ShutdownEndpointAutoConfiguration:
      Did not match:
         - @ConditionalOnAvailableEndpoint no property management.endpoint.shutdown.enabled found so using endpoint default of false (OnAvailableEndpointCondition)

   SignalFxMetricsExportAutoConfiguration:
      Did not match:
         - @ConditionalOnClass did not find required class 'io.micrometer.signalfx.SignalFxMeterRegistry' (OnClassCondition)

   SpringApplicationAdminJmxAutoConfiguration:
      Did not match:
         - @ConditionalOnProperty (spring.application.admin.enabled=true) did not find property 'enabled' (OnPropertyCondition)

   SpringBootWebSecurityConfiguration.SecurityFilterChainConfiguration:
      Did not match:
         - AllNestedConditions 1 matched 1 did not; NestedCondition on DefaultWebSecurityCondition.Beans @ConditionalOnMissingBean (types: org.springframework.security.web.SecurityFilterChain; SearchStrategy: all) found beans of type 'org.springframework.security.web.SecurityFilterChain' securityFilterChain; NestedCondition on DefaultWebSecurityCondition.Classes @ConditionalOnClass found required classes 'org.springframework.security.web.SecurityFilterChain', 'org.springframework.security.config.annotation.web.builders.HttpSecurity' (DefaultWebSecurityCondition)

   StackdriverMetricsExportAutoConfiguration:
      Did not match:
         - @ConditionalOnClass did not find required class 'io.micrometer.stackdriver.StackdriverMeterRegistry' (OnClassCondition)

   StartupEndpointAutoConfiguration:
      Did not match:
         - ApplicationStartup configured applicationStartup is of type class org.springframework.core.metrics.DefaultApplicationStartup, expected BufferingApplicationStartup. (StartupEndpointAutoConfiguration.ApplicationStartupCondition)

   StatsdMetricsExportAutoConfiguration:
      Did not match:
         - @ConditionalOnClass did not find required class 'io.micrometer.statsd.StatsdMeterRegistry' (OnClassCondition)

   TaskExecutorConfigurations.SimpleAsyncTaskExecutorBuilderConfiguration#simpleAsyncTaskExecutorBuilderVirtualThreads:
      Did not match:
         - @ConditionalOnMissingBean (types: org.springframework.boot.task.SimpleAsyncTaskExecutorBuilder; SearchStrategy: all) found beans of type 'org.springframework.boot.task.SimpleAsyncTaskExecutorBuilder' simpleAsyncTaskExecutorBuilder (OnBeanCondition)

   TaskExecutorConfigurations.TaskExecutorConfiguration:
      Did not match:
         - @ConditionalOnMissingBean (types: java.util.concurrent.Executor; SearchStrategy: all) found beans of type 'java.util.concurrent.Executor' emailTaskExecutor (OnBeanCondition)

   TaskSchedulingAutoConfiguration#scheduledBeanLazyInitializationExcludeFilter:
      Did not match:
         - @ConditionalOnBean (names: org.springframework.context.annotation.internalScheduledAnnotationProcessor; SearchStrategy: all) did not find any beans named org.springframework.context.annotation.internalScheduledAnnotationProcessor (OnBeanCondition)

   TaskSchedulingConfigurations.SimpleAsyncTaskSchedulerBuilderConfiguration#simpleAsyncTaskSchedulerBuilderVirtualThreads:
      Did not match:
         - @ConditionalOnMissingBean (types: org.springframework.boot.task.SimpleAsyncTaskSchedulerBuilder; SearchStrategy: all) found beans of type 'org.springframework.boot.task.SimpleAsyncTaskSchedulerBuilder' simpleAsyncTaskSchedulerBuilder (OnBeanCondition)

   TaskSchedulingConfigurations.TaskSchedulerConfiguration:
      Did not match:
         - @ConditionalOnBean (names: org.springframework.context.annotation.internalScheduledAnnotationProcessor; SearchStrategy: all) did not find any beans named org.springframework.context.annotation.internalScheduledAnnotationProcessor (OnBeanCondition)

   ThreadDumpEndpointAutoConfiguration:
      Did not match:
         - @ConditionalOnAvailableEndpoint no 'management.endpoints' property marked it as exposed (OnAvailableEndpointCondition)

   ThymeleafAutoConfiguration:
      Did not match:
         - @ConditionalOnClass did not find required class 'org.thymeleaf.spring6.SpringTemplateEngine' (OnClassCondition)

   TransactionAutoConfiguration#transactionalOperator:
      Did not match:
         - @ConditionalOnSingleCandidate (types: org.springframework.transaction.ReactiveTransactionManager; SearchStrategy: all) did not find any beans (OnBeanCondition)

   TransactionAutoConfiguration.AspectJTransactionManagementConfiguration:
      Did not match:
         - @ConditionalOnBean (types: org.springframework.transaction.aspectj.AbstractTransactionAspect; SearchStrategy: all) did not find any beans of type org.springframework.transaction.aspectj.AbstractTransactionAspect (OnBeanCondition)

   TransactionAutoConfiguration.EnableTransactionManagementConfiguration.JdkDynamicAutoProxyConfiguration:
      Did not match:
         - @ConditionalOnProperty (spring.aop.proxy-target-class=false) did not find property 'proxy-target-class' (OnPropertyCondition)

   WavefrontAutoConfiguration:
      Did not match:
         - @ConditionalOnClass did not find required class 'com.wavefront.sdk.common.application.ApplicationTags' (OnClassCondition)

   WavefrontMetricsExportAutoConfiguration:
      Did not match:
         - @ConditionalOnClass did not find required class 'com.wavefront.sdk.common.WavefrontSender' (OnClassCondition)

   WavefrontTracingAutoConfiguration:
      Did not match:
         - @ConditionalOnClass did not find required class 'com.wavefront.sdk.common.WavefrontSender' (OnClassCondition)

   WebClientAutoConfiguration:
      Did not match:
         - @ConditionalOnClass did not find required class 'org.springframework.web.reactive.function.client.WebClient' (OnClassCondition)

   WebClientObservationConfiguration:
      Did not match:
         - @ConditionalOnClass did not find required class 'org.springframework.web.reactive.function.client.WebClient' (OnClassCondition)

   WebFluxAutoConfiguration:
      Did not match:
         - @ConditionalOnClass did not find required class 'org.springframework.web.reactive.config.WebFluxConfigurer' (OnClassCondition)

   WebFluxEndpointManagementContextConfiguration:
      Did not match:
         - @ConditionalOnClass did not find required class 'org.springframework.web.reactive.DispatcherHandler' (OnClassCondition)

   WebFluxObservationAutoConfiguration:
      Did not match:
         - @ConditionalOnWebApplication did not find reactive web application classes (OnWebApplicationCondition)

   WebMvcAutoConfiguration#hiddenHttpMethodFilter:
      Did not match:
         - @ConditionalOnProperty (spring.mvc.hiddenmethod.filter.enabled) did not find property 'enabled' (OnPropertyCondition)

   WebMvcAutoConfiguration.ProblemDetailsErrorHandlingConfiguration:
      Did not match:
         - @ConditionalOnProperty (spring.mvc.problemdetails.enabled=true) did not find property 'enabled' (OnPropertyCondition)

   WebMvcAutoConfiguration.ResourceChainCustomizerConfiguration:
      Did not match:
         - @ConditionalOnEnabledResourceChain did not find class org.webjars.WebJarAssetLocator (OnEnabledResourceChainCondition)

   WebMvcAutoConfiguration.WebMvcAutoConfigurationAdapter#beanNameViewResolver:
      Did not match:
         - @ConditionalOnMissingBean (types: org.springframework.web.servlet.view.BeanNameViewResolver; SearchStrategy: all) found beans of type 'org.springframework.web.servlet.view.BeanNameViewResolver' beanNameViewResolver (OnBeanCondition)

   WebMvcEndpointManagementContextConfiguration#managementHealthEndpointWebMvcHandlerMapping:
      Did not match:
         - Management Port actual port type (SAME) did not match required type (DIFFERENT) (OnManagementPortCondition)

   WebServiceTemplateAutoConfiguration:
      Did not match:
         - @ConditionalOnClass did not find required class 'org.springframework.oxm.Marshaller' (OnClassCondition)

   WebServicesAutoConfiguration:
      Did not match:
         - @ConditionalOnClass did not find required class 'org.springframework.ws.transport.http.MessageDispatcherServlet' (OnClassCondition)

   WebSessionIdResolverAutoConfiguration:
      Did not match:
         - @ConditionalOnClass did not find required class 'reactor.core.publisher.Mono' (OnClassCondition)

   WebSocketMessagingAutoConfiguration:
      Did not match:
         - @ConditionalOnClass did not find required class 'org.springframework.web.socket.config.annotation.WebSocketMessageBrokerConfigurer' (OnClassCondition)

   WebSocketReactiveAutoConfiguration:
      Did not match:
         - @ConditionalOnWebApplication did not find reactive web application classes (OnWebApplicationCondition)

   WebSocketServletAutoConfiguration.JettyWebSocketConfiguration:
      Did not match:
         - @ConditionalOnClass did not find required class 'org.eclipse.jetty.ee10.websocket.jakarta.server.config.JakartaWebSocketServletContainerInitializer' (OnClassCondition)

   WebSocketServletAutoConfiguration.UndertowWebSocketConfiguration:
      Did not match:
         - @ConditionalOnClass did not find required class 'io.undertow.websockets.jsr.Bootstrap' (OnClassCondition)

   XADataSourceAutoConfiguration:
      Did not match:
         - @ConditionalOnBean (types: org.springframework.boot.jdbc.XADataSourceWrapper; SearchStrategy: all) did not find any beans of type org.springframework.boot.jdbc.XADataSourceWrapper (OnBeanCondition)
      Matched:
         - @ConditionalOnClass found required classes 'javax.sql.DataSource', 'jakarta.transaction.TransactionManager', 'org.springframework.jdbc.datasource.embedded.EmbeddedDatabaseType' (OnClassCondition)

   ZipkinAutoConfiguration:
      Did not match:
         - @ConditionalOnClass did not find required class 'zipkin2.reporter.Encoding' (OnClassCondition)


Exclusions:
-----------

    None


Unconditional classes:
----------------------

    org.springframework.boot.autoconfigure.context.ConfigurationPropertiesAutoConfiguration

    org.springframework.boot.actuate.autoconfigure.availability.AvailabilityHealthContributorAutoConfiguration

    org.springframework.boot.autoconfigure.ssl.SslAutoConfiguration

    org.springframework.boot.actuate.autoconfigure.info.InfoContributorAutoConfiguration

    org.springframework.boot.autoconfigure.context.PropertyPlaceholderAutoConfiguration

    org.springframework.boot.autoconfigure.context.LifecycleAutoConfiguration

    org.springframework.boot.actuate.autoconfigure.metrics.integration.IntegrationMetricsAutoConfiguration

    org.springframework.boot.actuate.autoconfigure.endpoint.EndpointAutoConfiguration

    org.springframework.boot.actuate.autoconfigure.web.server.ManagementContextAutoConfiguration

    org.springframework.boot.actuate.autoconfigure.health.HealthContributorAutoConfiguration

    org.springframework.boot.actuate.autoconfigure.endpoint.jackson.JacksonEndpointAutoConfiguration

    org.springframework.boot.autoconfigure.availability.ApplicationAvailabilityAutoConfiguration

    org.springframework.boot.autoconfigure.info.ProjectInfoAutoConfiguration



2026-09-30T12:31:24.585+02:00  INFO 20356 --- [ulwembu-platform-api] [           main] c.ehealth.platform.PlatformApplication   : Started PlatformApplication in 10.814 seconds (process running for 11.442)
2026-09-30T12:31:24.660+02:00 DEBUG 20356 --- [ulwembu-platform-api] [           main] o.s.b.a.ApplicationAvailabilityBean      : Application availability state LivenessState changed to CORRECT
2026-09-30T12:31:24.840+02:00  INFO 20356 --- [ulwembu-platform-api] [           main] org.flywaydb.core.FlywayExecutor         : Database: jdbc:postgresql://localhost:5432/E-ulwembu (PostgreSQL 18.4)
2026-09-30T12:31:24.852+02:00  WARN 20356 --- [ulwembu-platform-api] [           main] o.f.c.internal.database.base.Database    : Flyway upgrade recommended: PostgreSQL 18.4 is newer than this version of Flyway and support has not been tested. The latest supported version of PostgreSQL is 16.
2026-09-30T12:31:24.890+02:00  INFO 20356 --- [ulwembu-platform-api] [           main] o.f.core.internal.command.DbValidate     : Successfully validated 12 migrations (execution time 00:00.027s)
2026-09-30T12:31:24.904+02:00  INFO 20356 --- [ulwembu-platform-api] [           main] o.f.core.internal.command.DbMigrate      : Current version of schema "control": 11
2026-09-30T12:31:24.906+02:00  INFO 20356 --- [ulwembu-platform-api] [           main] o.f.core.internal.command.DbMigrate      : Schema "control" is up to date. No migration necessary.
2026-09-30T12:31:24.997+02:00 DEBUG 20356 --- [ulwembu-platform-api] [           main] org.hibernate.SQL                        : select o1_0.id,o1_0.branding,o1_0.created_at,o1_0.display_name,o1_0.mail_settings,o1_0.profile,o1_0.schema_name,o1_0.sector,o1_0.slug,o1_0.sso_settings,o1_0.status,o1_0.tenant_code from control.organizations o1_0
2026-09-30T12:31:25.033+02:00  INFO 20356 --- [ulwembu-platform-api] [           main] c.e.p.core.tenant.StartupMigrations      : Applying any pending tenant-schema migrations for 'demo-clinic'
2026-09-30T12:31:25.045+02:00  INFO 20356 --- [ulwembu-platform-api] [           main] org.flywaydb.core.FlywayExecutor         : Database: jdbc:postgresql://localhost:5432/E-ulwembu (PostgreSQL 18.4)
2026-09-30T12:31:25.046+02:00  WARN 20356 --- [ulwembu-platform-api] [           main] o.f.c.internal.database.base.Database    : Flyway upgrade recommended: PostgreSQL 18.4 is newer than this version of Flyway and support has not been tested. The latest supported version of PostgreSQL is 16.
2026-09-30T12:31:25.067+02:00  INFO 20356 --- [ulwembu-platform-api] [           main] o.f.core.internal.command.DbValidate     : Successfully validated 43 migrations (execution time 00:00.018s)
2026-09-30T12:31:25.073+02:00  INFO 20356 --- [ulwembu-platform-api] [           main] o.f.core.internal.command.DbMigrate      : Current version of schema "demo_clinic": 41
2026-09-30T12:31:25.084+02:00  INFO 20356 --- [ulwembu-platform-api] [           main] o.f.core.internal.command.DbMigrate      : Migrating schema "demo_clinic" to version "42 - prescriber dispensing"
2026-09-30T12:31:25.103+02:00  INFO 20356 --- [ulwembu-platform-api] [           main] o.f.core.internal.command.DbMigrate      : Migrating schema "demo_clinic" to version "43 - medical officer dispensing role"
2026-09-30T12:31:25.119+02:00  INFO 20356 --- [ulwembu-platform-api] [           main] o.f.core.internal.command.DbMigrate      : Successfully applied 2 migrations to schema "demo_clinic", now at version v43 (execution time 00:00.016s)
2026-09-30T12:31:25.167+02:00 DEBUG 20356 --- [ulwembu-platform-api] [           main] org.hibernate.SQL                        : select po1_0.id from control.platform_operators po1_0 where po1_0.email=? fetch first ? rows only
2026-09-30T12:31:25.173+02:00 DEBUG 20356 --- [ulwembu-platform-api] [           main] org.hibernate.SQL                        : select o1_0.id from control.organizations o1_0 where o1_0.slug=? fetch first ? rows only
2026-09-30T12:31:25.176+02:00 DEBUG 20356 --- [ulwembu-platform-api] [           main] o.s.b.a.ApplicationAvailabilityBean      : Application availability state ReadinessState changed to ACCEPTING_TRAFFIC
2026-09-30T12:31:27.587+02:00  INFO 20356 --- [ulwembu-platform-api] [nio-8081-exec-1] o.a.c.c.C.[Tomcat].[localhost].[/]       : Initializing Spring DispatcherServlet 'dispatcherServlet'
2026-09-30T12:31:27.588+02:00  INFO 20356 --- [ulwembu-platform-api] [nio-8081-exec-1] o.s.web.servlet.DispatcherServlet        : Initializing Servlet 'dispatcherServlet'
2026-09-30T12:31:27.589+02:00 DEBUG 20356 --- [ulwembu-platform-api] [nio-8081-exec-1] o.s.web.servlet.DispatcherServlet        : Detected StandardServletMultipartResolver
2026-09-30T12:31:27.589+02:00 DEBUG 20356 --- [ulwembu-platform-api] [nio-8081-exec-1] o.s.web.servlet.DispatcherServlet        : Detected AcceptHeaderLocaleResolver
2026-09-30T12:31:27.589+02:00 DEBUG 20356 --- [ulwembu-platform-api] [nio-8081-exec-1] o.s.web.servlet.DispatcherServlet        : Detected FixedThemeResolver
2026-09-30T12:31:27.590+02:00 DEBUG 20356 --- [ulwembu-platform-api] [nio-8081-exec-1] o.s.web.servlet.DispatcherServlet        : Detected org.springframework.web.servlet.view.DefaultRequestToViewNameTranslator@697cbc92
2026-09-30T12:31:27.590+02:00 DEBUG 20356 --- [ulwembu-platform-api] [nio-8081-exec-1] o.s.web.servlet.DispatcherServlet        : Detected org.springframework.web.servlet.support.SessionFlashMapManager@64aa895e
2026-09-30T12:31:27.591+02:00 DEBUG 20356 --- [ulwembu-platform-api] [nio-8081-exec-1] o.s.web.servlet.DispatcherServlet        : enableLoggingRequestDetails='false': request parameters and headers will be masked to prevent unsafe logging of potentially sensitive data
2026-09-30T12:31:27.591+02:00  INFO 20356 --- [ulwembu-platform-api] [nio-8081-exec-1] o.s.web.servlet.DispatcherServlet        : Completed initialization in 2 ms
2026-09-30T12:31:27.627+02:00 DEBUG 20356 --- [ulwembu-platform-api] [nio-8081-exec-1] o.s.web.servlet.DispatcherServlet        : GET "/actuator/health", parameters={}
2026-09-30T12:31:27.629+02:00 DEBUG 20356 --- [ulwembu-platform-api] [nio-8081-exec-1] s.b.a.e.w.s.WebMvcEndpointHandlerMapping : Mapped to Actuator web endpoint 'health'
2026-09-30T12:31:27.644+02:00 DEBUG 20356 --- [ulwembu-platform-api] [nio-8081-exec-1] m.m.a.RequestResponseBodyMethodProcessor : Read "application/octet-stream" to []
2026-09-30T12:31:27.665+02:00 DEBUG 20356 --- [ulwembu-platform-api] [nio-8081-exec-1] o.s.w.s.m.m.a.HttpEntityMethodProcessor  : Using 'application/vnd.spring-boot.actuator.v3+json', given [*/*] and supported [application/vnd.spring-boot.actuator.v3+json, application/vnd.spring-boot.actuator.v2+json, application/json]
2026-09-30T12:31:27.673+02:00 DEBUG 20356 --- [ulwembu-platform-api] [nio-8081-exec-1] o.s.w.s.m.m.a.HttpEntityMethodProcessor  : Writing [org.springframework.boot.actuate.health.SystemHealth@6f656ede]
2026-09-30T12:31:27.683+02:00 DEBUG 20356 --- [ulwembu-platform-api] [nio-8081-exec-1] o.s.web.servlet.DispatcherServlet        : Completed 200 OK
2026-09-30T12:35:29.865+02:00 DEBUG 20356 --- [ulwembu-platform-api] [nio-8081-exec-2] org.hibernate.SQL                        : select o1_0.id,o1_0.branding,o1_0.created_at,o1_0.display_name,o1_0.mail_settings,o1_0.profile,o1_0.schema_name,o1_0.sector,o1_0.slug,o1_0.sso_settings,o1_0.status,o1_0.tenant_code from control.organizations o1_0 where o1_0.slug=?
2026-09-30T12:35:29.873+02:00 DEBUG 20356 --- [ulwembu-platform-api] [nio-8081-exec-2] o.s.web.servlet.DispatcherServlet        : GET "/api/v1/public/organization", parameters={}
2026-09-30T12:35:29.874+02:00 DEBUG 20356 --- [ulwembu-platform-api] [nio-8081-exec-2] s.w.s.m.m.a.RequestMappingHandlerMapping : Mapped to co.ehealth.platform.core.tenant.PublicOrganizationController#getPublicOrganization()
2026-09-30T12:35:29.876+02:00 DEBUG 20356 --- [ulwembu-platform-api] [nio-8081-exec-2] org.hibernate.SQL                        : select o1_0.id,o1_0.branding,o1_0.created_at,o1_0.display_name,o1_0.mail_settings,o1_0.profile,o1_0.schema_name,o1_0.sector,o1_0.slug,o1_0.sso_settings,o1_0.status,o1_0.tenant_code from control.organizations o1_0 where o1_0.schema_name=?
2026-09-30T12:35:29.882+02:00 DEBUG 20356 --- [ulwembu-platform-api] [nio-8081-exec-2] o.s.w.s.m.m.a.HttpEntityMethodProcessor  : Using 'application/json', given [*/*] and supported [application/json, application/*+json]
2026-09-30T12:35:29.888+02:00 DEBUG 20356 --- [ulwembu-platform-api] [nio-8081-exec-2] o.s.w.s.m.m.a.HttpEntityMethodProcessor  : Writing [PublicOrganizationResponse[displayName=Demo Community Clinic, slug=demo-clinic, logoUrl=null, primar (truncated)...]
2026-09-30T12:35:29.890+02:00 DEBUG 20356 --- [ulwembu-platform-api] [nio-8081-exec-2] o.s.web.servlet.DispatcherServlet        : Completed 200 OK
2026-09-30T12:35:36.797+02:00 DEBUG 20356 --- [ulwembu-platform-api] [nio-8081-exec-6] org.hibernate.SQL                        : select o1_0.id,o1_0.branding,o1_0.created_at,o1_0.display_name,o1_0.mail_settings,o1_0.profile,o1_0.schema_name,o1_0.sector,o1_0.slug,o1_0.sso_settings,o1_0.status,o1_0.tenant_code from control.organizations o1_0 where o1_0.slug=?
2026-09-30T12:35:36.803+02:00 DEBUG 20356 --- [ulwembu-platform-api] [nio-8081-exec-6] o.s.web.servlet.DispatcherServlet        : GET "/api/v1/public/organization", parameters={}
2026-09-30T12:35:36.803+02:00 DEBUG 20356 --- [ulwembu-platform-api] [nio-8081-exec-6] s.w.s.m.m.a.RequestMappingHandlerMapping : Mapped to co.ehealth.platform.core.tenant.PublicOrganizationController#getPublicOrganization()
2026-09-30T12:35:36.805+02:00 DEBUG 20356 --- [ulwembu-platform-api] [nio-8081-exec-6] org.hibernate.SQL                        : select o1_0.id,o1_0.branding,o1_0.created_at,o1_0.display_name,o1_0.mail_settings,o1_0.profile,o1_0.schema_name,o1_0.sector,o1_0.slug,o1_0.sso_settings,o1_0.status,o1_0.tenant_code from control.organizations o1_0 where o1_0.schema_name=?
2026-09-30T12:35:36.808+02:00 DEBUG 20356 --- [ulwembu-platform-api] [nio-8081-exec-6] o.s.w.s.m.m.a.HttpEntityMethodProcessor  : Using 'application/json', given [*/*] and supported [application/json, application/*+json]
2026-09-30T12:35:36.809+02:00 DEBUG 20356 --- [ulwembu-platform-api] [nio-8081-exec-6] o.s.w.s.m.m.a.HttpEntityMethodProcessor  : Writing [PublicOrganizationResponse[displayName=Demo Community Clinic, slug=demo-clinic, logoUrl=null, primar (truncated)...]
2026-09-30T12:35:36.810+02:00 DEBUG 20356 --- [ulwembu-platform-api] [nio-8081-exec-6] o.s.web.servlet.DispatcherServlet        : Completed 200 OK
2026-09-30T12:35:37.517+02:00 DEBUG 20356 --- [ulwembu-platform-api] [nio-8081-exec-7] org.hibernate.SQL                        : select o1_0.id,o1_0.branding,o1_0.created_at,o1_0.display_name,o1_0.mail_settings,o1_0.profile,o1_0.schema_name,o1_0.sector,o1_0.slug,o1_0.sso_settings,o1_0.status,o1_0.tenant_code from control.organizations o1_0 where o1_0.slug=?
2026-09-30T12:35:37.521+02:00 DEBUG 20356 --- [ulwembu-platform-api] [nio-8081-exec-7] o.s.web.servlet.DispatcherServlet        : GET "/api/v1/public/organization", parameters={}
2026-09-30T12:35:37.522+02:00 DEBUG 20356 --- [ulwembu-platform-api] [nio-8081-exec-7] s.w.s.m.m.a.RequestMappingHandlerMapping : Mapped to co.ehealth.platform.core.tenant.PublicOrganizationController#getPublicOrganization()
2026-09-30T12:35:37.524+02:00 DEBUG 20356 --- [ulwembu-platform-api] [nio-8081-exec-7] org.hibernate.SQL                        : select o1_0.id,o1_0.branding,o1_0.created_at,o1_0.display_name,o1_0.mail_settings,o1_0.profile,o1_0.schema_name,o1_0.sector,o1_0.slug,o1_0.sso_settings,o1_0.status,o1_0.tenant_code from control.organizations o1_0 where o1_0.schema_name=?
2026-09-30T12:35:37.529+02:00 DEBUG 20356 --- [ulwembu-platform-api] [nio-8081-exec-7] o.s.w.s.m.m.a.HttpEntityMethodProcessor  : Using 'application/json', given [*/*] and supported [application/json, application/*+json]
2026-09-30T12:35:37.529+02:00 DEBUG 20356 --- [ulwembu-platform-api] [nio-8081-exec-7] o.s.w.s.m.m.a.HttpEntityMethodProcessor  : Writing [PublicOrganizationResponse[displayName=Demo Community Clinic, slug=demo-clinic, logoUrl=null, primar (truncated)...]
2026-09-30T12:35:37.530+02:00 DEBUG 20356 --- [ulwembu-platform-api] [nio-8081-exec-7] o.s.web.servlet.DispatcherServlet        : Completed 200 OK
2026-09-30T12:35:53.702+02:00 DEBUG 20356 --- [ulwembu-platform-api] [nio-8081-exec-1] o.s.web.servlet.DispatcherServlet        : GET "/actuator/health", parameters={}
2026-09-30T12:35:53.703+02:00 DEBUG 20356 --- [ulwembu-platform-api] [nio-8081-exec-1] s.b.a.e.w.s.WebMvcEndpointHandlerMapping : Mapped to Actuator web endpoint 'health'
2026-09-30T12:35:53.703+02:00 DEBUG 20356 --- [ulwembu-platform-api] [nio-8081-exec-1] m.m.a.RequestResponseBodyMethodProcessor : Read "application/octet-stream" to []
2026-09-30T12:35:53.705+02:00 DEBUG 20356 --- [ulwembu-platform-api] [nio-8081-exec-1] o.s.w.s.m.m.a.HttpEntityMethodProcessor  : Using 'application/vnd.spring-boot.actuator.v3+json', given [*/*] and supported [application/vnd.spring-boot.actuator.v3+json, application/vnd.spring-boot.actuator.v2+json, application/json]
2026-09-30T12:35:53.706+02:00 DEBUG 20356 --- [ulwembu-platform-api] [nio-8081-exec-1] o.s.w.s.m.m.a.HttpEntityMethodProcessor  : Writing [org.springframework.boot.actuate.health.SystemHealth@5c1e0ae2]
2026-09-30T12:35:53.707+02:00 DEBUG 20356 --- [ulwembu-platform-api] [nio-8081-exec-1] o.s.web.servlet.DispatcherServlet        : Completed 200 OK
2026-09-30T12:37:30.175+02:00 DEBUG 20356 --- [ulwembu-platform-api] [nio-8081-exec-4] o.s.web.servlet.DispatcherServlet        : GET "/actuator/health", parameters={}
2026-09-30T12:37:30.176+02:00 DEBUG 20356 --- [ulwembu-platform-api] [nio-8081-exec-4] s.b.a.e.w.s.WebMvcEndpointHandlerMapping : Mapped to Actuator web endpoint 'health'
2026-09-30T12:37:30.176+02:00 DEBUG 20356 --- [ulwembu-platform-api] [nio-8081-exec-4] m.m.a.RequestResponseBodyMethodProcessor : Read "application/octet-stream" to []
2026-09-30T12:37:30.178+02:00 DEBUG 20356 --- [ulwembu-platform-api] [nio-8081-exec-4] o.s.w.s.m.m.a.HttpEntityMethodProcessor  : Using 'application/vnd.spring-boot.actuator.v3+json', given [*/*] and supported [application/vnd.spring-boot.actuator.v3+json, application/vnd.spring-boot.actuator.v2+json, application/json]
2026-09-30T12:37:30.179+02:00 DEBUG 20356 --- [ulwembu-platform-api] [nio-8081-exec-4] o.s.w.s.m.m.a.HttpEntityMethodProcessor  : Writing [org.springframework.boot.actuate.health.SystemHealth@3809f99b]
2026-09-30T12:37:30.180+02:00 DEBUG 20356 --- [ulwembu-platform-api] [nio-8081-exec-4] o.s.web.servlet.DispatcherServlet        : Completed 200 OK
2026-09-30T12:38:29.296+02:00 DEBUG 20356 --- [ulwembu-platform-api] [nio-8081-exec-6] org.hibernate.SQL                        : select o1_0.id,o1_0.branding,o1_0.created_at,o1_0.display_name,o1_0.mail_settings,o1_0.profile,o1_0.schema_name,o1_0.sector,o1_0.slug,o1_0.sso_settings,o1_0.status,o1_0.tenant_code from control.organizations o1_0 where o1_0.slug=?
2026-09-30T12:38:29.301+02:00 DEBUG 20356 --- [ulwembu-platform-api] [nio-8081-exec-6] o.s.web.servlet.DispatcherServlet        : POST "/api/v1/auth/login", parameters={}
2026-09-30T12:38:29.302+02:00 DEBUG 20356 --- [ulwembu-platform-api] [nio-8081-exec-6] s.w.s.m.m.a.RequestMappingHandlerMapping : Mapped to co.ehealth.platform.identity.AuthController#login(LoginRequest)
2026-09-30T12:38:29.316+02:00 DEBUG 20356 --- [ulwembu-platform-api] [nio-8081-exec-6] m.m.a.RequestResponseBodyMethodProcessor : Read "application/json;charset=UTF-8" to [LoginRequest[email=admin@democlinic.example, password=QPbNcyCn7kBtkUMB]]
2026-09-30T12:38:29.367+02:00 DEBUG 20356 --- [ulwembu-platform-api] [nio-8081-exec-6] org.hibernate.SQL                        : select u1_0.id,u1_0.contact_number,u1_0.contact_verified_at,u1_0.date_of_birth,u1_0.department,u1_0.designation,u1_0.email,u1_0.email_verified_at,u1_0.emergency_contact_name,u1_0.emergency_contact_phone,u1_0.emergency_contact_relationship,u1_0.employee_number,u1_0.employment_end_date,u1_0.employment_start_date,u1_0.employment_type,u1_0.facility_id,u1_0.failed_login_count,u1_0.first_name,u1_0.gender,u1_0.hpcsa_expiry_date,u1_0.hpcsa_number,u1_0.id_number,u1_0.last_failed_login_at,u1_0.last_login_at,u1_0.last_name,u1_0.locked_at,u1_0.manager_id,u1_0.must_change_password,u1_0.password_hash,u1_0.profile_photo_url,u1_0.sanc_expiry_date,u1_0.sanc_number,u1_0.sapc_expiry_date,u1_0.sapc_number,u1_0.status,u1_0.token_version from users u1_0 where u1_0.email=?
2026-09-30T12:38:29.673+02:00 DEBUG 20356 --- [ulwembu-platform-api] [nio-8081-exec-6] org.hibernate.SQL                        : update users set contact_number=?,contact_verified_at=?,date_of_birth=?,department=?,designation=?,email=?,email_verified_at=?,emergency_contact_name=?,emergency_contact_phone=?,emergency_contact_relationship=?,employee_number=?,employment_end_date=?,employment_start_date=?,employment_type=?,facility_id=?,failed_login_count=?,first_name=?,gender=?,hpcsa_expiry_date=?,hpcsa_number=?,id_number=?,last_failed_login_at=?,last_login_at=?,last_name=?,locked_at=?,manager_id=?,must_change_password=?,password_hash=?,profile_photo_url=?,sanc_expiry_date=?,sanc_number=?,sapc_expiry_date=?,sapc_number=?,status=?,token_version=? where id=?
2026-09-30T12:38:29.684+02:00 DEBUG 20356 --- [ulwembu-platform-api] [nio-8081-exec-6] org.hibernate.SQL                        : select r.name from roles r, user_roles ur where ur.role_id = r.id and ur.user_id = ?
2026-09-30T12:38:29.724+02:00 DEBUG 20356 --- [ulwembu-platform-api] [nio-8081-exec-6] org.hibernate.SQL                        : insert into audit_log (action,after_value,before_value,created_at,device_signature,entity_id,entity_type,facility_id,ip_address,user_id,id) values (?,?,?,?,?,?,?,?,?,?,?)
2026-09-30T12:38:29.733+02:00 DEBUG 20356 --- [ulwembu-platform-api] [nio-8081-exec-6] org.hibernate.SQL                        : select u1_0.id,u1_0.contact_number,u1_0.contact_verified_at,u1_0.date_of_birth,u1_0.department,u1_0.designation,u1_0.email,u1_0.email_verified_at,u1_0.emergency_contact_name,u1_0.emergency_contact_phone,u1_0.emergency_contact_relationship,u1_0.employee_number,u1_0.employment_end_date,u1_0.employment_start_date,u1_0.employment_type,u1_0.facility_id,u1_0.failed_login_count,u1_0.first_name,u1_0.gender,u1_0.hpcsa_expiry_date,u1_0.hpcsa_number,u1_0.id_number,u1_0.last_failed_login_at,u1_0.last_login_at,u1_0.last_name,u1_0.locked_at,u1_0.manager_id,u1_0.must_change_password,u1_0.password_hash,u1_0.profile_photo_url,u1_0.sanc_expiry_date,u1_0.sanc_number,u1_0.sapc_expiry_date,u1_0.sapc_number,u1_0.status,u1_0.token_version from users u1_0 where u1_0.email=?
2026-09-30T12:38:29.739+02:00 DEBUG 20356 --- [ulwembu-platform-api] [nio-8081-exec-6] o.s.w.s.m.m.a.HttpEntityMethodProcessor  : Using 'application/json', given [*/*] and supported [application/json, application/*+json]
2026-09-30T12:38:29.742+02:00 DEBUG 20356 --- [ulwembu-platform-api] [nio-8081-exec-6] o.s.w.s.m.m.a.HttpEntityMethodProcessor  : Writing [LoginResponse[accessToken=eyJhbGciOiJIUzI1NiJ9.eyJqdGkiOiI0YWIwMzI5Ny1jZDdhLTRmNzctOWVjZi0wOTY4YjVjM (truncated)...]
2026-09-30T12:38:29.743+02:00 DEBUG 20356 --- [ulwembu-platform-api] [nio-8081-exec-6] o.s.web.servlet.DispatcherServlet        : Completed 200 OK
2026-09-30T12:38:29.773+02:00 DEBUG 20356 --- [ulwembu-platform-api] [io-8081-exec-10] org.hibernate.SQL                        : select o1_0.id,o1_0.branding,o1_0.created_at,o1_0.display_name,o1_0.mail_settings,o1_0.profile,o1_0.schema_name,o1_0.sector,o1_0.slug,o1_0.sso_settings,o1_0.status,o1_0.tenant_code from control.organizations o1_0 where o1_0.slug=?
2026-09-30T12:38:29.773+02:00 DEBUG 20356 --- [ulwembu-platform-api] [nio-8081-exec-3] org.hibernate.SQL                        : select o1_0.id,o1_0.branding,o1_0.created_at,o1_0.display_name,o1_0.mail_settings,o1_0.profile,o1_0.schema_name,o1_0.sector,o1_0.slug,o1_0.sso_settings,o1_0.status,o1_0.tenant_code from control.organizations o1_0 where o1_0.slug=?
2026-09-30T12:38:29.773+02:00 DEBUG 20356 --- [ulwembu-platform-api] [nio-8081-exec-1] org.hibernate.SQL                        : select o1_0.id,o1_0.branding,o1_0.created_at,o1_0.display_name,o1_0.mail_settings,o1_0.profile,o1_0.schema_name,o1_0.sector,o1_0.slug,o1_0.sso_settings,o1_0.status,o1_0.tenant_code from control.organizations o1_0 where o1_0.slug=?
2026-09-30T12:38:29.796+02:00 DEBUG 20356 --- [ulwembu-platform-api] [io-8081-exec-10] org.hibernate.SQL                        : select u1_0.id,u1_0.contact_number,u1_0.contact_verified_at,u1_0.date_of_birth,u1_0.department,u1_0.designation,u1_0.email,u1_0.email_verified_at,u1_0.emergency_contact_name,u1_0.emergency_contact_phone,u1_0.emergency_contact_relationship,u1_0.employee_number,u1_0.employment_end_date,u1_0.employment_start_date,u1_0.employment_type,u1_0.facility_id,u1_0.failed_login_count,u1_0.first_name,u1_0.gender,u1_0.hpcsa_expiry_date,u1_0.hpcsa_number,u1_0.id_number,u1_0.last_failed_login_at,u1_0.last_login_at,u1_0.last_name,u1_0.locked_at,u1_0.manager_id,u1_0.must_change_password,u1_0.password_hash,u1_0.profile_photo_url,u1_0.sanc_expiry_date,u1_0.sanc_number,u1_0.sapc_expiry_date,u1_0.sapc_number,u1_0.status,u1_0.token_version from users u1_0 where u1_0.id=?
2026-09-30T12:38:29.796+02:00 DEBUG 20356 --- [ulwembu-platform-api] [nio-8081-exec-3] org.hibernate.SQL                        : select u1_0.id,u1_0.contact_number,u1_0.contact_verified_at,u1_0.date_of_birth,u1_0.department,u1_0.designation,u1_0.email,u1_0.email_verified_at,u1_0.emergency_contact_name,u1_0.emergency_contact_phone,u1_0.emergency_contact_relationship,u1_0.employee_number,u1_0.employment_end_date,u1_0.employment_start_date,u1_0.employment_type,u1_0.facility_id,u1_0.failed_login_count,u1_0.first_name,u1_0.gender,u1_0.hpcsa_expiry_date,u1_0.hpcsa_number,u1_0.id_number,u1_0.last_failed_login_at,u1_0.last_login_at,u1_0.last_name,u1_0.locked_at,u1_0.manager_id,u1_0.must_change_password,u1_0.password_hash,u1_0.profile_photo_url,u1_0.sanc_expiry_date,u1_0.sanc_number,u1_0.sapc_expiry_date,u1_0.sapc_number,u1_0.status,u1_0.token_version from users u1_0 where u1_0.id=?
2026-09-30T12:38:29.796+02:00 DEBUG 20356 --- [ulwembu-platform-api] [nio-8081-exec-1] org.hibernate.SQL                        : select u1_0.id,u1_0.contact_number,u1_0.contact_verified_at,u1_0.date_of_birth,u1_0.department,u1_0.designation,u1_0.email,u1_0.email_verified_at,u1_0.emergency_contact_name,u1_0.emergency_contact_phone,u1_0.emergency_contact_relationship,u1_0.employee_number,u1_0.employment_end_date,u1_0.employment_start_date,u1_0.employment_type,u1_0.facility_id,u1_0.failed_login_count,u1_0.first_name,u1_0.gender,u1_0.hpcsa_expiry_date,u1_0.hpcsa_number,u1_0.id_number,u1_0.last_failed_login_at,u1_0.last_login_at,u1_0.last_name,u1_0.locked_at,u1_0.manager_id,u1_0.must_change_password,u1_0.password_hash,u1_0.profile_photo_url,u1_0.sanc_expiry_date,u1_0.sanc_number,u1_0.sapc_expiry_date,u1_0.sapc_number,u1_0.status,u1_0.token_version from users u1_0 where u1_0.id=?
2026-09-30T12:38:29.801+02:00 DEBUG 20356 --- [ulwembu-platform-api] [nio-8081-exec-1] o.s.web.servlet.DispatcherServlet        : GET "/api/v1/organization/modules", parameters={}
2026-09-30T12:38:29.801+02:00 DEBUG 20356 --- [ulwembu-platform-api] [io-8081-exec-10] o.s.web.servlet.DispatcherServlet        : GET "/api/v1/organization", parameters={}
2026-09-30T12:38:29.801+02:00 DEBUG 20356 --- [ulwembu-platform-api] [nio-8081-exec-1] s.w.s.m.m.a.RequestMappingHandlerMapping : Mapped to co.ehealth.platform.core.tenant.OrganizationBrandingController#getModules()
2026-09-30T12:38:29.802+02:00 DEBUG 20356 --- [ulwembu-platform-api] [io-8081-exec-10] s.w.s.m.m.a.RequestMappingHandlerMapping : Mapped to co.ehealth.platform.core.tenant.OrganizationBrandingController#getOrganization()
2026-09-30T12:38:29.803+02:00 DEBUG 20356 --- [ulwembu-platform-api] [nio-8081-exec-3] o.s.web.servlet.DispatcherServlet        : GET "/api/v1/admin/staff", parameters={}
2026-09-30T12:38:29.803+02:00 DEBUG 20356 --- [ulwembu-platform-api] [nio-8081-exec-3] s.w.s.m.m.a.RequestMappingHandlerMapping : Mapped to co.ehealth.platform.identity.StaffController#list()
2026-09-30T12:38:29.803+02:00 DEBUG 20356 --- [ulwembu-platform-api] [nio-8081-exec-1] org.hibernate.SQL                        : select o1_0.id,o1_0.branding,o1_0.created_at,o1_0.display_name,o1_0.mail_settings,o1_0.profile,o1_0.schema_name,o1_0.sector,o1_0.slug,o1_0.sso_settings,o1_0.status,o1_0.tenant_code from control.organizations o1_0 where o1_0.schema_name=?
2026-09-30T12:38:29.803+02:00 DEBUG 20356 --- [ulwembu-platform-api] [io-8081-exec-10] org.hibernate.SQL                        : select o1_0.id,o1_0.branding,o1_0.created_at,o1_0.display_name,o1_0.mail_settings,o1_0.profile,o1_0.schema_name,o1_0.sector,o1_0.slug,o1_0.sso_settings,o1_0.status,o1_0.tenant_code from control.organizations o1_0 where o1_0.schema_name=?
2026-09-30T12:38:29.806+02:00 DEBUG 20356 --- [ulwembu-platform-api] [nio-8081-exec-3] org.hibernate.SQL                        : select u1_0.id,u1_0.contact_number,u1_0.contact_verified_at,u1_0.date_of_birth,u1_0.department,u1_0.designation,u1_0.email,u1_0.email_verified_at,u1_0.emergency_contact_name,u1_0.emergency_contact_phone,u1_0.emergency_contact_relationship,u1_0.employee_number,u1_0.employment_end_date,u1_0.employment_start_date,u1_0.employment_type,u1_0.facility_id,u1_0.failed_login_count,u1_0.first_name,u1_0.gender,u1_0.hpcsa_expiry_date,u1_0.hpcsa_number,u1_0.id_number,u1_0.last_failed_login_at,u1_0.last_login_at,u1_0.last_name,u1_0.locked_at,u1_0.manager_id,u1_0.must_change_password,u1_0.password_hash,u1_0.profile_photo_url,u1_0.sanc_expiry_date,u1_0.sanc_number,u1_0.sapc_expiry_date,u1_0.sapc_number,u1_0.status,u1_0.token_version from users u1_0
2026-09-30T12:38:29.807+02:00 DEBUG 20356 --- [ulwembu-platform-api] [nio-8081-exec-1] org.hibernate.SQL                        : select me1_0.id,me1_0.enabled,me1_0.module_code,me1_0.organization_id,me1_0.updated_at from control.module_entitlements me1_0 where me1_0.organization_id=?
2026-09-30T12:38:29.813+02:00 DEBUG 20356 --- [ulwembu-platform-api] [io-8081-exec-10] o.s.w.s.m.m.a.HttpEntityMethodProcessor  : Using 'application/json', given [*/*] and supported [application/json, application/*+json]
2026-09-30T12:38:29.813+02:00 DEBUG 20356 --- [ulwembu-platform-api] [nio-8081-exec-1] o.s.w.s.m.m.a.HttpEntityMethodProcessor  : Using 'application/json', given [*/*] and supported [application/json, application/*+json]
2026-09-30T12:38:29.830+02:00 DEBUG 20356 --- [ulwembu-platform-api] [nio-8081-exec-1] o.s.w.s.m.m.a.HttpEntityMethodProcessor  : Writing [{items=[ModuleEntitlementView[code=SADM, displayName=Platform Administration & Tenant Lifecycle, pha (truncated)...]
2026-09-30T12:38:29.832+02:00 DEBUG 20356 --- [ulwembu-platform-api] [io-8081-exec-10] o.s.w.s.m.m.a.HttpEntityMethodProcessor  : Writing [OrganizationSelfResponse[displayName=Demo Community Clinic, slug=demo-clinic, status=ACTIVE, sector= (truncated)...]
2026-09-30T12:38:29.833+02:00 DEBUG 20356 --- [ulwembu-platform-api] [nio-8081-exec-1] o.s.web.servlet.DispatcherServlet        : Completed 200 OK
2026-09-30T12:38:29.833+02:00 DEBUG 20356 --- [ulwembu-platform-api] [io-8081-exec-10] o.s.web.servlet.DispatcherServlet        : Completed 200 OK
2026-09-30T12:38:29.857+02:00 DEBUG 20356 --- [ulwembu-platform-api] [nio-8081-exec-3] org.hibernate.SQL                        : select r.name from roles r, user_roles ur where ur.role_id = r.id and ur.user_id = ?
2026-09-30T12:38:29.863+02:00 DEBUG 20356 --- [ulwembu-platform-api] [nio-8081-exec-3] org.hibernate.SQL                        : select r.name from roles r, user_roles ur where ur.role_id = r.id and ur.user_id = ?
2026-09-30T12:38:29.866+02:00 DEBUG 20356 --- [ulwembu-platform-api] [nio-8081-exec-3] org.hibernate.SQL                        : select r.name from roles r, user_roles ur where ur.role_id = r.id and ur.user_id = ?
2026-09-30T12:38:29.868+02:00 DEBUG 20356 --- [ulwembu-platform-api] [nio-8081-exec-3] org.hibernate.SQL                        : select r.name from roles r, user_roles ur where ur.role_id = r.id and ur.user_id = ?
2026-09-30T12:38:29.870+02:00 DEBUG 20356 --- [ulwembu-platform-api] [nio-8081-exec-3] org.hibernate.SQL                        : select r.name from roles r, user_roles ur where ur.role_id = r.id and ur.user_id = ?
2026-09-30T12:38:29.872+02:00 DEBUG 20356 --- [ulwembu-platform-api] [nio-8081-exec-3] org.hibernate.SQL                        : select r.name from roles r, user_roles ur where ur.role_id = r.id and ur.user_id = ?
2026-09-30T12:38:29.873+02:00 DEBUG 20356 --- [ulwembu-platform-api] [nio-8081-exec-3] org.hibernate.SQL                        : select r.name from roles r, user_roles ur where ur.role_id = r.id and ur.user_id = ?
2026-09-30T12:38:29.877+02:00 DEBUG 20356 --- [ulwembu-platform-api] [nio-8081-exec-3] o.s.w.s.m.m.a.HttpEntityMethodProcessor  : Using 'application/json', given [*/*] and supported [application/json, application/*+json]
2026-09-30T12:38:29.884+02:00 DEBUG 20356 --- [ulwembu-platform-api] [nio-8081-exec-3] o.s.w.s.m.m.a.HttpEntityMethodProcessor  : Writing [{items=[StaffRosterEntry[id=b5f7b3c2-a88d-48bf-89e1-90139f9aec42, employeeNumber=EMP-1001, firstName (truncated)...]
2026-09-30T12:38:29.887+02:00 DEBUG 20356 --- [ulwembu-platform-api] [nio-8081-exec-3] o.s.web.servlet.DispatcherServlet        : Completed 200 OK
2026-09-30T12:38:31.743+02:00 DEBUG 20356 --- [ulwembu-platform-api] [nio-8081-exec-5] org.hibernate.SQL                        : select o1_0.id,o1_0.branding,o1_0.created_at,o1_0.display_name,o1_0.mail_settings,o1_0.profile,o1_0.schema_name,o1_0.sector,o1_0.slug,o1_0.sso_settings,o1_0.status,o1_0.tenant_code from control.organizations o1_0 where o1_0.slug=?
2026-09-30T12:38:31.743+02:00 DEBUG 20356 --- [ulwembu-platform-api] [nio-8081-exec-6] org.hibernate.SQL                        : select o1_0.id,o1_0.branding,o1_0.created_at,o1_0.display_name,o1_0.mail_settings,o1_0.profile,o1_0.schema_name,o1_0.sector,o1_0.slug,o1_0.sso_settings,o1_0.status,o1_0.tenant_code from control.organizations o1_0 where o1_0.slug=?
2026-09-30T12:38:31.749+02:00 DEBUG 20356 --- [ulwembu-platform-api] [nio-8081-exec-6] org.hibernate.SQL                        : select u1_0.id,u1_0.contact_number,u1_0.contact_verified_at,u1_0.date_of_birth,u1_0.department,u1_0.designation,u1_0.email,u1_0.email_verified_at,u1_0.emergency_contact_name,u1_0.emergency_contact_phone,u1_0.emergency_contact_relationship,u1_0.employee_number,u1_0.employment_end_date,u1_0.employment_start_date,u1_0.employment_type,u1_0.facility_id,u1_0.failed_login_count,u1_0.first_name,u1_0.gender,u1_0.hpcsa_expiry_date,u1_0.hpcsa_number,u1_0.id_number,u1_0.last_failed_login_at,u1_0.last_login_at,u1_0.last_name,u1_0.locked_at,u1_0.manager_id,u1_0.must_change_password,u1_0.password_hash,u1_0.profile_photo_url,u1_0.sanc_expiry_date,u1_0.sanc_number,u1_0.sapc_expiry_date,u1_0.sapc_number,u1_0.status,u1_0.token_version from users u1_0 where u1_0.id=?
2026-09-30T12:38:31.749+02:00 DEBUG 20356 --- [ulwembu-platform-api] [nio-8081-exec-5] org.hibernate.SQL                        : select u1_0.id,u1_0.contact_number,u1_0.contact_verified_at,u1_0.date_of_birth,u1_0.department,u1_0.designation,u1_0.email,u1_0.email_verified_at,u1_0.emergency_contact_name,u1_0.emergency_contact_phone,u1_0.emergency_contact_relationship,u1_0.employee_number,u1_0.employment_end_date,u1_0.employment_start_date,u1_0.employment_type,u1_0.facility_id,u1_0.failed_login_count,u1_0.first_name,u1_0.gender,u1_0.hpcsa_expiry_date,u1_0.hpcsa_number,u1_0.id_number,u1_0.last_failed_login_at,u1_0.last_login_at,u1_0.last_name,u1_0.locked_at,u1_0.manager_id,u1_0.must_change_password,u1_0.password_hash,u1_0.profile_photo_url,u1_0.sanc_expiry_date,u1_0.sanc_number,u1_0.sapc_expiry_date,u1_0.sapc_number,u1_0.status,u1_0.token_version from users u1_0 where u1_0.id=?
2026-09-30T12:38:31.751+02:00 DEBUG 20356 --- [ulwembu-platform-api] [nio-8081-exec-6] o.s.web.servlet.DispatcherServlet        : GET "/api/v1/facilities", parameters={}
2026-09-30T12:38:31.751+02:00 DEBUG 20356 --- [ulwembu-platform-api] [nio-8081-exec-5] o.s.web.servlet.DispatcherServlet        : GET "/api/v1/prescriptions/dispensing-capabilities", parameters={}
2026-09-30T12:38:31.752+02:00 DEBUG 20356 --- [ulwembu-platform-api] [nio-8081-exec-6] s.w.s.m.m.a.RequestMappingHandlerMapping : Mapped to co.ehealth.platform.facility.FacilityController#list()
2026-09-30T12:38:31.752+02:00 DEBUG 20356 --- [ulwembu-platform-api] [nio-8081-exec-5] s.w.s.m.m.a.RequestMappingHandlerMapping : Mapped to co.ehealth.platform.pharmacy.PrescriptionController#dispensingCapabilities(AuthenticatedPrincipal)
2026-09-30T12:38:31.756+02:00 DEBUG 20356 --- [ulwembu-platform-api] [nio-8081-exec-5] org.hibernate.SQL                        : SELECT DISTINCT p.code FROM permissions p
JOIN role_permissions rp ON rp.permission_id = p.id
JOIN roles r ON r.id = rp.role_id
WHERE r.name IN (?)

2026-09-30T12:38:31.756+02:00 DEBUG 20356 --- [ulwembu-platform-api] [nio-8081-exec-6] org.hibernate.SQL                        : select f1_0.id,f1_0.active,f1_0.address,f1_0.code,f1_0.daily_appointment_limit,f1_0.name,f1_0.operating_hours,f1_0.phone,f1_0.timezone,f1_0.type from facilities f1_0 where f1_0.active order by f1_0.name
2026-09-30T12:38:31.760+02:00 DEBUG 20356 --- [ulwembu-platform-api] [nio-8081-exec-5] org.hibernate.SQL                        : select u1_0.id,u1_0.contact_number,u1_0.contact_verified_at,u1_0.date_of_birth,u1_0.department,u1_0.designation,u1_0.email,u1_0.email_verified_at,u1_0.emergency_contact_name,u1_0.emergency_contact_phone,u1_0.emergency_contact_relationship,u1_0.employee_number,u1_0.employment_end_date,u1_0.employment_start_date,u1_0.employment_type,u1_0.facility_id,u1_0.failed_login_count,u1_0.first_name,u1_0.gender,u1_0.hpcsa_expiry_date,u1_0.hpcsa_number,u1_0.id_number,u1_0.last_failed_login_at,u1_0.last_login_at,u1_0.last_name,u1_0.locked_at,u1_0.manager_id,u1_0.must_change_password,u1_0.password_hash,u1_0.profile_photo_url,u1_0.sanc_expiry_date,u1_0.sanc_number,u1_0.sapc_expiry_date,u1_0.sapc_number,u1_0.status,u1_0.token_version from users u1_0 where u1_0.id=?
2026-09-30T12:38:31.760+02:00 DEBUG 20356 --- [ulwembu-platform-api] [nio-8081-exec-6] m.m.a.RequestResponseBodyMethodProcessor : Using 'application/json', given [*/*] and supported [application/json, application/*+json]
2026-09-30T12:38:31.762+02:00 DEBUG 20356 --- [ulwembu-platform-api] [nio-8081-exec-6] m.m.a.RequestResponseBodyMethodProcessor : Writing [{items=[{id=a7ee88e2-3a54-4d1f-8c46-59075756ae12, name=Demo Main Clinic}, {id=aa7942b0-2bd2-4e25-95c (truncated)...]
2026-09-30T12:38:31.763+02:00 DEBUG 20356 --- [ulwembu-platform-api] [nio-8081-exec-6] o.s.web.servlet.DispatcherServlet        : Completed 200 OK
2026-09-30T12:38:31.764+02:00 DEBUG 20356 --- [ulwembu-platform-api] [nio-8081-exec-5] org.hibernate.SQL                        : SELECT DISTINCT p.code FROM permissions p
JOIN role_permissions rp ON rp.permission_id = p.id
JOIN roles r ON r.id = rp.role_id
WHERE r.name IN (?)

2026-09-30T12:38:31.768+02:00 DEBUG 20356 --- [ulwembu-platform-api] [nio-8081-exec-5] o.s.w.s.m.m.a.HttpEntityMethodProcessor  : Using 'application/json', given [*/*] and supported [application/json, application/*+json]
2026-09-30T12:38:31.769+02:00 DEBUG 20356 --- [ulwembu-platform-api] [nio-8081-exec-5] o.s.w.s.m.m.a.HttpEntityMethodProcessor  : Writing [DispensingCapabilitiesResponse[canDispense=false, canPrescribe=false]]
2026-09-30T12:38:31.771+02:00 DEBUG 20356 --- [ulwembu-platform-api] [nio-8081-exec-5] o.s.web.servlet.DispatcherServlet        : Completed 200 OK
2026-09-30T12:38:31.774+02:00 DEBUG 20356 --- [ulwembu-platform-api] [nio-8081-exec-8] org.hibernate.SQL                        : select o1_0.id,o1_0.branding,o1_0.created_at,o1_0.display_name,o1_0.mail_settings,o1_0.profile,o1_0.schema_name,o1_0.sector,o1_0.slug,o1_0.sso_settings,o1_0.status,o1_0.tenant_code from control.organizations o1_0 where o1_0.slug=?
2026-09-30T12:38:31.779+02:00 DEBUG 20356 --- [ulwembu-platform-api] [nio-8081-exec-8] org.hibernate.SQL                        : select u1_0.id,u1_0.contact_number,u1_0.contact_verified_at,u1_0.date_of_birth,u1_0.department,u1_0.designation,u1_0.email,u1_0.email_verified_at,u1_0.emergency_contact_name,u1_0.emergency_contact_phone,u1_0.emergency_contact_relationship,u1_0.employee_number,u1_0.employment_end_date,u1_0.employment_start_date,u1_0.employment_type,u1_0.facility_id,u1_0.failed_login_count,u1_0.first_name,u1_0.gender,u1_0.hpcsa_expiry_date,u1_0.hpcsa_number,u1_0.id_number,u1_0.last_failed_login_at,u1_0.last_login_at,u1_0.last_name,u1_0.locked_at,u1_0.manager_id,u1_0.must_change_password,u1_0.password_hash,u1_0.profile_photo_url,u1_0.sanc_expiry_date,u1_0.sanc_number,u1_0.sapc_expiry_date,u1_0.sapc_number,u1_0.status,u1_0.token_version from users u1_0 where u1_0.id=?
2026-09-30T12:38:31.783+02:00 DEBUG 20356 --- [ulwembu-platform-api] [nio-8081-exec-8] o.s.web.servlet.DispatcherServlet        : GET "/api/v1/prescriptions/queue?facilityId=a7ee88e2-3a54-4d1f-8c46-59075756ae12", parameters={masked}
2026-09-30T12:38:31.784+02:00 DEBUG 20356 --- [ulwembu-platform-api] [nio-8081-exec-8] s.w.s.m.m.a.RequestMappingHandlerMapping : Mapped to co.ehealth.platform.pharmacy.PrescriptionController#queue(UUID)
2026-09-30T12:38:31.785+02:00 DEBUG 20356 --- [ulwembu-platform-api] [nio-8081-exec-8] org.hibernate.SQL                        : SELECT DISTINCT p.code FROM permissions p
JOIN role_permissions rp ON rp.permission_id = p.id
JOIN roles r ON r.id = rp.role_id
WHERE r.name IN (?)

2026-09-30T12:38:31.790+02:00 DEBUG 20356 --- [ulwembu-platform-api] [nio-8081-exec-8] org.hibernate.SQL                        : select p1_0.id,p1_0.consultation_id,p1_0.created_at,p1_0.facility_id,p1_0.patient_id,p1_0.prescriber_id,p1_0.serial_number,p1_0.status,p1_0.visit_id from prescriptions p1_0 where p1_0.facility_id=? and p1_0.status in (?,?) order by p1_0.created_at
2026-09-30T12:38:31.796+02:00 DEBUG 20356 --- [ulwembu-platform-api] [nio-8081-exec-8] o.s.w.s.m.m.a.HttpEntityMethodProcessor  : Using 'application/json', given [*/*] and supported [application/json, application/*+json]
2026-09-30T12:38:31.796+02:00 DEBUG 20356 --- [ulwembu-platform-api] [nio-8081-exec-8] o.s.w.s.m.m.a.HttpEntityMethodProcessor  : Writing [{items=[]}]
2026-09-30T12:38:31.797+02:00 DEBUG 20356 --- [ulwembu-platform-api] [nio-8081-exec-8] o.s.web.servlet.DispatcherServlet        : Completed 200 OK
2026-09-30T12:38:33.835+02:00 DEBUG 20356 --- [ulwembu-platform-api] [nio-8081-exec-9] org.hibernate.SQL                        : select o1_0.id,o1_0.branding,o1_0.created_at,o1_0.display_name,o1_0.mail_settings,o1_0.profile,o1_0.schema_name,o1_0.sector,o1_0.slug,o1_0.sso_settings,o1_0.status,o1_0.tenant_code from control.organizations o1_0 where o1_0.slug=?
2026-09-30T12:38:33.841+02:00 DEBUG 20356 --- [ulwembu-platform-api] [nio-8081-exec-9] org.hibernate.SQL                        : select u1_0.id,u1_0.contact_number,u1_0.contact_verified_at,u1_0.date_of_birth,u1_0.department,u1_0.designation,u1_0.email,u1_0.email_verified_at,u1_0.emergency_contact_name,u1_0.emergency_contact_phone,u1_0.emergency_contact_relationship,u1_0.employee_number,u1_0.employment_end_date,u1_0.employment_start_date,u1_0.employment_type,u1_0.facility_id,u1_0.failed_login_count,u1_0.first_name,u1_0.gender,u1_0.hpcsa_expiry_date,u1_0.hpcsa_number,u1_0.id_number,u1_0.last_failed_login_at,u1_0.last_login_at,u1_0.last_name,u1_0.locked_at,u1_0.manager_id,u1_0.must_change_password,u1_0.password_hash,u1_0.profile_photo_url,u1_0.sanc_expiry_date,u1_0.sanc_number,u1_0.sapc_expiry_date,u1_0.sapc_number,u1_0.status,u1_0.token_version from users u1_0 where u1_0.id=?
2026-09-30T12:38:33.843+02:00 DEBUG 20356 --- [ulwembu-platform-api] [nio-8081-exec-4] org.hibernate.SQL                        : select o1_0.id,o1_0.branding,o1_0.created_at,o1_0.display_name,o1_0.mail_settings,o1_0.profile,o1_0.schema_name,o1_0.sector,o1_0.slug,o1_0.sso_settings,o1_0.status,o1_0.tenant_code from control.organizations o1_0 where o1_0.slug=?
2026-09-30T12:38:33.843+02:00 DEBUG 20356 --- [ulwembu-platform-api] [nio-8081-exec-3] org.hibernate.SQL                        : select o1_0.id,o1_0.branding,o1_0.created_at,o1_0.display_name,o1_0.mail_settings,o1_0.profile,o1_0.schema_name,o1_0.sector,o1_0.slug,o1_0.sso_settings,o1_0.status,o1_0.tenant_code from control.organizations o1_0 where o1_0.slug=?
2026-09-30T12:38:33.843+02:00 DEBUG 20356 --- [ulwembu-platform-api] [nio-8081-exec-9] o.s.web.servlet.DispatcherServlet        : GET "/api/v1/facilities", parameters={}
2026-09-30T12:38:33.844+02:00 DEBUG 20356 --- [ulwembu-platform-api] [nio-8081-exec-9] s.w.s.m.m.a.RequestMappingHandlerMapping : Mapped to co.ehealth.platform.facility.FacilityController#list()
2026-09-30T12:38:33.846+02:00 DEBUG 20356 --- [ulwembu-platform-api] [nio-8081-exec-9] org.hibernate.SQL                        : select f1_0.id,f1_0.active,f1_0.address,f1_0.code,f1_0.daily_appointment_limit,f1_0.name,f1_0.operating_hours,f1_0.phone,f1_0.timezone,f1_0.type from facilities f1_0 where f1_0.active order by f1_0.name
2026-09-30T12:38:33.848+02:00 DEBUG 20356 --- [ulwembu-platform-api] [nio-8081-exec-4] org.hibernate.SQL                        : select u1_0.id,u1_0.contact_number,u1_0.contact_verified_at,u1_0.date_of_birth,u1_0.department,u1_0.designation,u1_0.email,u1_0.email_verified_at,u1_0.emergency_contact_name,u1_0.emergency_contact_phone,u1_0.emergency_contact_relationship,u1_0.employee_number,u1_0.employment_end_date,u1_0.employment_start_date,u1_0.employment_type,u1_0.facility_id,u1_0.failed_login_count,u1_0.first_name,u1_0.gender,u1_0.hpcsa_expiry_date,u1_0.hpcsa_number,u1_0.id_number,u1_0.last_failed_login_at,u1_0.last_login_at,u1_0.last_name,u1_0.locked_at,u1_0.manager_id,u1_0.must_change_password,u1_0.password_hash,u1_0.profile_photo_url,u1_0.sanc_expiry_date,u1_0.sanc_number,u1_0.sapc_expiry_date,u1_0.sapc_number,u1_0.status,u1_0.token_version from users u1_0 where u1_0.id=?
2026-09-30T12:38:33.848+02:00 DEBUG 20356 --- [ulwembu-platform-api] [nio-8081-exec-3] org.hibernate.SQL                        : select u1_0.id,u1_0.contact_number,u1_0.contact_verified_at,u1_0.date_of_birth,u1_0.department,u1_0.designation,u1_0.email,u1_0.email_verified_at,u1_0.emergency_contact_name,u1_0.emergency_contact_phone,u1_0.emergency_contact_relationship,u1_0.employee_number,u1_0.employment_end_date,u1_0.employment_start_date,u1_0.employment_type,u1_0.facility_id,u1_0.failed_login_count,u1_0.first_name,u1_0.gender,u1_0.hpcsa_expiry_date,u1_0.hpcsa_number,u1_0.id_number,u1_0.last_failed_login_at,u1_0.last_login_at,u1_0.last_name,u1_0.locked_at,u1_0.manager_id,u1_0.must_change_password,u1_0.password_hash,u1_0.profile_photo_url,u1_0.sanc_expiry_date,u1_0.sanc_number,u1_0.sapc_expiry_date,u1_0.sapc_number,u1_0.status,u1_0.token_version from users u1_0 where u1_0.id=?
2026-09-30T12:38:33.848+02:00 DEBUG 20356 --- [ulwembu-platform-api] [nio-8081-exec-9] m.m.a.RequestResponseBodyMethodProcessor : Using 'application/json', given [*/*] and supported [application/json, application/*+json]
2026-09-30T12:38:33.849+02:00 DEBUG 20356 --- [ulwembu-platform-api] [nio-8081-exec-9] m.m.a.RequestResponseBodyMethodProcessor : Writing [{items=[{id=a7ee88e2-3a54-4d1f-8c46-59075756ae12, name=Demo Main Clinic}, {id=aa7942b0-2bd2-4e25-95c (truncated)...]
2026-09-30T12:38:33.850+02:00 DEBUG 20356 --- [ulwembu-platform-api] [nio-8081-exec-9] o.s.web.servlet.DispatcherServlet        : Completed 200 OK
2026-09-30T12:38:33.850+02:00 DEBUG 20356 --- [ulwembu-platform-api] [nio-8081-exec-3] o.s.web.servlet.DispatcherServlet        : GET "/api/v1/pharmacy/stock?facilityId=a7ee88e2-3a54-4d1f-8c46-59075756ae12", parameters={masked}
2026-09-30T12:38:33.850+02:00 DEBUG 20356 --- [ulwembu-platform-api] [nio-8081-exec-4] o.s.web.servlet.DispatcherServlet        : GET "/api/v1/pharmacy/stock/alerts?facilityId=a7ee88e2-3a54-4d1f-8c46-59075756ae12", parameters={masked}
2026-09-30T12:38:33.851+02:00 DEBUG 20356 --- [ulwembu-platform-api] [nio-8081-exec-3] s.w.s.m.m.a.RequestMappingHandlerMapping : Mapped to co.ehealth.platform.pharmacy.stock.PharmacyStockController#listStock(UUID)
2026-09-30T12:38:33.851+02:00 DEBUG 20356 --- [ulwembu-platform-api] [nio-8081-exec-4] s.w.s.m.m.a.RequestMappingHandlerMapping : Mapped to co.ehealth.platform.pharmacy.stock.PharmacyStockControlController#alerts(UUID)
2026-09-30T12:38:33.852+02:00 DEBUG 20356 --- [ulwembu-platform-api] [nio-8081-exec-4] org.hibernate.SQL                        : SELECT DISTINCT p.code FROM permissions p
JOIN role_permissions rp ON rp.permission_id = p.id
JOIN roles r ON r.id = rp.role_id
WHERE r.name IN (?)

2026-09-30T12:38:33.852+02:00 DEBUG 20356 --- [ulwembu-platform-api] [nio-8081-exec-3] org.hibernate.SQL                        : SELECT DISTINCT p.code FROM permissions p
JOIN role_permissions rp ON rp.permission_id = p.id
JOIN roles r ON r.id = rp.role_id
WHERE r.name IN (?)

2026-09-30T12:38:33.861+02:00 DEBUG 20356 --- [ulwembu-platform-api] [nio-8081-exec-3] org.hibernate.SQL                        : select psa1_0.id,psa1_0.batch_id,psa1_0.bucket,psa1_0.location_id,psa1_0.product_id,psa1_0.quantity from pharmacy_stock_accounts psa1_0,pharmacy_stock_locations psl1_0 where psa1_0.location_id=psl1_0.id and psl1_0.facility_id=? and psa1_0.quantity>0 and psa1_0.bucket='AVAILABLE'
2026-09-30T12:38:33.861+02:00 DEBUG 20356 --- [ulwembu-platform-api] [nio-8081-exec-4] org.hibernate.SQL                        : select psa1_0.id,psa1_0.batch_id,psa1_0.bucket,psa1_0.location_id,psa1_0.product_id,psa1_0.quantity from pharmacy_stock_accounts psa1_0,pharmacy_stock_locations psl1_0 where psa1_0.location_id=psl1_0.id and psl1_0.facility_id=? and psa1_0.quantity>0 and psa1_0.bucket='AVAILABLE'
2026-09-30T12:38:33.868+02:00 DEBUG 20356 --- [ulwembu-platform-api] [nio-8081-exec-3] org.hibernate.SQL                        : select pfp1_0.id,pfp1_0.active,pfp1_0.created_at,pfp1_0.facility_id,pfp1_0.product_id,pfp1_0.reorder_threshold,pfp1_0.target_quantity from pharmacy_facility_products pfp1_0 where pfp1_0.facility_id=? and pfp1_0.active
2026-09-30T12:38:33.868+02:00 DEBUG 20356 --- [ulwembu-platform-api] [nio-8081-exec-4] org.hibernate.SQL                        : select pfp1_0.id,pfp1_0.active,pfp1_0.created_at,pfp1_0.facility_id,pfp1_0.product_id,pfp1_0.reorder_threshold,pfp1_0.target_quantity from pharmacy_facility_products pfp1_0 where pfp1_0.facility_id=? and pfp1_0.active
2026-09-30T12:38:33.872+02:00 DEBUG 20356 --- [ulwembu-platform-api] [nio-8081-exec-3] org.hibernate.SQL                        : select pp1_0.id,pp1_0.active,pp1_0.barcode,pp1_0.base_unit,pp1_0.batch_tracked,pp1_0.category,pp1_0.code,pp1_0.created_at,pp1_0.created_by,pp1_0.created_by_name,pp1_0.display_name,pp1_0.dosage_form,pp1_0.expiry_tracked,pp1_0.generic_name,pp1_0.manufacturer,pp1_0.pack_size,pp1_0.storage_instructions,pp1_0.strength,pp1_0.updated_at,pp1_0.updated_by,pp1_0.updated_by_name,pp1_0.version from pharmacy_products pp1_0 where pp1_0.id=?
2026-09-30T12:38:33.872+02:00 DEBUG 20356 --- [ulwembu-platform-api] [nio-8081-exec-4] org.hibernate.SQL                        : select pp1_0.id,pp1_0.active,pp1_0.barcode,pp1_0.base_unit,pp1_0.batch_tracked,pp1_0.category,pp1_0.code,pp1_0.created_at,pp1_0.created_by,pp1_0.created_by_name,pp1_0.display_name,pp1_0.dosage_form,pp1_0.expiry_tracked,pp1_0.generic_name,pp1_0.manufacturer,pp1_0.pack_size,pp1_0.storage_instructions,pp1_0.strength,pp1_0.updated_at,pp1_0.updated_by,pp1_0.updated_by_name,pp1_0.version from pharmacy_products pp1_0 where pp1_0.id=?
2026-09-30T12:38:33.875+02:00 DEBUG 20356 --- [ulwembu-platform-api] [nio-8081-exec-4] org.hibernate.SQL                        : select pp1_0.id,pp1_0.active,pp1_0.barcode,pp1_0.base_unit,pp1_0.batch_tracked,pp1_0.category,pp1_0.code,pp1_0.created_at,pp1_0.created_by,pp1_0.created_by_name,pp1_0.display_name,pp1_0.dosage_form,pp1_0.expiry_tracked,pp1_0.generic_name,pp1_0.manufacturer,pp1_0.pack_size,pp1_0.storage_instructions,pp1_0.strength,pp1_0.updated_at,pp1_0.updated_by,pp1_0.updated_by_name,pp1_0.version from pharmacy_products pp1_0 where pp1_0.id=?
2026-09-30T12:38:33.875+02:00 DEBUG 20356 --- [ulwembu-platform-api] [nio-8081-exec-3] org.hibernate.SQL                        : select pp1_0.id,pp1_0.active,pp1_0.barcode,pp1_0.base_unit,pp1_0.batch_tracked,pp1_0.category,pp1_0.code,pp1_0.created_at,pp1_0.created_by,pp1_0.created_by_name,pp1_0.display_name,pp1_0.dosage_form,pp1_0.expiry_tracked,pp1_0.generic_name,pp1_0.manufacturer,pp1_0.pack_size,pp1_0.storage_instructions,pp1_0.strength,pp1_0.updated_at,pp1_0.updated_by,pp1_0.updated_by_name,pp1_0.version from pharmacy_products pp1_0 where pp1_0.id=?
2026-09-30T12:38:33.878+02:00 DEBUG 20356 --- [ulwembu-platform-api] [nio-8081-exec-3] o.s.w.s.m.m.a.HttpEntityMethodProcessor  : Using 'application/json', given [*/*] and supported [application/json, application/*+json]
2026-09-30T12:38:33.878+02:00 DEBUG 20356 --- [ulwembu-platform-api] [nio-8081-exec-4] m.m.a.RequestResponseBodyMethodProcessor : Using 'application/json', given [*/*] and supported [application/json, application/*+json]
2026-09-30T12:38:33.878+02:00 DEBUG 20356 --- [ulwembu-platform-api] [nio-8081-exec-4] m.m.a.RequestResponseBodyMethodProcessor : Writing [{items=[]}]
2026-09-30T12:38:33.879+02:00 DEBUG 20356 --- [ulwembu-platform-api] [nio-8081-exec-4] o.s.web.servlet.DispatcherServlet        : Completed 200 OK
2026-09-30T12:38:33.881+02:00 DEBUG 20356 --- [ulwembu-platform-api] [nio-8081-exec-3] o.s.w.s.m.m.a.HttpEntityMethodProcessor  : Writing [{items=[StockRow[productId=50871aa0-c2ff-4090-8784-94401ccb7ac6, code=PARA, displayName=ethnol, base (truncated)...]
2026-09-30T12:38:33.885+02:00 DEBUG 20356 --- [ulwembu-platform-api] [nio-8081-exec-3] o.s.web.servlet.DispatcherServlet        : Completed 200 OK
2026-09-30T12:38:38.887+02:00 DEBUG 20356 --- [ulwembu-platform-api] [nio-8081-exec-6] org.hibernate.SQL                        : select o1_0.id,o1_0.branding,o1_0.created_at,o1_0.display_name,o1_0.mail_settings,o1_0.profile,o1_0.schema_name,o1_0.sector,o1_0.slug,o1_0.sso_settings,o1_0.status,o1_0.tenant_code from control.organizations o1_0 where o1_0.slug=?
2026-09-30T12:38:38.892+02:00 DEBUG 20356 --- [ulwembu-platform-api] [nio-8081-exec-6] org.hibernate.SQL                        : select u1_0.id,u1_0.contact_number,u1_0.contact_verified_at,u1_0.date_of_birth,u1_0.department,u1_0.designation,u1_0.email,u1_0.email_verified_at,u1_0.emergency_contact_name,u1_0.emergency_contact_phone,u1_0.emergency_contact_relationship,u1_0.employee_number,u1_0.employment_end_date,u1_0.employment_start_date,u1_0.employment_type,u1_0.facility_id,u1_0.failed_login_count,u1_0.first_name,u1_0.gender,u1_0.hpcsa_expiry_date,u1_0.hpcsa_number,u1_0.id_number,u1_0.last_failed_login_at,u1_0.last_login_at,u1_0.last_name,u1_0.locked_at,u1_0.manager_id,u1_0.must_change_password,u1_0.password_hash,u1_0.profile_photo_url,u1_0.sanc_expiry_date,u1_0.sanc_number,u1_0.sapc_expiry_date,u1_0.sapc_number,u1_0.status,u1_0.token_version from users u1_0 where u1_0.id=?
2026-09-30T12:38:38.895+02:00 DEBUG 20356 --- [ulwembu-platform-api] [nio-8081-exec-6] o.s.web.servlet.DispatcherServlet        : GET "/api/v1/pharmacy/stock/alerts?facilityId=a7ee88e2-3a54-4d1f-8c46-59075756ae12", parameters={masked}
2026-09-30T12:38:38.896+02:00 DEBUG 20356 --- [ulwembu-platform-api] [nio-8081-exec-6] s.w.s.m.m.a.RequestMappingHandlerMapping : Mapped to co.ehealth.platform.pharmacy.stock.PharmacyStockControlController#alerts(UUID)
2026-09-30T12:38:38.897+02:00 DEBUG 20356 --- [ulwembu-platform-api] [nio-8081-exec-6] org.hibernate.SQL                        : SELECT DISTINCT p.code FROM permissions p
JOIN role_permissions rp ON rp.permission_id = p.id
JOIN roles r ON r.id = rp.role_id
WHERE r.name IN (?)

2026-09-30T12:38:38.901+02:00 DEBUG 20356 --- [ulwembu-platform-api] [nio-8081-exec-6] org.hibernate.SQL                        : select psa1_0.id,psa1_0.batch_id,psa1_0.bucket,psa1_0.location_id,psa1_0.product_id,psa1_0.quantity from pharmacy_stock_accounts psa1_0,pharmacy_stock_locations psl1_0 where psa1_0.location_id=psl1_0.id and psl1_0.facility_id=? and psa1_0.quantity>0 and psa1_0.bucket='AVAILABLE'
2026-09-30T12:38:38.903+02:00 DEBUG 20356 --- [ulwembu-platform-api] [nio-8081-exec-5] org.hibernate.SQL                        : select o1_0.id,o1_0.branding,o1_0.created_at,o1_0.display_name,o1_0.mail_settings,o1_0.profile,o1_0.schema_name,o1_0.sector,o1_0.slug,o1_0.sso_settings,o1_0.status,o1_0.tenant_code from control.organizations o1_0 where o1_0.slug=?
2026-09-30T12:38:38.903+02:00 DEBUG 20356 --- [ulwembu-platform-api] [nio-8081-exec-6] org.hibernate.SQL                        : select pfp1_0.id,pfp1_0.active,pfp1_0.created_at,pfp1_0.facility_id,pfp1_0.product_id,pfp1_0.reorder_threshold,pfp1_0.target_quantity from pharmacy_facility_products pfp1_0 where pfp1_0.facility_id=? and pfp1_0.active
2026-09-30T12:38:38.905+02:00 DEBUG 20356 --- [ulwembu-platform-api] [nio-8081-exec-6] org.hibernate.SQL                        : select pp1_0.id,pp1_0.active,pp1_0.barcode,pp1_0.base_unit,pp1_0.batch_tracked,pp1_0.category,pp1_0.code,pp1_0.created_at,pp1_0.created_by,pp1_0.created_by_name,pp1_0.display_name,pp1_0.dosage_form,pp1_0.expiry_tracked,pp1_0.generic_name,pp1_0.manufacturer,pp1_0.pack_size,pp1_0.storage_instructions,pp1_0.strength,pp1_0.updated_at,pp1_0.updated_by,pp1_0.updated_by_name,pp1_0.version from pharmacy_products pp1_0 where pp1_0.id=?
2026-09-30T12:38:38.906+02:00 DEBUG 20356 --- [ulwembu-platform-api] [nio-8081-exec-6] org.hibernate.SQL                        : select pp1_0.id,pp1_0.active,pp1_0.barcode,pp1_0.base_unit,pp1_0.batch_tracked,pp1_0.category,pp1_0.code,pp1_0.created_at,pp1_0.created_by,pp1_0.created_by_name,pp1_0.display_name,pp1_0.dosage_form,pp1_0.expiry_tracked,pp1_0.generic_name,pp1_0.manufacturer,pp1_0.pack_size,pp1_0.storage_instructions,pp1_0.strength,pp1_0.updated_at,pp1_0.updated_by,pp1_0.updated_by_name,pp1_0.version from pharmacy_products pp1_0 where pp1_0.id=?
2026-09-30T12:38:38.907+02:00 DEBUG 20356 --- [ulwembu-platform-api] [nio-8081-exec-5] org.hibernate.SQL                        : select u1_0.id,u1_0.contact_number,u1_0.contact_verified_at,u1_0.date_of_birth,u1_0.department,u1_0.designation,u1_0.email,u1_0.email_verified_at,u1_0.emergency_contact_name,u1_0.emergency_contact_phone,u1_0.emergency_contact_relationship,u1_0.employee_number,u1_0.employment_end_date,u1_0.employment_start_date,u1_0.employment_type,u1_0.facility_id,u1_0.failed_login_count,u1_0.first_name,u1_0.gender,u1_0.hpcsa_expiry_date,u1_0.hpcsa_number,u1_0.id_number,u1_0.last_failed_login_at,u1_0.last_login_at,u1_0.last_name,u1_0.locked_at,u1_0.manager_id,u1_0.must_change_password,u1_0.password_hash,u1_0.profile_photo_url,u1_0.sanc_expiry_date,u1_0.sanc_number,u1_0.sapc_expiry_date,u1_0.sapc_number,u1_0.status,u1_0.token_version from users u1_0 where u1_0.id=?
2026-09-30T12:38:38.908+02:00 DEBUG 20356 --- [ulwembu-platform-api] [nio-8081-exec-6] m.m.a.RequestResponseBodyMethodProcessor : Using 'application/json', given [*/*] and supported [application/json, application/*+json]
2026-09-30T12:38:38.908+02:00 DEBUG 20356 --- [ulwembu-platform-api] [nio-8081-exec-6] m.m.a.RequestResponseBodyMethodProcessor : Writing [{items=[]}]
2026-09-30T12:38:38.909+02:00 DEBUG 20356 --- [ulwembu-platform-api] [nio-8081-exec-6] o.s.web.servlet.DispatcherServlet        : Completed 200 OK
2026-09-30T12:38:38.909+02:00 DEBUG 20356 --- [ulwembu-platform-api] [nio-8081-exec-5] o.s.web.servlet.DispatcherServlet        : GET "/api/v1/pharmacy/stock?facilityId=a7ee88e2-3a54-4d1f-8c46-59075756ae12", parameters={masked}
2026-09-30T12:38:38.910+02:00 DEBUG 20356 --- [ulwembu-platform-api] [nio-8081-exec-5] s.w.s.m.m.a.RequestMappingHandlerMapping : Mapped to co.ehealth.platform.pharmacy.stock.PharmacyStockController#listStock(UUID)
2026-09-30T12:38:38.911+02:00 DEBUG 20356 --- [ulwembu-platform-api] [nio-8081-exec-5] org.hibernate.SQL                        : SELECT DISTINCT p.code FROM permissions p
JOIN role_permissions rp ON rp.permission_id = p.id
JOIN roles r ON r.id = rp.role_id
WHERE r.name IN (?)

2026-09-30T12:38:38.914+02:00 DEBUG 20356 --- [ulwembu-platform-api] [nio-8081-exec-5] org.hibernate.SQL                        : select psa1_0.id,psa1_0.batch_id,psa1_0.bucket,psa1_0.location_id,psa1_0.product_id,psa1_0.quantity from pharmacy_stock_accounts psa1_0,pharmacy_stock_locations psl1_0 where psa1_0.location_id=psl1_0.id and psl1_0.facility_id=? and psa1_0.quantity>0 and psa1_0.bucket='AVAILABLE'
2026-09-30T12:38:38.917+02:00 DEBUG 20356 --- [ulwembu-platform-api] [nio-8081-exec-5] org.hibernate.SQL                        : select pfp1_0.id,pfp1_0.active,pfp1_0.created_at,pfp1_0.facility_id,pfp1_0.product_id,pfp1_0.reorder_threshold,pfp1_0.target_quantity from pharmacy_facility_products pfp1_0 where pfp1_0.facility_id=? and pfp1_0.active
2026-09-30T12:38:38.919+02:00 DEBUG 20356 --- [ulwembu-platform-api] [nio-8081-exec-5] org.hibernate.SQL                        : select pp1_0.id,pp1_0.active,pp1_0.barcode,pp1_0.base_unit,pp1_0.batch_tracked,pp1_0.category,pp1_0.code,pp1_0.created_at,pp1_0.created_by,pp1_0.created_by_name,pp1_0.display_name,pp1_0.dosage_form,pp1_0.expiry_tracked,pp1_0.generic_name,pp1_0.manufacturer,pp1_0.pack_size,pp1_0.storage_instructions,pp1_0.strength,pp1_0.updated_at,pp1_0.updated_by,pp1_0.updated_by_name,pp1_0.version from pharmacy_products pp1_0 where pp1_0.id=?
2026-09-30T12:38:38.921+02:00 DEBUG 20356 --- [ulwembu-platform-api] [nio-8081-exec-5] org.hibernate.SQL                        : select pp1_0.id,pp1_0.active,pp1_0.barcode,pp1_0.base_unit,pp1_0.batch_tracked,pp1_0.category,pp1_0.code,pp1_0.created_at,pp1_0.created_by,pp1_0.created_by_name,pp1_0.display_name,pp1_0.dosage_form,pp1_0.expiry_tracked,pp1_0.generic_name,pp1_0.manufacturer,pp1_0.pack_size,pp1_0.storage_instructions,pp1_0.strength,pp1_0.updated_at,pp1_0.updated_by,pp1_0.updated_by_name,pp1_0.version from pharmacy_products pp1_0 where pp1_0.id=?
2026-09-30T12:38:38.922+02:00 DEBUG 20356 --- [ulwembu-platform-api] [nio-8081-exec-5] o.s.w.s.m.m.a.HttpEntityMethodProcessor  : Using 'application/json', given [*/*] and supported [application/json, application/*+json]
2026-09-30T12:38:38.923+02:00 DEBUG 20356 --- [ulwembu-platform-api] [nio-8081-exec-5] o.s.w.s.m.m.a.HttpEntityMethodProcessor  : Writing [{items=[StockRow[productId=50871aa0-c2ff-4090-8784-94401ccb7ac6, code=PARA, displayName=ethnol, base (truncated)...]
2026-09-30T12:38:38.924+02:00 DEBUG 20356 --- [ulwembu-platform-api] [nio-8081-exec-5] o.s.web.servlet.DispatcherServlet        : Completed 200 OK
2026-09-30T12:38:43.932+02:00 DEBUG 20356 --- [ulwembu-platform-api] [nio-8081-exec-9] org.hibernate.SQL                        : select o1_0.id,o1_0.branding,o1_0.created_at,o1_0.display_name,o1_0.mail_settings,o1_0.profile,o1_0.schema_name,o1_0.sector,o1_0.slug,o1_0.sso_settings,o1_0.status,o1_0.tenant_code from control.organizations o1_0 where o1_0.slug=?
2026-09-30T12:38:43.932+02:00 DEBUG 20356 --- [ulwembu-platform-api] [io-8081-exec-10] org.hibernate.SQL                        : select o1_0.id,o1_0.branding,o1_0.created_at,o1_0.display_name,o1_0.mail_settings,o1_0.profile,o1_0.schema_name,o1_0.sector,o1_0.slug,o1_0.sso_settings,o1_0.status,o1_0.tenant_code from control.organizations o1_0 where o1_0.slug=?
2026-09-30T12:38:43.936+02:00 DEBUG 20356 --- [ulwembu-platform-api] [io-8081-exec-10] org.hibernate.SQL                        : select u1_0.id,u1_0.contact_number,u1_0.contact_verified_at,u1_0.date_of_birth,u1_0.department,u1_0.designation,u1_0.email,u1_0.email_verified_at,u1_0.emergency_contact_name,u1_0.emergency_contact_phone,u1_0.emergency_contact_relationship,u1_0.employee_number,u1_0.employment_end_date,u1_0.employment_start_date,u1_0.employment_type,u1_0.facility_id,u1_0.failed_login_count,u1_0.first_name,u1_0.gender,u1_0.hpcsa_expiry_date,u1_0.hpcsa_number,u1_0.id_number,u1_0.last_failed_login_at,u1_0.last_login_at,u1_0.last_name,u1_0.locked_at,u1_0.manager_id,u1_0.must_change_password,u1_0.password_hash,u1_0.profile_photo_url,u1_0.sanc_expiry_date,u1_0.sanc_number,u1_0.sapc_expiry_date,u1_0.sapc_number,u1_0.status,u1_0.token_version from users u1_0 where u1_0.id=?
2026-09-30T12:38:43.936+02:00 DEBUG 20356 --- [ulwembu-platform-api] [nio-8081-exec-9] org.hibernate.SQL                        : select u1_0.id,u1_0.contact_number,u1_0.contact_verified_at,u1_0.date_of_birth,u1_0.department,u1_0.designation,u1_0.email,u1_0.email_verified_at,u1_0.emergency_contact_name,u1_0.emergency_contact_phone,u1_0.emergency_contact_relationship,u1_0.employee_number,u1_0.employment_end_date,u1_0.employment_start_date,u1_0.employment_type,u1_0.facility_id,u1_0.failed_login_count,u1_0.first_name,u1_0.gender,u1_0.hpcsa_expiry_date,u1_0.hpcsa_number,u1_0.id_number,u1_0.last_failed_login_at,u1_0.last_login_at,u1_0.last_name,u1_0.locked_at,u1_0.manager_id,u1_0.must_change_password,u1_0.password_hash,u1_0.profile_photo_url,u1_0.sanc_expiry_date,u1_0.sanc_number,u1_0.sapc_expiry_date,u1_0.sapc_number,u1_0.status,u1_0.token_version from users u1_0 where u1_0.id=?
2026-09-30T12:38:43.938+02:00 DEBUG 20356 --- [ulwembu-platform-api] [nio-8081-exec-9] o.s.web.servlet.DispatcherServlet        : GET "/api/v1/pharmacy/stock?facilityId=a7ee88e2-3a54-4d1f-8c46-59075756ae12", parameters={masked}
2026-09-30T12:38:43.938+02:00 DEBUG 20356 --- [ulwembu-platform-api] [io-8081-exec-10] o.s.web.servlet.DispatcherServlet        : GET "/api/v1/pharmacy/stock/alerts?facilityId=a7ee88e2-3a54-4d1f-8c46-59075756ae12", parameters={masked}
2026-09-30T12:38:43.939+02:00 DEBUG 20356 --- [ulwembu-platform-api] [nio-8081-exec-9] s.w.s.m.m.a.RequestMappingHandlerMapping : Mapped to co.ehealth.platform.pharmacy.stock.PharmacyStockController#listStock(UUID)
2026-09-30T12:38:43.939+02:00 DEBUG 20356 --- [ulwembu-platform-api] [io-8081-exec-10] s.w.s.m.m.a.RequestMappingHandlerMapping : Mapped to co.ehealth.platform.pharmacy.stock.PharmacyStockControlController#alerts(UUID)
2026-09-30T12:38:43.940+02:00 DEBUG 20356 --- [ulwembu-platform-api] [nio-8081-exec-9] org.hibernate.SQL                        : SELECT DISTINCT p.code FROM permissions p
JOIN role_permissions rp ON rp.permission_id = p.id
JOIN roles r ON r.id = rp.role_id
WHERE r.name IN (?)

2026-09-30T12:38:43.940+02:00 DEBUG 20356 --- [ulwembu-platform-api] [io-8081-exec-10] org.hibernate.SQL                        : SELECT DISTINCT p.code FROM permissions p
JOIN role_permissions rp ON rp.permission_id = p.id
JOIN roles r ON r.id = rp.role_id
WHERE r.name IN (?)

2026-09-30T12:38:43.942+02:00 DEBUG 20356 --- [ulwembu-platform-api] [nio-8081-exec-9] org.hibernate.SQL                        : select psa1_0.id,psa1_0.batch_id,psa1_0.bucket,psa1_0.location_id,psa1_0.product_id,psa1_0.quantity from pharmacy_stock_accounts psa1_0,pharmacy_stock_locations psl1_0 where psa1_0.location_id=psl1_0.id and psl1_0.facility_id=? and psa1_0.quantity>0 and psa1_0.bucket='AVAILABLE'
2026-09-30T12:38:43.942+02:00 DEBUG 20356 --- [ulwembu-platform-api] [io-8081-exec-10] org.hibernate.SQL                        : select psa1_0.id,psa1_0.batch_id,psa1_0.bucket,psa1_0.location_id,psa1_0.product_id,psa1_0.quantity from pharmacy_stock_accounts psa1_0,pharmacy_stock_locations psl1_0 where psa1_0.location_id=psl1_0.id and psl1_0.facility_id=? and psa1_0.quantity>0 and psa1_0.bucket='AVAILABLE'
2026-09-30T12:38:43.945+02:00 DEBUG 20356 --- [ulwembu-platform-api] [nio-8081-exec-9] org.hibernate.SQL                        : select pfp1_0.id,pfp1_0.active,pfp1_0.created_at,pfp1_0.facility_id,pfp1_0.product_id,pfp1_0.reorder_threshold,pfp1_0.target_quantity from pharmacy_facility_products pfp1_0 where pfp1_0.facility_id=? and pfp1_0.active
2026-09-30T12:38:43.945+02:00 DEBUG 20356 --- [ulwembu-platform-api] [io-8081-exec-10] org.hibernate.SQL                        : select pfp1_0.id,pfp1_0.active,pfp1_0.created_at,pfp1_0.facility_id,pfp1_0.product_id,pfp1_0.reorder_threshold,pfp1_0.target_quantity from pharmacy_facility_products pfp1_0 where pfp1_0.facility_id=? and pfp1_0.active
2026-09-30T12:38:43.946+02:00 DEBUG 20356 --- [ulwembu-platform-api] [io-8081-exec-10] org.hibernate.SQL                        : select pp1_0.id,pp1_0.active,pp1_0.barcode,pp1_0.base_unit,pp1_0.batch_tracked,pp1_0.category,pp1_0.code,pp1_0.created_at,pp1_0.created_by,pp1_0.created_by_name,pp1_0.display_name,pp1_0.dosage_form,pp1_0.expiry_tracked,pp1_0.generic_name,pp1_0.manufacturer,pp1_0.pack_size,pp1_0.storage_instructions,pp1_0.strength,pp1_0.updated_at,pp1_0.updated_by,pp1_0.updated_by_name,pp1_0.version from pharmacy_products pp1_0 where pp1_0.id=?
2026-09-30T12:38:43.946+02:00 DEBUG 20356 --- [ulwembu-platform-api] [nio-8081-exec-9] org.hibernate.SQL                        : select pp1_0.id,pp1_0.active,pp1_0.barcode,pp1_0.base_unit,pp1_0.batch_tracked,pp1_0.category,pp1_0.code,pp1_0.created_at,pp1_0.created_by,pp1_0.created_by_name,pp1_0.display_name,pp1_0.dosage_form,pp1_0.expiry_tracked,pp1_0.generic_name,pp1_0.manufacturer,pp1_0.pack_size,pp1_0.storage_instructions,pp1_0.strength,pp1_0.updated_at,pp1_0.updated_by,pp1_0.updated_by_name,pp1_0.version from pharmacy_products pp1_0 where pp1_0.id=?
2026-09-30T12:38:43.947+02:00 DEBUG 20356 --- [ulwembu-platform-api] [nio-8081-exec-9] org.hibernate.SQL                        : select pp1_0.id,pp1_0.active,pp1_0.barcode,pp1_0.base_unit,pp1_0.batch_tracked,pp1_0.category,pp1_0.code,pp1_0.created_at,pp1_0.created_by,pp1_0.created_by_name,pp1_0.display_name,pp1_0.dosage_form,pp1_0.expiry_tracked,pp1_0.generic_name,pp1_0.manufacturer,pp1_0.pack_size,pp1_0.storage_instructions,pp1_0.strength,pp1_0.updated_at,pp1_0.updated_by,pp1_0.updated_by_name,pp1_0.version from pharmacy_products pp1_0 where pp1_0.id=?
2026-09-30T12:38:43.947+02:00 DEBUG 20356 --- [ulwembu-platform-api] [io-8081-exec-10] org.hibernate.SQL                        : select pp1_0.id,pp1_0.active,pp1_0.barcode,pp1_0.base_unit,pp1_0.batch_tracked,pp1_0.category,pp1_0.code,pp1_0.created_at,pp1_0.created_by,pp1_0.created_by_name,pp1_0.display_name,pp1_0.dosage_form,pp1_0.expiry_tracked,pp1_0.generic_name,pp1_0.manufacturer,pp1_0.pack_size,pp1_0.storage_instructions,pp1_0.strength,pp1_0.updated_at,pp1_0.updated_by,pp1_0.updated_by_name,pp1_0.version from pharmacy_products pp1_0 where pp1_0.id=?
2026-09-30T12:38:43.948+02:00 DEBUG 20356 --- [ulwembu-platform-api] [nio-8081-exec-9] o.s.w.s.m.m.a.HttpEntityMethodProcessor  : Using 'application/json', given [*/*] and supported [application/json, application/*+json]
2026-09-30T12:38:43.948+02:00 DEBUG 20356 --- [ulwembu-platform-api] [io-8081-exec-10] m.m.a.RequestResponseBodyMethodProcessor : Using 'application/json', given [*/*] and supported [application/json, application/*+json]
2026-09-30T12:38:43.950+02:00 DEBUG 20356 --- [ulwembu-platform-api] [nio-8081-exec-9] o.s.w.s.m.m.a.HttpEntityMethodProcessor  : Writing [{items=[StockRow[productId=50871aa0-c2ff-4090-8784-94401ccb7ac6, code=PARA, displayName=ethnol, base (truncated)...]
2026-09-30T12:38:43.950+02:00 DEBUG 20356 --- [ulwembu-platform-api] [io-8081-exec-10] m.m.a.RequestResponseBodyMethodProcessor : Writing [{items=[]}]
2026-09-30T12:38:43.951+02:00 DEBUG 20356 --- [ulwembu-platform-api] [nio-8081-exec-9] o.s.web.servlet.DispatcherServlet        : Completed 200 OK
2026-09-30T12:38:43.951+02:00 DEBUG 20356 --- [ulwembu-platform-api] [io-8081-exec-10] o.s.web.servlet.DispatcherServlet        : Completed 200 OK
2026-09-30T12:38:48.965+02:00 DEBUG 20356 --- [ulwembu-platform-api] [nio-8081-exec-2] org.hibernate.SQL                        : select o1_0.id,o1_0.branding,o1_0.created_at,o1_0.display_name,o1_0.mail_settings,o1_0.profile,o1_0.schema_name,o1_0.sector,o1_0.slug,o1_0.sso_settings,o1_0.status,o1_0.tenant_code from control.organizations o1_0 where o1_0.slug=?
2026-09-30T12:38:48.965+02:00 DEBUG 20356 --- [ulwembu-platform-api] [nio-8081-exec-7] org.hibernate.SQL                        : select o1_0.id,o1_0.branding,o1_0.created_at,o1_0.display_name,o1_0.mail_settings,o1_0.profile,o1_0.schema_name,o1_0.sector,o1_0.slug,o1_0.sso_settings,o1_0.status,o1_0.tenant_code from control.organizations o1_0 where o1_0.slug=?
2026-09-30T12:38:48.969+02:00 DEBUG 20356 --- [ulwembu-platform-api] [nio-8081-exec-7] org.hibernate.SQL                        : select u1_0.id,u1_0.contact_number,u1_0.contact_verified_at,u1_0.date_of_birth,u1_0.department,u1_0.designation,u1_0.email,u1_0.email_verified_at,u1_0.emergency_contact_name,u1_0.emergency_contact_phone,u1_0.emergency_contact_relationship,u1_0.employee_number,u1_0.employment_end_date,u1_0.employment_start_date,u1_0.employment_type,u1_0.facility_id,u1_0.failed_login_count,u1_0.first_name,u1_0.gender,u1_0.hpcsa_expiry_date,u1_0.hpcsa_number,u1_0.id_number,u1_0.last_failed_login_at,u1_0.last_login_at,u1_0.last_name,u1_0.locked_at,u1_0.manager_id,u1_0.must_change_password,u1_0.password_hash,u1_0.profile_photo_url,u1_0.sanc_expiry_date,u1_0.sanc_number,u1_0.sapc_expiry_date,u1_0.sapc_number,u1_0.status,u1_0.token_version from users u1_0 where u1_0.id=?
2026-09-30T12:38:48.969+02:00 DEBUG 20356 --- [ulwembu-platform-api] [nio-8081-exec-2] org.hibernate.SQL                        : select u1_0.id,u1_0.contact_number,u1_0.contact_verified_at,u1_0.date_of_birth,u1_0.department,u1_0.designation,u1_0.email,u1_0.email_verified_at,u1_0.emergency_contact_name,u1_0.emergency_contact_phone,u1_0.emergency_contact_relationship,u1_0.employee_number,u1_0.employment_end_date,u1_0.employment_start_date,u1_0.employment_type,u1_0.facility_id,u1_0.failed_login_count,u1_0.first_name,u1_0.gender,u1_0.hpcsa_expiry_date,u1_0.hpcsa_number,u1_0.id_number,u1_0.last_failed_login_at,u1_0.last_login_at,u1_0.last_name,u1_0.locked_at,u1_0.manager_id,u1_0.must_change_password,u1_0.password_hash,u1_0.profile_photo_url,u1_0.sanc_expiry_date,u1_0.sanc_number,u1_0.sapc_expiry_date,u1_0.sapc_number,u1_0.status,u1_0.token_version from users u1_0 where u1_0.id=?
2026-09-30T12:38:48.972+02:00 DEBUG 20356 --- [ulwembu-platform-api] [nio-8081-exec-7] o.s.web.servlet.DispatcherServlet        : GET "/api/v1/pharmacy/stock?facilityId=a7ee88e2-3a54-4d1f-8c46-59075756ae12", parameters={masked}
2026-09-30T12:38:48.972+02:00 DEBUG 20356 --- [ulwembu-platform-api] [nio-8081-exec-2] o.s.web.servlet.DispatcherServlet        : GET "/api/v1/pharmacy/stock/alerts?facilityId=a7ee88e2-3a54-4d1f-8c46-59075756ae12", parameters={masked}
2026-09-30T12:38:48.972+02:00 DEBUG 20356 --- [ulwembu-platform-api] [nio-8081-exec-7] s.w.s.m.m.a.RequestMappingHandlerMapping : Mapped to co.ehealth.platform.pharmacy.stock.PharmacyStockController#listStock(UUID)
2026-09-30T12:38:48.972+02:00 DEBUG 20356 --- [ulwembu-platform-api] [nio-8081-exec-2] s.w.s.m.m.a.RequestMappingHandlerMapping : Mapped to co.ehealth.platform.pharmacy.stock.PharmacyStockControlController#alerts(UUID)
2026-09-30T12:38:48.973+02:00 DEBUG 20356 --- [ulwembu-platform-api] [nio-8081-exec-2] org.hibernate.SQL                        : SELECT DISTINCT p.code FROM permissions p
JOIN role_permissions rp ON rp.permission_id = p.id
JOIN roles r ON r.id = rp.role_id
WHERE r.name IN (?)

2026-09-30T12:38:48.973+02:00 DEBUG 20356 --- [ulwembu-platform-api] [nio-8081-exec-7] org.hibernate.SQL                        : SELECT DISTINCT p.code FROM permissions p
JOIN role_permissions rp ON rp.permission_id = p.id
JOIN roles r ON r.id = rp.role_id
WHERE r.name IN (?)

2026-09-30T12:38:48.976+02:00 DEBUG 20356 --- [ulwembu-platform-api] [nio-8081-exec-7] org.hibernate.SQL                        : select psa1_0.id,psa1_0.batch_id,psa1_0.bucket,psa1_0.location_id,psa1_0.product_id,psa1_0.quantity from pharmacy_stock_accounts psa1_0,pharmacy_stock_locations psl1_0 where psa1_0.location_id=psl1_0.id and psl1_0.facility_id=? and psa1_0.quantity>0 and psa1_0.bucket='AVAILABLE'
2026-09-30T12:38:48.976+02:00 DEBUG 20356 --- [ulwembu-platform-api] [nio-8081-exec-2] org.hibernate.SQL                        : select psa1_0.id,psa1_0.batch_id,psa1_0.bucket,psa1_0.location_id,psa1_0.product_id,psa1_0.quantity from pharmacy_stock_accounts psa1_0,pharmacy_stock_locations psl1_0 where psa1_0.location_id=psl1_0.id and psl1_0.facility_id=? and psa1_0.quantity>0 and psa1_0.bucket='AVAILABLE'
2026-09-30T12:38:48.978+02:00 DEBUG 20356 --- [ulwembu-platform-api] [nio-8081-exec-7] org.hibernate.SQL                        : select pfp1_0.id,pfp1_0.active,pfp1_0.created_at,pfp1_0.facility_id,pfp1_0.product_id,pfp1_0.reorder_threshold,pfp1_0.target_quantity from pharmacy_facility_products pfp1_0 where pfp1_0.facility_id=? and pfp1_0.active
2026-09-30T12:38:48.978+02:00 DEBUG 20356 --- [ulwembu-platform-api] [nio-8081-exec-2] org.hibernate.SQL                        : select pfp1_0.id,pfp1_0.active,pfp1_0.created_at,pfp1_0.facility_id,pfp1_0.product_id,pfp1_0.reorder_threshold,pfp1_0.target_quantity from pharmacy_facility_products pfp1_0 where pfp1_0.facility_id=? and pfp1_0.active
2026-09-30T12:38:48.979+02:00 DEBUG 20356 --- [ulwembu-platform-api] [nio-8081-exec-7] org.hibernate.SQL                        : select pp1_0.id,pp1_0.active,pp1_0.barcode,pp1_0.base_unit,pp1_0.batch_tracked,pp1_0.category,pp1_0.code,pp1_0.created_at,pp1_0.created_by,pp1_0.created_by_name,pp1_0.display_name,pp1_0.dosage_form,pp1_0.expiry_tracked,pp1_0.generic_name,pp1_0.manufacturer,pp1_0.pack_size,pp1_0.storage_instructions,pp1_0.strength,pp1_0.updated_at,pp1_0.updated_by,pp1_0.updated_by_name,pp1_0.version from pharmacy_products pp1_0 where pp1_0.id=?
2026-09-30T12:38:48.979+02:00 DEBUG 20356 --- [ulwembu-platform-api] [nio-8081-exec-2] org.hibernate.SQL                        : select pp1_0.id,pp1_0.active,pp1_0.barcode,pp1_0.base_unit,pp1_0.batch_tracked,pp1_0.category,pp1_0.code,pp1_0.created_at,pp1_0.created_by,pp1_0.created_by_name,pp1_0.display_name,pp1_0.dosage_form,pp1_0.expiry_tracked,pp1_0.generic_name,pp1_0.manufacturer,pp1_0.pack_size,pp1_0.storage_instructions,pp1_0.strength,pp1_0.updated_at,pp1_0.updated_by,pp1_0.updated_by_name,pp1_0.version from pharmacy_products pp1_0 where pp1_0.id=?
2026-09-30T12:38:48.980+02:00 DEBUG 20356 --- [ulwembu-platform-api] [nio-8081-exec-7] org.hibernate.SQL                        : select pp1_0.id,pp1_0.active,pp1_0.barcode,pp1_0.base_unit,pp1_0.batch_tracked,pp1_0.category,pp1_0.code,pp1_0.created_at,pp1_0.created_by,pp1_0.created_by_name,pp1_0.display_name,pp1_0.dosage_form,pp1_0.expiry_tracked,pp1_0.generic_name,pp1_0.manufacturer,pp1_0.pack_size,pp1_0.storage_instructions,pp1_0.strength,pp1_0.updated_at,pp1_0.updated_by,pp1_0.updated_by_name,pp1_0.version from pharmacy_products pp1_0 where pp1_0.id=?
2026-09-30T12:38:48.980+02:00 DEBUG 20356 --- [ulwembu-platform-api] [nio-8081-exec-2] org.hibernate.SQL                        : select pp1_0.id,pp1_0.active,pp1_0.barcode,pp1_0.base_unit,pp1_0.batch_tracked,pp1_0.category,pp1_0.code,pp1_0.created_at,pp1_0.created_by,pp1_0.created_by_name,pp1_0.display_name,pp1_0.dosage_form,pp1_0.expiry_tracked,pp1_0.generic_name,pp1_0.manufacturer,pp1_0.pack_size,pp1_0.storage_instructions,pp1_0.strength,pp1_0.updated_at,pp1_0.updated_by,pp1_0.updated_by_name,pp1_0.version from pharmacy_products pp1_0 where pp1_0.id=?
2026-09-30T12:38:48.981+02:00 DEBUG 20356 --- [ulwembu-platform-api] [nio-8081-exec-2] m.m.a.RequestResponseBodyMethodProcessor : Using 'application/json', given [*/*] and supported [application/json, application/*+json]
2026-09-30T12:38:48.981+02:00 DEBUG 20356 --- [ulwembu-platform-api] [nio-8081-exec-7] o.s.w.s.m.m.a.HttpEntityMethodProcessor  : Using 'application/json', given [*/*] and supported [application/json, application/*+json]
2026-09-30T12:38:48.981+02:00 DEBUG 20356 --- [ulwembu-platform-api] [nio-8081-exec-2] m.m.a.RequestResponseBodyMethodProcessor : Writing [{items=[]}]
2026-09-30T12:38:48.982+02:00 DEBUG 20356 --- [ulwembu-platform-api] [nio-8081-exec-7] o.s.w.s.m.m.a.HttpEntityMethodProcessor  : Writing [{items=[StockRow[productId=50871aa0-c2ff-4090-8784-94401ccb7ac6, code=PARA, displayName=ethnol, base (truncated)...]
2026-09-30T12:38:48.982+02:00 DEBUG 20356 --- [ulwembu-platform-api] [nio-8081-exec-7] o.s.web.servlet.DispatcherServlet        : Completed 200 OK
2026-09-30T12:38:48.982+02:00 DEBUG 20356 --- [ulwembu-platform-api] [nio-8081-exec-2] o.s.web.servlet.DispatcherServlet        : Completed 200 OK
2026-09-30T12:38:49.363+02:00 DEBUG 20356 --- [ulwembu-platform-api] [nio-8081-exec-8] org.hibernate.SQL                        : select o1_0.id,o1_0.branding,o1_0.created_at,o1_0.display_name,o1_0.mail_settings,o1_0.profile,o1_0.schema_name,o1_0.sector,o1_0.slug,o1_0.sso_settings,o1_0.status,o1_0.tenant_code from control.organizations o1_0 where o1_0.slug=?
2026-09-30T12:38:49.363+02:00 DEBUG 20356 --- [ulwembu-platform-api] [nio-8081-exec-1] org.hibernate.SQL                        : select o1_0.id,o1_0.branding,o1_0.created_at,o1_0.display_name,o1_0.mail_settings,o1_0.profile,o1_0.schema_name,o1_0.sector,o1_0.slug,o1_0.sso_settings,o1_0.status,o1_0.tenant_code from control.organizations o1_0 where o1_0.slug=?
2026-09-30T12:38:49.369+02:00 DEBUG 20356 --- [ulwembu-platform-api] [nio-8081-exec-8] org.hibernate.SQL                        : select u1_0.id,u1_0.contact_number,u1_0.contact_verified_at,u1_0.date_of_birth,u1_0.department,u1_0.designation,u1_0.email,u1_0.email_verified_at,u1_0.emergency_contact_name,u1_0.emergency_contact_phone,u1_0.emergency_contact_relationship,u1_0.employee_number,u1_0.employment_end_date,u1_0.employment_start_date,u1_0.employment_type,u1_0.facility_id,u1_0.failed_login_count,u1_0.first_name,u1_0.gender,u1_0.hpcsa_expiry_date,u1_0.hpcsa_number,u1_0.id_number,u1_0.last_failed_login_at,u1_0.last_login_at,u1_0.last_name,u1_0.locked_at,u1_0.manager_id,u1_0.must_change_password,u1_0.password_hash,u1_0.profile_photo_url,u1_0.sanc_expiry_date,u1_0.sanc_number,u1_0.sapc_expiry_date,u1_0.sapc_number,u1_0.status,u1_0.token_version from users u1_0 where u1_0.id=?
2026-09-30T12:38:49.369+02:00 DEBUG 20356 --- [ulwembu-platform-api] [nio-8081-exec-1] org.hibernate.SQL                        : select u1_0.id,u1_0.contact_number,u1_0.contact_verified_at,u1_0.date_of_birth,u1_0.department,u1_0.designation,u1_0.email,u1_0.email_verified_at,u1_0.emergency_contact_name,u1_0.emergency_contact_phone,u1_0.emergency_contact_relationship,u1_0.employee_number,u1_0.employment_end_date,u1_0.employment_start_date,u1_0.employment_type,u1_0.facility_id,u1_0.failed_login_count,u1_0.first_name,u1_0.gender,u1_0.hpcsa_expiry_date,u1_0.hpcsa_number,u1_0.id_number,u1_0.last_failed_login_at,u1_0.last_login_at,u1_0.last_name,u1_0.locked_at,u1_0.manager_id,u1_0.must_change_password,u1_0.password_hash,u1_0.profile_photo_url,u1_0.sanc_expiry_date,u1_0.sanc_number,u1_0.sapc_expiry_date,u1_0.sapc_number,u1_0.status,u1_0.token_version from users u1_0 where u1_0.id=?
2026-09-30T12:38:49.370+02:00 DEBUG 20356 --- [ulwembu-platform-api] [nio-8081-exec-1] o.s.web.servlet.DispatcherServlet        : GET "/api/v1/admin/staff", parameters={}
2026-09-30T12:38:49.370+02:00 DEBUG 20356 --- [ulwembu-platform-api] [nio-8081-exec-8] o.s.web.servlet.DispatcherServlet        : GET "/api/v1/facilities", parameters={}
2026-09-30T12:38:49.371+02:00 DEBUG 20356 --- [ulwembu-platform-api] [nio-8081-exec-8] s.w.s.m.m.a.RequestMappingHandlerMapping : Mapped to co.ehealth.platform.facility.FacilityController#list()
2026-09-30T12:38:49.371+02:00 DEBUG 20356 --- [ulwembu-platform-api] [nio-8081-exec-1] s.w.s.m.m.a.RequestMappingHandlerMapping : Mapped to co.ehealth.platform.identity.StaffController#list()
2026-09-30T12:38:49.373+02:00 DEBUG 20356 --- [ulwembu-platform-api] [nio-8081-exec-1] org.hibernate.SQL                        : select u1_0.id,u1_0.contact_number,u1_0.contact_verified_at,u1_0.date_of_birth,u1_0.department,u1_0.designation,u1_0.email,u1_0.email_verified_at,u1_0.emergency_contact_name,u1_0.emergency_contact_phone,u1_0.emergency_contact_relationship,u1_0.employee_number,u1_0.employment_end_date,u1_0.employment_start_date,u1_0.employment_type,u1_0.facility_id,u1_0.failed_login_count,u1_0.first_name,u1_0.gender,u1_0.hpcsa_expiry_date,u1_0.hpcsa_number,u1_0.id_number,u1_0.last_failed_login_at,u1_0.last_login_at,u1_0.last_name,u1_0.locked_at,u1_0.manager_id,u1_0.must_change_password,u1_0.password_hash,u1_0.profile_photo_url,u1_0.sanc_expiry_date,u1_0.sanc_number,u1_0.sapc_expiry_date,u1_0.sapc_number,u1_0.status,u1_0.token_version from users u1_0
2026-09-30T12:38:49.373+02:00 DEBUG 20356 --- [ulwembu-platform-api] [nio-8081-exec-8] org.hibernate.SQL                        : select f1_0.id,f1_0.active,f1_0.address,f1_0.code,f1_0.daily_appointment_limit,f1_0.name,f1_0.operating_hours,f1_0.phone,f1_0.timezone,f1_0.type from facilities f1_0 where f1_0.active order by f1_0.name
2026-09-30T12:38:49.375+02:00 DEBUG 20356 --- [ulwembu-platform-api] [nio-8081-exec-8] m.m.a.RequestResponseBodyMethodProcessor : Using 'application/json', given [*/*] and supported [application/json, application/*+json]
2026-09-30T12:38:49.375+02:00 DEBUG 20356 --- [ulwembu-platform-api] [nio-8081-exec-8] m.m.a.RequestResponseBodyMethodProcessor : Writing [{items=[{id=a7ee88e2-3a54-4d1f-8c46-59075756ae12, name=Demo Main Clinic}, {id=aa7942b0-2bd2-4e25-95c (truncated)...]
2026-09-30T12:38:49.377+02:00 DEBUG 20356 --- [ulwembu-platform-api] [nio-8081-exec-8] o.s.web.servlet.DispatcherServlet        : Completed 200 OK
2026-09-30T12:38:49.377+02:00 DEBUG 20356 --- [ulwembu-platform-api] [nio-8081-exec-1] org.hibernate.SQL                        : select r.name from roles r, user_roles ur where ur.role_id = r.id and ur.user_id = ?
2026-09-30T12:38:49.382+02:00 DEBUG 20356 --- [ulwembu-platform-api] [nio-8081-exec-1] org.hibernate.SQL                        : select r.name from roles r, user_roles ur where ur.role_id = r.id and ur.user_id = ?
2026-09-30T12:38:49.383+02:00 DEBUG 20356 --- [ulwembu-platform-api] [nio-8081-exec-1] org.hibernate.SQL                        : select r.name from roles r, user_roles ur where ur.role_id = r.id and ur.user_id = ?
2026-09-30T12:38:49.385+02:00 DEBUG 20356 --- [ulwembu-platform-api] [nio-8081-exec-1] org.hibernate.SQL                        : select r.name from roles r, user_roles ur where ur.role_id = r.id and ur.user_id = ?
2026-09-30T12:38:49.386+02:00 DEBUG 20356 --- [ulwembu-platform-api] [nio-8081-exec-1] org.hibernate.SQL                        : select r.name from roles r, user_roles ur where ur.role_id = r.id and ur.user_id = ?
2026-09-30T12:38:49.387+02:00 DEBUG 20356 --- [ulwembu-platform-api] [nio-8081-exec-1] org.hibernate.SQL                        : select r.name from roles r, user_roles ur where ur.role_id = r.id and ur.user_id = ?
2026-09-30T12:38:49.388+02:00 DEBUG 20356 --- [ulwembu-platform-api] [nio-8081-exec-1] org.hibernate.SQL                        : select r.name from roles r, user_roles ur where ur.role_id = r.id and ur.user_id = ?
2026-09-30T12:38:49.389+02:00 DEBUG 20356 --- [ulwembu-platform-api] [nio-8081-exec-1] o.s.w.s.m.m.a.HttpEntityMethodProcessor  : Using 'application/json', given [*/*] and supported [application/json, application/*+json]
2026-09-30T12:38:49.390+02:00 DEBUG 20356 --- [ulwembu-platform-api] [nio-8081-exec-1] o.s.w.s.m.m.a.HttpEntityMethodProcessor  : Writing [{items=[StaffRosterEntry[id=b5f7b3c2-a88d-48bf-89e1-90139f9aec42, employeeNumber=EMP-1001, firstName (truncated)...]
2026-09-30T12:38:49.391+02:00 DEBUG 20356 --- [ulwembu-platform-api] [nio-8081-exec-1] o.s.web.servlet.DispatcherServlet        : Completed 200 OK
2026-09-30T12:38:50.692+02:00 DEBUG 20356 --- [ulwembu-platform-api] [io-8081-exec-10] org.hibernate.SQL                        : select o1_0.id,o1_0.branding,o1_0.created_at,o1_0.display_name,o1_0.mail_settings,o1_0.profile,o1_0.schema_name,o1_0.sector,o1_0.slug,o1_0.sso_settings,o1_0.status,o1_0.tenant_code from control.organizations o1_0 where o1_0.slug=?
2026-09-30T12:38:50.697+02:00 DEBUG 20356 --- [ulwembu-platform-api] [io-8081-exec-10] org.hibernate.SQL                        : select u1_0.id,u1_0.contact_number,u1_0.contact_verified_at,u1_0.date_of_birth,u1_0.department,u1_0.designation,u1_0.email,u1_0.email_verified_at,u1_0.emergency_contact_name,u1_0.emergency_contact_phone,u1_0.emergency_contact_relationship,u1_0.employee_number,u1_0.employment_end_date,u1_0.employment_start_date,u1_0.employment_type,u1_0.facility_id,u1_0.failed_login_count,u1_0.first_name,u1_0.gender,u1_0.hpcsa_expiry_date,u1_0.hpcsa_number,u1_0.id_number,u1_0.last_failed_login_at,u1_0.last_login_at,u1_0.last_name,u1_0.locked_at,u1_0.manager_id,u1_0.must_change_password,u1_0.password_hash,u1_0.profile_photo_url,u1_0.sanc_expiry_date,u1_0.sanc_number,u1_0.sapc_expiry_date,u1_0.sapc_number,u1_0.status,u1_0.token_version from users u1_0 where u1_0.id=?
2026-09-30T12:38:50.699+02:00 DEBUG 20356 --- [ulwembu-platform-api] [io-8081-exec-10] o.s.web.servlet.DispatcherServlet        : GET "/api/v1/admin/organization/mail-settings", parameters={}
2026-09-30T12:38:50.700+02:00 DEBUG 20356 --- [ulwembu-platform-api] [io-8081-exec-10] s.w.s.m.m.a.RequestMappingHandlerMapping : Mapped to co.ehealth.platform.core.tenant.OrganizationMailSettingsController#getMailSettings()
2026-09-30T12:38:50.701+02:00 DEBUG 20356 --- [ulwembu-platform-api] [io-8081-exec-10] org.hibernate.SQL                        : select o1_0.id,o1_0.branding,o1_0.created_at,o1_0.display_name,o1_0.mail_settings,o1_0.profile,o1_0.schema_name,o1_0.sector,o1_0.slug,o1_0.sso_settings,o1_0.status,o1_0.tenant_code from control.organizations o1_0 where o1_0.schema_name=?
2026-09-30T12:38:50.705+02:00 DEBUG 20356 --- [ulwembu-platform-api] [io-8081-exec-10] o.s.w.s.m.m.a.HttpEntityMethodProcessor  : Using 'application/json', given [*/*] and supported [application/json, application/*+json]
2026-09-30T12:38:50.707+02:00 DEBUG 20356 --- [ulwembu-platform-api] [io-8081-exec-10] o.s.w.s.m.m.a.HttpEntityMethodProcessor  : Writing [MailSettingsResponse[host=null, port=null, username=null, passwordSet=false, fromAddress=null]]
2026-09-30T12:38:50.708+02:00 DEBUG 20356 --- [ulwembu-platform-api] [io-8081-exec-10] o.s.web.servlet.DispatcherServlet        : Completed 200 OK
2026-09-30T12:38:52.742+02:00 DEBUG 20356 --- [ulwembu-platform-api] [nio-8081-exec-3] org.hibernate.SQL                        : select o1_0.id,o1_0.branding,o1_0.created_at,o1_0.display_name,o1_0.mail_settings,o1_0.profile,o1_0.schema_name,o1_0.sector,o1_0.slug,o1_0.sso_settings,o1_0.status,o1_0.tenant_code from control.organizations o1_0 where o1_0.slug=?
2026-09-30T12:38:52.745+02:00 DEBUG 20356 --- [ulwembu-platform-api] [nio-8081-exec-7] org.hibernate.SQL                        : select o1_0.id,o1_0.branding,o1_0.created_at,o1_0.display_name,o1_0.mail_settings,o1_0.profile,o1_0.schema_name,o1_0.sector,o1_0.slug,o1_0.sso_settings,o1_0.status,o1_0.tenant_code from control.organizations o1_0 where o1_0.slug=?
2026-09-30T12:38:52.748+02:00 DEBUG 20356 --- [ulwembu-platform-api] [nio-8081-exec-3] org.hibernate.SQL                        : select u1_0.id,u1_0.contact_number,u1_0.contact_verified_at,u1_0.date_of_birth,u1_0.department,u1_0.designation,u1_0.email,u1_0.email_verified_at,u1_0.emergency_contact_name,u1_0.emergency_contact_phone,u1_0.emergency_contact_relationship,u1_0.employee_number,u1_0.employment_end_date,u1_0.employment_start_date,u1_0.employment_type,u1_0.facility_id,u1_0.failed_login_count,u1_0.first_name,u1_0.gender,u1_0.hpcsa_expiry_date,u1_0.hpcsa_number,u1_0.id_number,u1_0.last_failed_login_at,u1_0.last_login_at,u1_0.last_name,u1_0.locked_at,u1_0.manager_id,u1_0.must_change_password,u1_0.password_hash,u1_0.profile_photo_url,u1_0.sanc_expiry_date,u1_0.sanc_number,u1_0.sapc_expiry_date,u1_0.sapc_number,u1_0.status,u1_0.token_version from users u1_0 where u1_0.id=?
2026-09-30T12:38:52.748+02:00 DEBUG 20356 --- [ulwembu-platform-api] [nio-8081-exec-6] org.hibernate.SQL                        : select o1_0.id,o1_0.branding,o1_0.created_at,o1_0.display_name,o1_0.mail_settings,o1_0.profile,o1_0.schema_name,o1_0.sector,o1_0.slug,o1_0.sso_settings,o1_0.status,o1_0.tenant_code from control.organizations o1_0 where o1_0.slug=?
2026-09-30T12:38:52.750+02:00 DEBUG 20356 --- [ulwembu-platform-api] [nio-8081-exec-7] org.hibernate.SQL                        : select u1_0.id,u1_0.contact_number,u1_0.contact_verified_at,u1_0.date_of_birth,u1_0.department,u1_0.designation,u1_0.email,u1_0.email_verified_at,u1_0.emergency_contact_name,u1_0.emergency_contact_phone,u1_0.emergency_contact_relationship,u1_0.employee_number,u1_0.employment_end_date,u1_0.employment_start_date,u1_0.employment_type,u1_0.facility_id,u1_0.failed_login_count,u1_0.first_name,u1_0.gender,u1_0.hpcsa_expiry_date,u1_0.hpcsa_number,u1_0.id_number,u1_0.last_failed_login_at,u1_0.last_login_at,u1_0.last_name,u1_0.locked_at,u1_0.manager_id,u1_0.must_change_password,u1_0.password_hash,u1_0.profile_photo_url,u1_0.sanc_expiry_date,u1_0.sanc_number,u1_0.sapc_expiry_date,u1_0.sapc_number,u1_0.status,u1_0.token_version from users u1_0 where u1_0.id=?
2026-09-30T12:38:52.751+02:00 DEBUG 20356 --- [ulwembu-platform-api] [nio-8081-exec-3] o.s.web.servlet.DispatcherServlet        : GET "/api/v1/facilities", parameters={}
2026-09-30T12:38:52.751+02:00 DEBUG 20356 --- [ulwembu-platform-api] [nio-8081-exec-3] s.w.s.m.m.a.RequestMappingHandlerMapping : Mapped to co.ehealth.platform.facility.FacilityController#list()
2026-09-30T12:38:52.752+02:00 DEBUG 20356 --- [ulwembu-platform-api] [nio-8081-exec-7] o.s.web.servlet.DispatcherServlet        : GET "/api/v1/prescriptions/dispensing-capabilities", parameters={}
2026-09-30T12:38:52.752+02:00 DEBUG 20356 --- [ulwembu-platform-api] [nio-8081-exec-6] org.hibernate.SQL                        : select u1_0.id,u1_0.contact_number,u1_0.contact_verified_at,u1_0.date_of_birth,u1_0.department,u1_0.designation,u1_0.email,u1_0.email_verified_at,u1_0.emergency_contact_name,u1_0.emergency_contact_phone,u1_0.emergency_contact_relationship,u1_0.employee_number,u1_0.employment_end_date,u1_0.employment_start_date,u1_0.employment_type,u1_0.facility_id,u1_0.failed_login_count,u1_0.first_name,u1_0.gender,u1_0.hpcsa_expiry_date,u1_0.hpcsa_number,u1_0.id_number,u1_0.last_failed_login_at,u1_0.last_login_at,u1_0.last_name,u1_0.locked_at,u1_0.manager_id,u1_0.must_change_password,u1_0.password_hash,u1_0.profile_photo_url,u1_0.sanc_expiry_date,u1_0.sanc_number,u1_0.sapc_expiry_date,u1_0.sapc_number,u1_0.status,u1_0.token_version from users u1_0 where u1_0.id=?
2026-09-30T12:38:52.752+02:00 DEBUG 20356 --- [ulwembu-platform-api] [nio-8081-exec-7] s.w.s.m.m.a.RequestMappingHandlerMapping : Mapped to co.ehealth.platform.pharmacy.PrescriptionController#dispensingCapabilities(AuthenticatedPrincipal)
2026-09-30T12:38:52.753+02:00 DEBUG 20356 --- [ulwembu-platform-api] [nio-8081-exec-3] org.hibernate.SQL                        : select f1_0.id,f1_0.active,f1_0.address,f1_0.code,f1_0.daily_appointment_limit,f1_0.name,f1_0.operating_hours,f1_0.phone,f1_0.timezone,f1_0.type from facilities f1_0 where f1_0.active order by f1_0.name
2026-09-30T12:38:52.753+02:00 DEBUG 20356 --- [ulwembu-platform-api] [nio-8081-exec-7] org.hibernate.SQL                        : SELECT DISTINCT p.code FROM permissions p
JOIN role_permissions rp ON rp.permission_id = p.id
JOIN roles r ON r.id = rp.role_id
WHERE r.name IN (?)

2026-09-30T12:38:52.755+02:00 DEBUG 20356 --- [ulwembu-platform-api] [nio-8081-exec-6] o.s.web.servlet.DispatcherServlet        : GET "/api/v1/prescriptions/queue?facilityId=a7ee88e2-3a54-4d1f-8c46-59075756ae12", parameters={masked}
2026-09-30T12:38:52.755+02:00 DEBUG 20356 --- [ulwembu-platform-api] [nio-8081-exec-3] m.m.a.RequestResponseBodyMethodProcessor : Using 'application/json', given [*/*] and supported [application/json, application/*+json]
2026-09-30T12:38:52.756+02:00 DEBUG 20356 --- [ulwembu-platform-api] [nio-8081-exec-6] s.w.s.m.m.a.RequestMappingHandlerMapping : Mapped to co.ehealth.platform.pharmacy.PrescriptionController#queue(UUID)
2026-09-30T12:38:52.756+02:00 DEBUG 20356 --- [ulwembu-platform-api] [nio-8081-exec-3] m.m.a.RequestResponseBodyMethodProcessor : Writing [{items=[{id=a7ee88e2-3a54-4d1f-8c46-59075756ae12, name=Demo Main Clinic}, {id=aa7942b0-2bd2-4e25-95c (truncated)...]
2026-09-30T12:38:52.756+02:00 DEBUG 20356 --- [ulwembu-platform-api] [nio-8081-exec-7] org.hibernate.SQL                        : select u1_0.id,u1_0.contact_number,u1_0.contact_verified_at,u1_0.date_of_birth,u1_0.department,u1_0.designation,u1_0.email,u1_0.email_verified_at,u1_0.emergency_contact_name,u1_0.emergency_contact_phone,u1_0.emergency_contact_relationship,u1_0.employee_number,u1_0.employment_end_date,u1_0.employment_start_date,u1_0.employment_type,u1_0.facility_id,u1_0.failed_login_count,u1_0.first_name,u1_0.gender,u1_0.hpcsa_expiry_date,u1_0.hpcsa_number,u1_0.id_number,u1_0.last_failed_login_at,u1_0.last_login_at,u1_0.last_name,u1_0.locked_at,u1_0.manager_id,u1_0.must_change_password,u1_0.password_hash,u1_0.profile_photo_url,u1_0.sanc_expiry_date,u1_0.sanc_number,u1_0.sapc_expiry_date,u1_0.sapc_number,u1_0.status,u1_0.token_version from users u1_0 where u1_0.id=?
2026-09-30T12:38:52.756+02:00 DEBUG 20356 --- [ulwembu-platform-api] [nio-8081-exec-6] org.hibernate.SQL                        : SELECT DISTINCT p.code FROM permissions p
JOIN role_permissions rp ON rp.permission_id = p.id
JOIN roles r ON r.id = rp.role_id
WHERE r.name IN (?)

2026-09-30T12:38:52.756+02:00 DEBUG 20356 --- [ulwembu-platform-api] [nio-8081-exec-3] o.s.web.servlet.DispatcherServlet        : Completed 200 OK
2026-09-30T12:38:52.758+02:00 DEBUG 20356 --- [ulwembu-platform-api] [nio-8081-exec-7] org.hibernate.SQL                        : SELECT DISTINCT p.code FROM permissions p
JOIN role_permissions rp ON rp.permission_id = p.id
JOIN roles r ON r.id = rp.role_id
WHERE r.name IN (?)

2026-09-30T12:38:52.759+02:00 DEBUG 20356 --- [ulwembu-platform-api] [nio-8081-exec-6] org.hibernate.SQL                        : select p1_0.id,p1_0.consultation_id,p1_0.created_at,p1_0.facility_id,p1_0.patient_id,p1_0.prescriber_id,p1_0.serial_number,p1_0.status,p1_0.visit_id from prescriptions p1_0 where p1_0.facility_id=? and p1_0.status in (?,?) order by p1_0.created_at
2026-09-30T12:38:52.762+02:00 DEBUG 20356 --- [ulwembu-platform-api] [nio-8081-exec-7] o.s.w.s.m.m.a.HttpEntityMethodProcessor  : Using 'application/json', given [*/*] and supported [application/json, application/*+json]
2026-09-30T12:38:52.762+02:00 DEBUG 20356 --- [ulwembu-platform-api] [nio-8081-exec-6] o.s.w.s.m.m.a.HttpEntityMethodProcessor  : Using 'application/json', given [*/*] and supported [application/json, application/*+json]
2026-09-30T12:38:52.762+02:00 DEBUG 20356 --- [ulwembu-platform-api] [nio-8081-exec-7] o.s.w.s.m.m.a.HttpEntityMethodProcessor  : Writing [DispensingCapabilitiesResponse[canDispense=false, canPrescribe=false]]
2026-09-30T12:38:52.762+02:00 DEBUG 20356 --- [ulwembu-platform-api] [nio-8081-exec-6] o.s.w.s.m.m.a.HttpEntityMethodProcessor  : Writing [{items=[]}]
2026-09-30T12:38:52.763+02:00 DEBUG 20356 --- [ulwembu-platform-api] [nio-8081-exec-7] o.s.web.servlet.DispatcherServlet        : Completed 200 OK
2026-09-30T12:38:52.763+02:00 DEBUG 20356 --- [ulwembu-platform-api] [nio-8081-exec-6] o.s.web.servlet.DispatcherServlet        : Completed 200 OK
2026-09-30T12:38:53.810+02:00 DEBUG 20356 --- [ulwembu-platform-api] [nio-8081-exec-5] org.hibernate.SQL                        : select o1_0.id,o1_0.branding,o1_0.created_at,o1_0.display_name,o1_0.mail_settings,o1_0.profile,o1_0.schema_name,o1_0.sector,o1_0.slug,o1_0.sso_settings,o1_0.status,o1_0.tenant_code from control.organizations o1_0 where o1_0.slug=?
2026-09-30T12:38:53.816+02:00 DEBUG 20356 --- [ulwembu-platform-api] [nio-8081-exec-5] org.hibernate.SQL                        : select u1_0.id,u1_0.contact_number,u1_0.contact_verified_at,u1_0.date_of_birth,u1_0.department,u1_0.designation,u1_0.email,u1_0.email_verified_at,u1_0.emergency_contact_name,u1_0.emergency_contact_phone,u1_0.emergency_contact_relationship,u1_0.employee_number,u1_0.employment_end_date,u1_0.employment_start_date,u1_0.employment_type,u1_0.facility_id,u1_0.failed_login_count,u1_0.first_name,u1_0.gender,u1_0.hpcsa_expiry_date,u1_0.hpcsa_number,u1_0.id_number,u1_0.last_failed_login_at,u1_0.last_login_at,u1_0.last_name,u1_0.locked_at,u1_0.manager_id,u1_0.must_change_password,u1_0.password_hash,u1_0.profile_photo_url,u1_0.sanc_expiry_date,u1_0.sanc_number,u1_0.sapc_expiry_date,u1_0.sapc_number,u1_0.status,u1_0.token_version from users u1_0 where u1_0.id=?
2026-09-30T12:38:53.817+02:00 DEBUG 20356 --- [ulwembu-platform-api] [nio-8081-exec-1] org.hibernate.SQL                        : select o1_0.id,o1_0.branding,o1_0.created_at,o1_0.display_name,o1_0.mail_settings,o1_0.profile,o1_0.schema_name,o1_0.sector,o1_0.slug,o1_0.sso_settings,o1_0.status,o1_0.tenant_code from control.organizations o1_0 where o1_0.slug=?
2026-09-30T12:38:53.818+02:00 DEBUG 20356 --- [ulwembu-platform-api] [nio-8081-exec-5] o.s.web.servlet.DispatcherServlet        : GET "/api/v1/facilities", parameters={}
2026-09-30T12:38:53.819+02:00 DEBUG 20356 --- [ulwembu-platform-api] [nio-8081-exec-5] s.w.s.m.m.a.RequestMappingHandlerMapping : Mapped to co.ehealth.platform.facility.FacilityController#list()
2026-09-30T12:38:53.820+02:00 DEBUG 20356 --- [ulwembu-platform-api] [nio-8081-exec-5] org.hibernate.SQL                        : select f1_0.id,f1_0.active,f1_0.address,f1_0.code,f1_0.daily_appointment_limit,f1_0.name,f1_0.operating_hours,f1_0.phone,f1_0.timezone,f1_0.type from facilities f1_0 where f1_0.active order by f1_0.name
2026-09-30T12:38:53.821+02:00 DEBUG 20356 --- [ulwembu-platform-api] [nio-8081-exec-1] org.hibernate.SQL                        : select u1_0.id,u1_0.contact_number,u1_0.contact_verified_at,u1_0.date_of_birth,u1_0.department,u1_0.designation,u1_0.email,u1_0.email_verified_at,u1_0.emergency_contact_name,u1_0.emergency_contact_phone,u1_0.emergency_contact_relationship,u1_0.employee_number,u1_0.employment_end_date,u1_0.employment_start_date,u1_0.employment_type,u1_0.facility_id,u1_0.failed_login_count,u1_0.first_name,u1_0.gender,u1_0.hpcsa_expiry_date,u1_0.hpcsa_number,u1_0.id_number,u1_0.last_failed_login_at,u1_0.last_login_at,u1_0.last_name,u1_0.locked_at,u1_0.manager_id,u1_0.must_change_password,u1_0.password_hash,u1_0.profile_photo_url,u1_0.sanc_expiry_date,u1_0.sanc_number,u1_0.sapc_expiry_date,u1_0.sapc_number,u1_0.status,u1_0.token_version from users u1_0 where u1_0.id=?
2026-09-30T12:38:53.821+02:00 DEBUG 20356 --- [ulwembu-platform-api] [nio-8081-exec-5] m.m.a.RequestResponseBodyMethodProcessor : Using 'application/json', given [*/*] and supported [application/json, application/*+json]
2026-09-30T12:38:53.822+02:00 DEBUG 20356 --- [ulwembu-platform-api] [nio-8081-exec-5] m.m.a.RequestResponseBodyMethodProcessor : Writing [{items=[{id=a7ee88e2-3a54-4d1f-8c46-59075756ae12, name=Demo Main Clinic}, {id=aa7942b0-2bd2-4e25-95c (truncated)...]
2026-09-30T12:38:53.823+02:00 DEBUG 20356 --- [ulwembu-platform-api] [nio-8081-exec-5] o.s.web.servlet.DispatcherServlet        : Completed 200 OK
2026-09-30T12:38:53.823+02:00 DEBUG 20356 --- [ulwembu-platform-api] [nio-8081-exec-1] o.s.web.servlet.DispatcherServlet        : GET "/api/v1/queue?facilityId=a7ee88e2-3a54-4d1f-8c46-59075756ae12&status=ISSUED&status=CALLED&status=MISSED&date=2026-09-30&page=0&pageSize=25", parameters={masked}
2026-09-30T12:38:53.825+02:00 DEBUG 20356 --- [ulwembu-platform-api] [nio-8081-exec-1] s.w.s.m.m.a.RequestMappingHandlerMapping : Mapped to co.ehealth.platform.visit.QueueController#list(UUID, String, Set, TokenPriority, LocalDate, int, int)
2026-09-30T12:38:53.832+02:00 DEBUG 20356 --- [ulwembu-platform-api] [nio-8081-exec-1] org.hibernate.SQL                        : SELECT DISTINCT p.code FROM permissions p
JOIN role_permissions rp ON rp.permission_id = p.id
JOIN roles r ON r.id = rp.role_id
WHERE r.name IN (?)

2026-09-30T12:38:53.835+02:00 DEBUG 20356 --- [ulwembu-platform-api] [nio-8081-exec-1] org.hibernate.SQL                        : select f1_0.id,f1_0.active,f1_0.address,f1_0.code,f1_0.daily_appointment_limit,f1_0.name,f1_0.operating_hours,f1_0.phone,f1_0.timezone,f1_0.type from facilities f1_0 where f1_0.id=?
2026-09-30T12:38:53.843+02:00 DEBUG 20356 --- [ulwembu-platform-api] [nio-8081-exec-1] org.hibernate.SQL                        : select qt1_0.id,qt1_0.called_at,qt1_0.cancel_reason,qt1_0.cancelled_at,qt1_0.cancelled_by_user_id,qt1_0.completed_at,qt1_0.facility_id,qt1_0.issued_at,qt1_0.issued_by_user_id,qt1_0.is_manual,qt1_0.missed_at,qt1_0.priority,qt1_0.status,qt1_0.token_number,qt1_0.visit_id from queue_tokens qt1_0 where qt1_0.facility_id=? and qt1_0.issued_at>=? and qt1_0.issued_at<? order by case qt1_0.status when 'CALLED' then 0 when 'ISSUED' then 1 else 2 end,case when qt1_0.priority='PRIORITY' then 0 else 1 end,qt1_0.issued_at
2026-09-30T12:38:53.849+02:00 DEBUG 20356 --- [ulwembu-platform-api] [nio-8081-exec-1] o.s.w.s.m.m.a.HttpEntityMethodProcessor  : Using 'application/json', given [*/*] and supported [application/json, application/*+json]
2026-09-30T12:38:53.849+02:00 DEBUG 20356 --- [ulwembu-platform-api] [nio-8081-exec-1] o.s.w.s.m.m.a.HttpEntityMethodProcessor  : Writing [{date=2026-09-30, pageSize=25, totalPages=0, page=0, items=[], totalElements=0}]
2026-09-30T12:38:53.849+02:00 DEBUG 20356 --- [ulwembu-platform-api] [nio-8081-exec-1] o.s.web.servlet.DispatcherServlet        : Completed 200 OK
2026-09-30T12:38:55.300+02:00 DEBUG 20356 --- [ulwembu-platform-api] [io-8081-exec-10] org.hibernate.SQL                        : select o1_0.id,o1_0.branding,o1_0.created_at,o1_0.display_name,o1_0.mail_settings,o1_0.profile,o1_0.schema_name,o1_0.sector,o1_0.slug,o1_0.sso_settings,o1_0.status,o1_0.tenant_code from control.organizations o1_0 where o1_0.slug=?
2026-09-30T12:38:55.304+02:00 DEBUG 20356 --- [ulwembu-platform-api] [io-8081-exec-10] org.hibernate.SQL                        : select u1_0.id,u1_0.contact_number,u1_0.contact_verified_at,u1_0.date_of_birth,u1_0.department,u1_0.designation,u1_0.email,u1_0.email_verified_at,u1_0.emergency_contact_name,u1_0.emergency_contact_phone,u1_0.emergency_contact_relationship,u1_0.employee_number,u1_0.employment_end_date,u1_0.employment_start_date,u1_0.employment_type,u1_0.facility_id,u1_0.failed_login_count,u1_0.first_name,u1_0.gender,u1_0.hpcsa_expiry_date,u1_0.hpcsa_number,u1_0.id_number,u1_0.last_failed_login_at,u1_0.last_login_at,u1_0.last_name,u1_0.locked_at,u1_0.manager_id,u1_0.must_change_password,u1_0.password_hash,u1_0.profile_photo_url,u1_0.sanc_expiry_date,u1_0.sanc_number,u1_0.sapc_expiry_date,u1_0.sapc_number,u1_0.status,u1_0.token_version from users u1_0 where u1_0.id=?
2026-09-30T12:38:55.307+02:00 DEBUG 20356 --- [ulwembu-platform-api] [io-8081-exec-10] o.s.web.servlet.DispatcherServlet        : GET "/api/v1/patients?page=0&size=20&sortBy=registered&sortDir=desc", parameters={masked}
2026-09-30T12:38:55.308+02:00 DEBUG 20356 --- [ulwembu-platform-api] [io-8081-exec-10] s.w.s.m.m.a.RequestMappingHandlerMapping : Mapped to co.ehealth.platform.patient.PatientController#list(int, int, String, String, String, String, String, String, String, String)
2026-09-30T12:38:55.319+02:00 DEBUG 20356 --- [ulwembu-platform-api] [io-8081-exec-10] org.hibernate.SQL                        : SELECT DISTINCT p.code FROM permissions p
JOIN role_permissions rp ON rp.permission_id = p.id
JOIN roles r ON r.id = rp.role_id
WHERE r.name IN (?)

2026-09-30T12:38:55.336+02:00 DEBUG 20356 --- [ulwembu-platform-api] [io-8081-exec-10] org.hibernate.SQL                        : select p1_0.id,p1_0.address,p1_0.archived,p1_0.archived_at,p1_0.archived_by_user_id,p1_0.archived_reason,p1_0.citizenship_status,p1_0.contact_number,p1_0.created_at,p1_0.date_of_birth,p1_0.deceased_date,p1_0.email,p1_0.first_name,p1_0.gender,p1_0.id_number,p1_0.last_name,p1_0.medical_aid_number,p1_0.medical_aid_provider,p1_0.mpi_number,p1_0.passport_expiry,p1_0.passport_number,p1_0.registered_by_user_id from patients p1_0 where p1_0.archived=false and (? is null or p1_0.gender=?) and (? is null or (?=true and p1_0.medical_aid_provider is not null) or (?=false and p1_0.medical_aid_provider is null)) and (?='' or lower(p1_0.mpi_number) like lower(('%'||?||'%')) escape '') and (? is null or p1_0.citizenship_status=?) and p1_0.created_at>=? and p1_0.created_at<=? order by p1_0.created_at desc fetch first ? rows only
2026-09-30T12:38:55.344+02:00 DEBUG 20356 --- [ulwembu-platform-api] [io-8081-exec-10] o.s.w.s.m.m.a.HttpEntityMethodProcessor  : Using 'application/json', given [*/*] and supported [application/json, application/*+json]
2026-09-30T12:38:55.353+02:00 DEBUG 20356 --- [ulwembu-platform-api] [io-8081-exec-10] o.s.w.s.m.m.a.HttpEntityMethodProcessor  : Writing [{items=[PatientSummary[id=b37a057b-4d40-4c49-a3fa-8b651f79f7a2, mpiNumber=DC-0000005, firstName=Sibu (truncated)...]
2026-09-30T12:38:55.357+02:00 DEBUG 20356 --- [ulwembu-platform-api] [io-8081-exec-10] o.s.web.servlet.DispatcherServlet        : Completed 200 OK
2026-09-30T12:38:58.346+02:00 DEBUG 20356 --- [ulwembu-platform-api] [nio-8081-exec-8] org.hibernate.SQL                        : select o1_0.id,o1_0.branding,o1_0.created_at,o1_0.display_name,o1_0.mail_settings,o1_0.profile,o1_0.schema_name,o1_0.sector,o1_0.slug,o1_0.sso_settings,o1_0.status,o1_0.tenant_code from control.organizations o1_0 where o1_0.slug=?
2026-09-30T12:38:58.346+02:00 DEBUG 20356 --- [ulwembu-platform-api] [nio-8081-exec-7] org.hibernate.SQL                        : select o1_0.id,o1_0.branding,o1_0.created_at,o1_0.display_name,o1_0.mail_settings,o1_0.profile,o1_0.schema_name,o1_0.sector,o1_0.slug,o1_0.sso_settings,o1_0.status,o1_0.tenant_code from control.organizations o1_0 where o1_0.slug=?
2026-09-30T12:38:58.346+02:00 DEBUG 20356 --- [ulwembu-platform-api] [nio-8081-exec-6] org.hibernate.SQL                        : select o1_0.id,o1_0.branding,o1_0.created_at,o1_0.display_name,o1_0.mail_settings,o1_0.profile,o1_0.schema_name,o1_0.sector,o1_0.slug,o1_0.sso_settings,o1_0.status,o1_0.tenant_code from control.organizations o1_0 where o1_0.slug=?
2026-09-30T12:38:58.351+02:00 DEBUG 20356 --- [ulwembu-platform-api] [nio-8081-exec-7] org.hibernate.SQL                        : select u1_0.id,u1_0.contact_number,u1_0.contact_verified_at,u1_0.date_of_birth,u1_0.department,u1_0.designation,u1_0.email,u1_0.email_verified_at,u1_0.emergency_contact_name,u1_0.emergency_contact_phone,u1_0.emergency_contact_relationship,u1_0.employee_number,u1_0.employment_end_date,u1_0.employment_start_date,u1_0.employment_type,u1_0.facility_id,u1_0.failed_login_count,u1_0.first_name,u1_0.gender,u1_0.hpcsa_expiry_date,u1_0.hpcsa_number,u1_0.id_number,u1_0.last_failed_login_at,u1_0.last_login_at,u1_0.last_name,u1_0.locked_at,u1_0.manager_id,u1_0.must_change_password,u1_0.password_hash,u1_0.profile_photo_url,u1_0.sanc_expiry_date,u1_0.sanc_number,u1_0.sapc_expiry_date,u1_0.sapc_number,u1_0.status,u1_0.token_version from users u1_0 where u1_0.id=?
2026-09-30T12:38:58.351+02:00 DEBUG 20356 --- [ulwembu-platform-api] [nio-8081-exec-8] org.hibernate.SQL                        : select u1_0.id,u1_0.contact_number,u1_0.contact_verified_at,u1_0.date_of_birth,u1_0.department,u1_0.designation,u1_0.email,u1_0.email_verified_at,u1_0.emergency_contact_name,u1_0.emergency_contact_phone,u1_0.emergency_contact_relationship,u1_0.employee_number,u1_0.employment_end_date,u1_0.employment_start_date,u1_0.employment_type,u1_0.facility_id,u1_0.failed_login_count,u1_0.first_name,u1_0.gender,u1_0.hpcsa_expiry_date,u1_0.hpcsa_number,u1_0.id_number,u1_0.last_failed_login_at,u1_0.last_login_at,u1_0.last_name,u1_0.locked_at,u1_0.manager_id,u1_0.must_change_password,u1_0.password_hash,u1_0.profile_photo_url,u1_0.sanc_expiry_date,u1_0.sanc_number,u1_0.sapc_expiry_date,u1_0.sapc_number,u1_0.status,u1_0.token_version from users u1_0 where u1_0.id=?
2026-09-30T12:38:58.351+02:00 DEBUG 20356 --- [ulwembu-platform-api] [nio-8081-exec-6] org.hibernate.SQL                        : select u1_0.id,u1_0.contact_number,u1_0.contact_verified_at,u1_0.date_of_birth,u1_0.department,u1_0.designation,u1_0.email,u1_0.email_verified_at,u1_0.emergency_contact_name,u1_0.emergency_contact_phone,u1_0.emergency_contact_relationship,u1_0.employee_number,u1_0.employment_end_date,u1_0.employment_start_date,u1_0.employment_type,u1_0.facility_id,u1_0.failed_login_count,u1_0.first_name,u1_0.gender,u1_0.hpcsa_expiry_date,u1_0.hpcsa_number,u1_0.id_number,u1_0.last_failed_login_at,u1_0.last_login_at,u1_0.last_name,u1_0.locked_at,u1_0.manager_id,u1_0.must_change_password,u1_0.password_hash,u1_0.profile_photo_url,u1_0.sanc_expiry_date,u1_0.sanc_number,u1_0.sapc_expiry_date,u1_0.sapc_number,u1_0.status,u1_0.token_version from users u1_0 where u1_0.id=?
2026-09-30T12:38:58.354+02:00 DEBUG 20356 --- [ulwembu-platform-api] [nio-8081-exec-6] o.s.web.servlet.DispatcherServlet        : GET "/api/v1/organization/modules", parameters={}
2026-09-30T12:38:58.354+02:00 DEBUG 20356 --- [ulwembu-platform-api] [nio-8081-exec-8] o.s.web.servlet.DispatcherServlet        : GET "/api/v1/organization", parameters={}
2026-09-30T12:38:58.354+02:00 DEBUG 20356 --- [ulwembu-platform-api] [nio-8081-exec-7] o.s.web.servlet.DispatcherServlet        : GET "/api/v1/admin/staff", parameters={}
2026-09-30T12:38:58.355+02:00 DEBUG 20356 --- [ulwembu-platform-api] [nio-8081-exec-6] s.w.s.m.m.a.RequestMappingHandlerMapping : Mapped to co.ehealth.platform.core.tenant.OrganizationBrandingController#getModules()
2026-09-30T12:38:58.355+02:00 DEBUG 20356 --- [ulwembu-platform-api] [nio-8081-exec-8] s.w.s.m.m.a.RequestMappingHandlerMapping : Mapped to co.ehealth.platform.core.tenant.OrganizationBrandingController#getOrganization()
2026-09-30T12:38:58.355+02:00 DEBUG 20356 --- [ulwembu-platform-api] [nio-8081-exec-7] s.w.s.m.m.a.RequestMappingHandlerMapping : Mapped to co.ehealth.platform.identity.StaffController#list()
2026-09-30T12:38:58.356+02:00 DEBUG 20356 --- [ulwembu-platform-api] [nio-8081-exec-6] org.hibernate.SQL                        : select o1_0.id,o1_0.branding,o1_0.created_at,o1_0.display_name,o1_0.mail_settings,o1_0.profile,o1_0.schema_name,o1_0.sector,o1_0.slug,o1_0.sso_settings,o1_0.status,o1_0.tenant_code from control.organizations o1_0 where o1_0.schema_name=?
2026-09-30T12:38:58.356+02:00 DEBUG 20356 --- [ulwembu-platform-api] [nio-8081-exec-8] org.hibernate.SQL                        : select o1_0.id,o1_0.branding,o1_0.created_at,o1_0.display_name,o1_0.mail_settings,o1_0.profile,o1_0.schema_name,o1_0.sector,o1_0.slug,o1_0.sso_settings,o1_0.status,o1_0.tenant_code from control.organizations o1_0 where o1_0.schema_name=?
2026-09-30T12:38:58.356+02:00 DEBUG 20356 --- [ulwembu-platform-api] [nio-8081-exec-7] org.hibernate.SQL                        : select u1_0.id,u1_0.contact_number,u1_0.contact_verified_at,u1_0.date_of_birth,u1_0.department,u1_0.designation,u1_0.email,u1_0.email_verified_at,u1_0.emergency_contact_name,u1_0.emergency_contact_phone,u1_0.emergency_contact_relationship,u1_0.employee_number,u1_0.employment_end_date,u1_0.employment_start_date,u1_0.employment_type,u1_0.facility_id,u1_0.failed_login_count,u1_0.first_name,u1_0.gender,u1_0.hpcsa_expiry_date,u1_0.hpcsa_number,u1_0.id_number,u1_0.last_failed_login_at,u1_0.last_login_at,u1_0.last_name,u1_0.locked_at,u1_0.manager_id,u1_0.must_change_password,u1_0.password_hash,u1_0.profile_photo_url,u1_0.sanc_expiry_date,u1_0.sanc_number,u1_0.sapc_expiry_date,u1_0.sapc_number,u1_0.status,u1_0.token_version from users u1_0
2026-09-30T12:38:58.359+02:00 DEBUG 20356 --- [ulwembu-platform-api] [nio-8081-exec-8] o.s.w.s.m.m.a.HttpEntityMethodProcessor  : Using 'application/json', given [*/*] and supported [application/json, application/*+json]
2026-09-30T12:38:58.360+02:00 DEBUG 20356 --- [ulwembu-platform-api] [nio-8081-exec-8] o.s.w.s.m.m.a.HttpEntityMethodProcessor  : Writing [OrganizationSelfResponse[displayName=Demo Community Clinic, slug=demo-clinic, status=ACTIVE, sector= (truncated)...]
2026-09-30T12:38:58.360+02:00 DEBUG 20356 --- [ulwembu-platform-api] [nio-8081-exec-6] org.hibernate.SQL                        : select me1_0.id,me1_0.enabled,me1_0.module_code,me1_0.organization_id,me1_0.updated_at from control.module_entitlements me1_0 where me1_0.organization_id=?
2026-09-30T12:38:58.360+02:00 DEBUG 20356 --- [ulwembu-platform-api] [nio-8081-exec-7] org.hibernate.SQL                        : select r.name from roles r, user_roles ur where ur.role_id = r.id and ur.user_id = ?
2026-09-30T12:38:58.360+02:00 DEBUG 20356 --- [ulwembu-platform-api] [nio-8081-exec-8] o.s.web.servlet.DispatcherServlet        : Completed 200 OK
2026-09-30T12:38:58.362+02:00 DEBUG 20356 --- [ulwembu-platform-api] [nio-8081-exec-7] org.hibernate.SQL                        : select r.name from roles r, user_roles ur where ur.role_id = r.id and ur.user_id = ?
2026-09-30T12:38:58.363+02:00 DEBUG 20356 --- [ulwembu-platform-api] [nio-8081-exec-6] o.s.w.s.m.m.a.HttpEntityMethodProcessor  : Using 'application/json', given [*/*] and supported [application/json, application/*+json]
2026-09-30T12:38:58.364+02:00 DEBUG 20356 --- [ulwembu-platform-api] [nio-8081-exec-6] o.s.w.s.m.m.a.HttpEntityMethodProcessor  : Writing [{items=[ModuleEntitlementView[code=SADM, displayName=Platform Administration & Tenant Lifecycle, pha (truncated)...]
2026-09-30T12:38:58.364+02:00 DEBUG 20356 --- [ulwembu-platform-api] [nio-8081-exec-7] org.hibernate.SQL                        : select r.name from roles r, user_roles ur where ur.role_id = r.id and ur.user_id = ?
2026-09-30T12:38:58.365+02:00 DEBUG 20356 --- [ulwembu-platform-api] [nio-8081-exec-6] o.s.web.servlet.DispatcherServlet        : Completed 200 OK
2026-09-30T12:38:58.367+02:00 DEBUG 20356 --- [ulwembu-platform-api] [nio-8081-exec-7] org.hibernate.SQL                        : select r.name from roles r, user_roles ur where ur.role_id = r.id and ur.user_id = ?
2026-09-30T12:38:58.369+02:00 DEBUG 20356 --- [ulwembu-platform-api] [nio-8081-exec-7] org.hibernate.SQL                        : select r.name from roles r, user_roles ur where ur.role_id = r.id and ur.user_id = ?
2026-09-30T12:38:58.371+02:00 DEBUG 20356 --- [ulwembu-platform-api] [nio-8081-exec-7] org.hibernate.SQL                        : select r.name from roles r, user_roles ur where ur.role_id = r.id and ur.user_id = ?
2026-09-30T12:38:58.372+02:00 DEBUG 20356 --- [ulwembu-platform-api] [nio-8081-exec-7] org.hibernate.SQL                        : select r.name from roles r, user_roles ur where ur.role_id = r.id and ur.user_id = ?
2026-09-30T12:38:58.373+02:00 DEBUG 20356 --- [ulwembu-platform-api] [nio-8081-exec-7] o.s.w.s.m.m.a.HttpEntityMethodProcessor  : Using 'application/json', given [*/*] and supported [application/json, application/*+json]
2026-09-30T12:38:58.375+02:00 DEBUG 20356 --- [ulwembu-platform-api] [nio-8081-exec-7] o.s.w.s.m.m.a.HttpEntityMethodProcessor  : Writing [{items=[StaffRosterEntry[id=b5f7b3c2-a88d-48bf-89e1-90139f9aec42, employeeNumber=EMP-1001, firstName (truncated)...]
2026-09-30T12:38:58.376+02:00 DEBUG 20356 --- [ulwembu-platform-api] [nio-8081-exec-7] o.s.web.servlet.DispatcherServlet        : Completed 200 OK
2026-09-30T12:40:55.340+02:00 DEBUG 20356 --- [ulwembu-platform-api] [nio-8081-exec-4] org.hibernate.SQL                        : select o1_0.id,o1_0.branding,o1_0.created_at,o1_0.display_name,o1_0.mail_settings,o1_0.profile,o1_0.schema_name,o1_0.sector,o1_0.slug,o1_0.sso_settings,o1_0.status,o1_0.tenant_code from control.organizations o1_0 where o1_0.slug=?
2026-09-30T12:40:55.340+02:00 DEBUG 20356 --- [ulwembu-platform-api] [nio-8081-exec-8] org.hibernate.SQL                        : select o1_0.id,o1_0.branding,o1_0.created_at,o1_0.display_name,o1_0.mail_settings,o1_0.profile,o1_0.schema_name,o1_0.sector,o1_0.slug,o1_0.sso_settings,o1_0.status,o1_0.tenant_code from control.organizations o1_0 where o1_0.slug=?
2026-09-30T12:40:55.343+02:00 DEBUG 20356 --- [ulwembu-platform-api] [nio-8081-exec-6] org.hibernate.SQL                        : select o1_0.id,o1_0.branding,o1_0.created_at,o1_0.display_name,o1_0.mail_settings,o1_0.profile,o1_0.schema_name,o1_0.sector,o1_0.slug,o1_0.sso_settings,o1_0.status,o1_0.tenant_code from control.organizations o1_0 where o1_0.slug=?
2026-09-30T12:40:55.345+02:00 DEBUG 20356 --- [ulwembu-platform-api] [nio-8081-exec-8] org.hibernate.SQL                        : select u1_0.id,u1_0.contact_number,u1_0.contact_verified_at,u1_0.date_of_birth,u1_0.department,u1_0.designation,u1_0.email,u1_0.email_verified_at,u1_0.emergency_contact_name,u1_0.emergency_contact_phone,u1_0.emergency_contact_relationship,u1_0.employee_number,u1_0.employment_end_date,u1_0.employment_start_date,u1_0.employment_type,u1_0.facility_id,u1_0.failed_login_count,u1_0.first_name,u1_0.gender,u1_0.hpcsa_expiry_date,u1_0.hpcsa_number,u1_0.id_number,u1_0.last_failed_login_at,u1_0.last_login_at,u1_0.last_name,u1_0.locked_at,u1_0.manager_id,u1_0.must_change_password,u1_0.password_hash,u1_0.profile_photo_url,u1_0.sanc_expiry_date,u1_0.sanc_number,u1_0.sapc_expiry_date,u1_0.sapc_number,u1_0.status,u1_0.token_version from users u1_0 where u1_0.id=?
2026-09-30T12:40:55.345+02:00 DEBUG 20356 --- [ulwembu-platform-api] [nio-8081-exec-4] org.hibernate.SQL                        : select u1_0.id,u1_0.contact_number,u1_0.contact_verified_at,u1_0.date_of_birth,u1_0.department,u1_0.designation,u1_0.email,u1_0.email_verified_at,u1_0.emergency_contact_name,u1_0.emergency_contact_phone,u1_0.emergency_contact_relationship,u1_0.employee_number,u1_0.employment_end_date,u1_0.employment_start_date,u1_0.employment_type,u1_0.facility_id,u1_0.failed_login_count,u1_0.first_name,u1_0.gender,u1_0.hpcsa_expiry_date,u1_0.hpcsa_number,u1_0.id_number,u1_0.last_failed_login_at,u1_0.last_login_at,u1_0.last_name,u1_0.locked_at,u1_0.manager_id,u1_0.must_change_password,u1_0.password_hash,u1_0.profile_photo_url,u1_0.sanc_expiry_date,u1_0.sanc_number,u1_0.sapc_expiry_date,u1_0.sapc_number,u1_0.status,u1_0.token_version from users u1_0 where u1_0.id=?
2026-09-30T12:40:55.348+02:00 DEBUG 20356 --- [ulwembu-platform-api] [nio-8081-exec-6] org.hibernate.SQL                        : select u1_0.id,u1_0.contact_number,u1_0.contact_verified_at,u1_0.date_of_birth,u1_0.department,u1_0.designation,u1_0.email,u1_0.email_verified_at,u1_0.emergency_contact_name,u1_0.emergency_contact_phone,u1_0.emergency_contact_relationship,u1_0.employee_number,u1_0.employment_end_date,u1_0.employment_start_date,u1_0.employment_type,u1_0.facility_id,u1_0.failed_login_count,u1_0.first_name,u1_0.gender,u1_0.hpcsa_expiry_date,u1_0.hpcsa_number,u1_0.id_number,u1_0.last_failed_login_at,u1_0.last_login_at,u1_0.last_name,u1_0.locked_at,u1_0.manager_id,u1_0.must_change_password,u1_0.password_hash,u1_0.profile_photo_url,u1_0.sanc_expiry_date,u1_0.sanc_number,u1_0.sapc_expiry_date,u1_0.sapc_number,u1_0.status,u1_0.token_version from users u1_0 where u1_0.id=?
2026-09-30T12:40:55.349+02:00 DEBUG 20356 --- [ulwembu-platform-api] [nio-8081-exec-8] o.s.web.servlet.DispatcherServlet        : GET "/api/v1/facilities", parameters={}
2026-09-30T12:40:55.349+02:00 DEBUG 20356 --- [ulwembu-platform-api] [nio-8081-exec-4] o.s.web.servlet.DispatcherServlet        : GET "/api/v1/prescriptions/dispensing-capabilities", parameters={}
2026-09-30T12:40:55.349+02:00 DEBUG 20356 --- [ulwembu-platform-api] [nio-8081-exec-8] s.w.s.m.m.a.RequestMappingHandlerMapping : Mapped to co.ehealth.platform.facility.FacilityController#list()
2026-09-30T12:40:55.349+02:00 DEBUG 20356 --- [ulwembu-platform-api] [nio-8081-exec-4] s.w.s.m.m.a.RequestMappingHandlerMapping : Mapped to co.ehealth.platform.pharmacy.PrescriptionController#dispensingCapabilities(AuthenticatedPrincipal)
2026-09-30T12:40:55.350+02:00 DEBUG 20356 --- [ulwembu-platform-api] [nio-8081-exec-6] o.s.web.servlet.DispatcherServlet        : GET "/api/v1/prescriptions/queue?facilityId=a7ee88e2-3a54-4d1f-8c46-59075756ae12", parameters={masked}
2026-09-30T12:40:55.351+02:00 DEBUG 20356 --- [ulwembu-platform-api] [nio-8081-exec-6] s.w.s.m.m.a.RequestMappingHandlerMapping : Mapped to co.ehealth.platform.pharmacy.PrescriptionController#queue(UUID)
2026-09-30T12:40:55.351+02:00 DEBUG 20356 --- [ulwembu-platform-api] [nio-8081-exec-8] org.hibernate.SQL                        : select f1_0.id,f1_0.active,f1_0.address,f1_0.code,f1_0.daily_appointment_limit,f1_0.name,f1_0.operating_hours,f1_0.phone,f1_0.timezone,f1_0.type from facilities f1_0 where f1_0.active order by f1_0.name
2026-09-30T12:40:55.351+02:00 DEBUG 20356 --- [ulwembu-platform-api] [nio-8081-exec-4] org.hibernate.SQL                        : SELECT DISTINCT p.code FROM permissions p
JOIN role_permissions rp ON rp.permission_id = p.id
JOIN roles r ON r.id = rp.role_id
WHERE r.name IN (?)

2026-09-30T12:40:55.351+02:00 DEBUG 20356 --- [ulwembu-platform-api] [nio-8081-exec-6] org.hibernate.SQL                        : SELECT DISTINCT p.code FROM permissions p
JOIN role_permissions rp ON rp.permission_id = p.id
JOIN roles r ON r.id = rp.role_id
WHERE r.name IN (?)

2026-09-30T12:40:55.352+02:00 DEBUG 20356 --- [ulwembu-platform-api] [nio-8081-exec-8] m.m.a.RequestResponseBodyMethodProcessor : Using 'application/json', given [*/*] and supported [application/json, application/*+json]
2026-09-30T12:40:55.354+02:00 DEBUG 20356 --- [ulwembu-platform-api] [nio-8081-exec-8] m.m.a.RequestResponseBodyMethodProcessor : Writing [{items=[{id=a7ee88e2-3a54-4d1f-8c46-59075756ae12, name=Demo Main Clinic}, {id=aa7942b0-2bd2-4e25-95c (truncated)...]
2026-09-30T12:40:55.354+02:00 DEBUG 20356 --- [ulwembu-platform-api] [nio-8081-exec-4] org.hibernate.SQL                        : select u1_0.id,u1_0.contact_number,u1_0.contact_verified_at,u1_0.date_of_birth,u1_0.department,u1_0.designation,u1_0.email,u1_0.email_verified_at,u1_0.emergency_contact_name,u1_0.emergency_contact_phone,u1_0.emergency_contact_relationship,u1_0.employee_number,u1_0.employment_end_date,u1_0.employment_start_date,u1_0.employment_type,u1_0.facility_id,u1_0.failed_login_count,u1_0.first_name,u1_0.gender,u1_0.hpcsa_expiry_date,u1_0.hpcsa_number,u1_0.id_number,u1_0.last_failed_login_at,u1_0.last_login_at,u1_0.last_name,u1_0.locked_at,u1_0.manager_id,u1_0.must_change_password,u1_0.password_hash,u1_0.profile_photo_url,u1_0.sanc_expiry_date,u1_0.sanc_number,u1_0.sapc_expiry_date,u1_0.sapc_number,u1_0.status,u1_0.token_version from users u1_0 where u1_0.id=?
2026-09-30T12:40:55.354+02:00 DEBUG 20356 --- [ulwembu-platform-api] [nio-8081-exec-8] o.s.web.servlet.DispatcherServlet        : Completed 200 OK
2026-09-30T12:40:55.355+02:00 DEBUG 20356 --- [ulwembu-platform-api] [nio-8081-exec-6] org.hibernate.SQL                        : select p1_0.id,p1_0.consultation_id,p1_0.created_at,p1_0.facility_id,p1_0.patient_id,p1_0.prescriber_id,p1_0.serial_number,p1_0.status,p1_0.visit_id from prescriptions p1_0 where p1_0.facility_id=? and p1_0.status in (?,?) order by p1_0.created_at
2026-09-30T12:40:55.356+02:00 DEBUG 20356 --- [ulwembu-platform-api] [nio-8081-exec-4] org.hibernate.SQL                        : SELECT DISTINCT p.code FROM permissions p
JOIN role_permissions rp ON rp.permission_id = p.id
JOIN roles r ON r.id = rp.role_id
WHERE r.name IN (?)

2026-09-30T12:40:55.357+02:00 DEBUG 20356 --- [ulwembu-platform-api] [nio-8081-exec-6] o.s.w.s.m.m.a.HttpEntityMethodProcessor  : Using 'application/json', given [*/*] and supported [application/json, application/*+json]
2026-09-30T12:40:55.357+02:00 DEBUG 20356 --- [ulwembu-platform-api] [nio-8081-exec-6] o.s.w.s.m.m.a.HttpEntityMethodProcessor  : Writing [{items=[]}]
2026-09-30T12:40:55.357+02:00 DEBUG 20356 --- [ulwembu-platform-api] [nio-8081-exec-6] o.s.web.servlet.DispatcherServlet        : Completed 200 OK
2026-09-30T12:40:55.359+02:00 DEBUG 20356 --- [ulwembu-platform-api] [nio-8081-exec-4] o.s.w.s.m.m.a.HttpEntityMethodProcessor  : Using 'application/json', given [*/*] and supported [application/json, application/*+json]
2026-09-30T12:40:55.360+02:00 DEBUG 20356 --- [ulwembu-platform-api] [nio-8081-exec-4] o.s.w.s.m.m.a.HttpEntityMethodProcessor  : Writing [DispensingCapabilitiesResponse[canDispense=false, canPrescribe=false]]
2026-09-30T12:40:55.360+02:00 DEBUG 20356 --- [ulwembu-platform-api] [nio-8081-exec-4] o.s.web.servlet.DispatcherServlet        : Completed 200 OK
2026-09-30T12:40:58.276+02:00 DEBUG 20356 --- [ulwembu-platform-api] [nio-8081-exec-7] org.hibernate.SQL                        : select o1_0.id,o1_0.branding,o1_0.created_at,o1_0.display_name,o1_0.mail_settings,o1_0.profile,o1_0.schema_name,o1_0.sector,o1_0.slug,o1_0.sso_settings,o1_0.status,o1_0.tenant_code from control.organizations o1_0 where o1_0.slug=?
2026-09-30T12:40:58.283+02:00 DEBUG 20356 --- [ulwembu-platform-api] [nio-8081-exec-7] org.hibernate.SQL                        : select u1_0.id,u1_0.contact_number,u1_0.contact_verified_at,u1_0.date_of_birth,u1_0.department,u1_0.designation,u1_0.email,u1_0.email_verified_at,u1_0.emergency_contact_name,u1_0.emergency_contact_phone,u1_0.emergency_contact_relationship,u1_0.employee_number,u1_0.employment_end_date,u1_0.employment_start_date,u1_0.employment_type,u1_0.facility_id,u1_0.failed_login_count,u1_0.first_name,u1_0.gender,u1_0.hpcsa_expiry_date,u1_0.hpcsa_number,u1_0.id_number,u1_0.last_failed_login_at,u1_0.last_login_at,u1_0.last_name,u1_0.locked_at,u1_0.manager_id,u1_0.must_change_password,u1_0.password_hash,u1_0.profile_photo_url,u1_0.sanc_expiry_date,u1_0.sanc_number,u1_0.sapc_expiry_date,u1_0.sapc_number,u1_0.status,u1_0.token_version from users u1_0 where u1_0.id=?
2026-09-30T12:40:58.285+02:00 DEBUG 20356 --- [ulwembu-platform-api] [nio-8081-exec-7] o.s.web.servlet.DispatcherServlet        : GET "/api/v1/facilities", parameters={}
2026-09-30T12:40:58.286+02:00 DEBUG 20356 --- [ulwembu-platform-api] [nio-8081-exec-7] s.w.s.m.m.a.RequestMappingHandlerMapping : Mapped to co.ehealth.platform.facility.FacilityController#list()
2026-09-30T12:40:58.287+02:00 DEBUG 20356 --- [ulwembu-platform-api] [nio-8081-exec-5] org.hibernate.SQL                        : select o1_0.id,o1_0.branding,o1_0.created_at,o1_0.display_name,o1_0.mail_settings,o1_0.profile,o1_0.schema_name,o1_0.sector,o1_0.slug,o1_0.sso_settings,o1_0.status,o1_0.tenant_code from control.organizations o1_0 where o1_0.slug=?
2026-09-30T12:40:58.287+02:00 DEBUG 20356 --- [ulwembu-platform-api] [nio-8081-exec-7] org.hibernate.SQL                        : select f1_0.id,f1_0.active,f1_0.address,f1_0.code,f1_0.daily_appointment_limit,f1_0.name,f1_0.operating_hours,f1_0.phone,f1_0.timezone,f1_0.type from facilities f1_0 where f1_0.active order by f1_0.name
2026-09-30T12:40:58.287+02:00 DEBUG 20356 --- [ulwembu-platform-api] [nio-8081-exec-2] org.hibernate.SQL                        : select o1_0.id,o1_0.branding,o1_0.created_at,o1_0.display_name,o1_0.mail_settings,o1_0.profile,o1_0.schema_name,o1_0.sector,o1_0.slug,o1_0.sso_settings,o1_0.status,o1_0.tenant_code from control.organizations o1_0 where o1_0.slug=?
2026-09-30T12:40:58.290+02:00 DEBUG 20356 --- [ulwembu-platform-api] [nio-8081-exec-7] m.m.a.RequestResponseBodyMethodProcessor : Using 'application/json', given [*/*] and supported [application/json, application/*+json]
2026-09-30T12:40:58.290+02:00 DEBUG 20356 --- [ulwembu-platform-api] [nio-8081-exec-7] m.m.a.RequestResponseBodyMethodProcessor : Writing [{items=[{id=a7ee88e2-3a54-4d1f-8c46-59075756ae12, name=Demo Main Clinic}, {id=aa7942b0-2bd2-4e25-95c (truncated)...]
2026-09-30T12:40:58.291+02:00 DEBUG 20356 --- [ulwembu-platform-api] [nio-8081-exec-7] o.s.web.servlet.DispatcherServlet        : Completed 200 OK
2026-09-30T12:40:58.292+02:00 DEBUG 20356 --- [ulwembu-platform-api] [nio-8081-exec-2] org.hibernate.SQL                        : select u1_0.id,u1_0.contact_number,u1_0.contact_verified_at,u1_0.date_of_birth,u1_0.department,u1_0.designation,u1_0.email,u1_0.email_verified_at,u1_0.emergency_contact_name,u1_0.emergency_contact_phone,u1_0.emergency_contact_relationship,u1_0.employee_number,u1_0.employment_end_date,u1_0.employment_start_date,u1_0.employment_type,u1_0.facility_id,u1_0.failed_login_count,u1_0.first_name,u1_0.gender,u1_0.hpcsa_expiry_date,u1_0.hpcsa_number,u1_0.id_number,u1_0.last_failed_login_at,u1_0.last_login_at,u1_0.last_name,u1_0.locked_at,u1_0.manager_id,u1_0.must_change_password,u1_0.password_hash,u1_0.profile_photo_url,u1_0.sanc_expiry_date,u1_0.sanc_number,u1_0.sapc_expiry_date,u1_0.sapc_number,u1_0.status,u1_0.token_version from users u1_0 where u1_0.id=?
2026-09-30T12:40:58.292+02:00 DEBUG 20356 --- [ulwembu-platform-api] [nio-8081-exec-5] org.hibernate.SQL                        : select u1_0.id,u1_0.contact_number,u1_0.contact_verified_at,u1_0.date_of_birth,u1_0.department,u1_0.designation,u1_0.email,u1_0.email_verified_at,u1_0.emergency_contact_name,u1_0.emergency_contact_phone,u1_0.emergency_contact_relationship,u1_0.employee_number,u1_0.employment_end_date,u1_0.employment_start_date,u1_0.employment_type,u1_0.facility_id,u1_0.failed_login_count,u1_0.first_name,u1_0.gender,u1_0.hpcsa_expiry_date,u1_0.hpcsa_number,u1_0.id_number,u1_0.last_failed_login_at,u1_0.last_login_at,u1_0.last_name,u1_0.locked_at,u1_0.manager_id,u1_0.must_change_password,u1_0.password_hash,u1_0.profile_photo_url,u1_0.sanc_expiry_date,u1_0.sanc_number,u1_0.sapc_expiry_date,u1_0.sapc_number,u1_0.status,u1_0.token_version from users u1_0 where u1_0.id=?
2026-09-30T12:40:58.295+02:00 DEBUG 20356 --- [ulwembu-platform-api] [nio-8081-exec-5] o.s.web.servlet.DispatcherServlet        : GET "/api/v1/pharmacy/stock/alerts?facilityId=a7ee88e2-3a54-4d1f-8c46-59075756ae12", parameters={masked}
2026-09-30T12:40:58.295+02:00 DEBUG 20356 --- [ulwembu-platform-api] [nio-8081-exec-2] o.s.web.servlet.DispatcherServlet        : GET "/api/v1/pharmacy/stock?facilityId=a7ee88e2-3a54-4d1f-8c46-59075756ae12", parameters={masked}
2026-09-30T12:40:58.295+02:00 DEBUG 20356 --- [ulwembu-platform-api] [nio-8081-exec-5] s.w.s.m.m.a.RequestMappingHandlerMapping : Mapped to co.ehealth.platform.pharmacy.stock.PharmacyStockControlController#alerts(UUID)
2026-09-30T12:40:58.295+02:00 DEBUG 20356 --- [ulwembu-platform-api] [nio-8081-exec-2] s.w.s.m.m.a.RequestMappingHandlerMapping : Mapped to co.ehealth.platform.pharmacy.stock.PharmacyStockController#listStock(UUID)
2026-09-30T12:40:58.297+02:00 DEBUG 20356 --- [ulwembu-platform-api] [nio-8081-exec-5] org.hibernate.SQL                        : SELECT DISTINCT p.code FROM permissions p
JOIN role_permissions rp ON rp.permission_id = p.id
JOIN roles r ON r.id = rp.role_id
WHERE r.name IN (?)

2026-09-30T12:40:58.297+02:00 DEBUG 20356 --- [ulwembu-platform-api] [nio-8081-exec-2] org.hibernate.SQL                        : SELECT DISTINCT p.code FROM permissions p
JOIN role_permissions rp ON rp.permission_id = p.id
JOIN roles r ON r.id = rp.role_id
WHERE r.name IN (?)

2026-09-30T12:40:58.299+02:00 DEBUG 20356 --- [ulwembu-platform-api] [nio-8081-exec-5] org.hibernate.SQL                        : select psa1_0.id,psa1_0.batch_id,psa1_0.bucket,psa1_0.location_id,psa1_0.product_id,psa1_0.quantity from pharmacy_stock_accounts psa1_0,pharmacy_stock_locations psl1_0 where psa1_0.location_id=psl1_0.id and psl1_0.facility_id=? and psa1_0.quantity>0 and psa1_0.bucket='AVAILABLE'
2026-09-30T12:40:58.299+02:00 DEBUG 20356 --- [ulwembu-platform-api] [nio-8081-exec-2] org.hibernate.SQL                        : select psa1_0.id,psa1_0.batch_id,psa1_0.bucket,psa1_0.location_id,psa1_0.product_id,psa1_0.quantity from pharmacy_stock_accounts psa1_0,pharmacy_stock_locations psl1_0 where psa1_0.location_id=psl1_0.id and psl1_0.facility_id=? and psa1_0.quantity>0 and psa1_0.bucket='AVAILABLE'
2026-09-30T12:40:58.301+02:00 DEBUG 20356 --- [ulwembu-platform-api] [nio-8081-exec-5] org.hibernate.SQL                        : select pfp1_0.id,pfp1_0.active,pfp1_0.created_at,pfp1_0.facility_id,pfp1_0.product_id,pfp1_0.reorder_threshold,pfp1_0.target_quantity from pharmacy_facility_products pfp1_0 where pfp1_0.facility_id=? and pfp1_0.active
2026-09-30T12:40:58.301+02:00 DEBUG 20356 --- [ulwembu-platform-api] [nio-8081-exec-2] org.hibernate.SQL                        : select pfp1_0.id,pfp1_0.active,pfp1_0.created_at,pfp1_0.facility_id,pfp1_0.product_id,pfp1_0.reorder_threshold,pfp1_0.target_quantity from pharmacy_facility_products pfp1_0 where pfp1_0.facility_id=? and pfp1_0.active
2026-09-30T12:40:58.303+02:00 DEBUG 20356 --- [ulwembu-platform-api] [nio-8081-exec-5] org.hibernate.SQL                        : select pp1_0.id,pp1_0.active,pp1_0.barcode,pp1_0.base_unit,pp1_0.batch_tracked,pp1_0.category,pp1_0.code,pp1_0.created_at,pp1_0.created_by,pp1_0.created_by_name,pp1_0.display_name,pp1_0.dosage_form,pp1_0.expiry_tracked,pp1_0.generic_name,pp1_0.manufacturer,pp1_0.pack_size,pp1_0.storage_instructions,pp1_0.strength,pp1_0.updated_at,pp1_0.updated_by,pp1_0.updated_by_name,pp1_0.version from pharmacy_products pp1_0 where pp1_0.id=?
2026-09-30T12:40:58.303+02:00 DEBUG 20356 --- [ulwembu-platform-api] [nio-8081-exec-2] org.hibernate.SQL                        : select pp1_0.id,pp1_0.active,pp1_0.barcode,pp1_0.base_unit,pp1_0.batch_tracked,pp1_0.category,pp1_0.code,pp1_0.created_at,pp1_0.created_by,pp1_0.created_by_name,pp1_0.display_name,pp1_0.dosage_form,pp1_0.expiry_tracked,pp1_0.generic_name,pp1_0.manufacturer,pp1_0.pack_size,pp1_0.storage_instructions,pp1_0.strength,pp1_0.updated_at,pp1_0.updated_by,pp1_0.updated_by_name,pp1_0.version from pharmacy_products pp1_0 where pp1_0.id=?
2026-09-30T12:40:58.304+02:00 DEBUG 20356 --- [ulwembu-platform-api] [nio-8081-exec-2] org.hibernate.SQL                        : select pp1_0.id,pp1_0.active,pp1_0.barcode,pp1_0.base_unit,pp1_0.batch_tracked,pp1_0.category,pp1_0.code,pp1_0.created_at,pp1_0.created_by,pp1_0.created_by_name,pp1_0.display_name,pp1_0.dosage_form,pp1_0.expiry_tracked,pp1_0.generic_name,pp1_0.manufacturer,pp1_0.pack_size,pp1_0.storage_instructions,pp1_0.strength,pp1_0.updated_at,pp1_0.updated_by,pp1_0.updated_by_name,pp1_0.version from pharmacy_products pp1_0 where pp1_0.id=?
2026-09-30T12:40:58.304+02:00 DEBUG 20356 --- [ulwembu-platform-api] [nio-8081-exec-5] org.hibernate.SQL                        : select pp1_0.id,pp1_0.active,pp1_0.barcode,pp1_0.base_unit,pp1_0.batch_tracked,pp1_0.category,pp1_0.code,pp1_0.created_at,pp1_0.created_by,pp1_0.created_by_name,pp1_0.display_name,pp1_0.dosage_form,pp1_0.expiry_tracked,pp1_0.generic_name,pp1_0.manufacturer,pp1_0.pack_size,pp1_0.storage_instructions,pp1_0.strength,pp1_0.updated_at,pp1_0.updated_by,pp1_0.updated_by_name,pp1_0.version from pharmacy_products pp1_0 where pp1_0.id=?
2026-09-30T12:40:58.306+02:00 DEBUG 20356 --- [ulwembu-platform-api] [nio-8081-exec-5] m.m.a.RequestResponseBodyMethodProcessor : Using 'application/json', given [*/*] and supported [application/json, application/*+json]
2026-09-30T12:40:58.306+02:00 DEBUG 20356 --- [ulwembu-platform-api] [nio-8081-exec-2] o.s.w.s.m.m.a.HttpEntityMethodProcessor  : Using 'application/json', given [*/*] and supported [application/json, application/*+json]
2026-09-30T12:40:58.307+02:00 DEBUG 20356 --- [ulwembu-platform-api] [nio-8081-exec-5] m.m.a.RequestResponseBodyMethodProcessor : Writing [{items=[]}]
2026-09-30T12:40:58.307+02:00 DEBUG 20356 --- [ulwembu-platform-api] [nio-8081-exec-2] o.s.w.s.m.m.a.HttpEntityMethodProcessor  : Writing [{items=[StockRow[productId=50871aa0-c2ff-4090-8784-94401ccb7ac6, code=PARA, displayName=ethnol, base (truncated)...]
2026-09-30T12:40:58.307+02:00 DEBUG 20356 --- [ulwembu-platform-api] [nio-8081-exec-5] o.s.web.servlet.DispatcherServlet        : Completed 200 OK
2026-09-30T12:40:58.307+02:00 DEBUG 20356 --- [ulwembu-platform-api] [nio-8081-exec-2] o.s.web.servlet.DispatcherServlet        : Completed 200 OK
2026-09-30T12:41:00.369+02:00 DEBUG 20356 --- [ulwembu-platform-api] [nio-8081-exec-3] org.hibernate.SQL                        : select o1_0.id,o1_0.branding,o1_0.created_at,o1_0.display_name,o1_0.mail_settings,o1_0.profile,o1_0.schema_name,o1_0.sector,o1_0.slug,o1_0.sso_settings,o1_0.status,o1_0.tenant_code from control.organizations o1_0 where o1_0.slug=?
2026-09-30T12:41:00.374+02:00 DEBUG 20356 --- [ulwembu-platform-api] [nio-8081-exec-3] org.hibernate.SQL                        : select u1_0.id,u1_0.contact_number,u1_0.contact_verified_at,u1_0.date_of_birth,u1_0.department,u1_0.designation,u1_0.email,u1_0.email_verified_at,u1_0.emergency_contact_name,u1_0.emergency_contact_phone,u1_0.emergency_contact_relationship,u1_0.employee_number,u1_0.employment_end_date,u1_0.employment_start_date,u1_0.employment_type,u1_0.facility_id,u1_0.failed_login_count,u1_0.first_name,u1_0.gender,u1_0.hpcsa_expiry_date,u1_0.hpcsa_number,u1_0.id_number,u1_0.last_failed_login_at,u1_0.last_login_at,u1_0.last_name,u1_0.locked_at,u1_0.manager_id,u1_0.must_change_password,u1_0.password_hash,u1_0.profile_photo_url,u1_0.sanc_expiry_date,u1_0.sanc_number,u1_0.sapc_expiry_date,u1_0.sapc_number,u1_0.status,u1_0.token_version from users u1_0 where u1_0.id=?
2026-09-30T12:41:00.376+02:00 DEBUG 20356 --- [ulwembu-platform-api] [nio-8081-exec-3] o.s.web.servlet.DispatcherServlet        : GET "/api/v1/pharmacy/products?activeOnly=true&page=0&size=50", parameters={masked}
2026-09-30T12:41:00.377+02:00 DEBUG 20356 --- [ulwembu-platform-api] [nio-8081-exec-3] s.w.s.m.m.a.RequestMappingHandlerMapping : Mapped to co.ehealth.platform.pharmacy.stock.PharmacyProductController#search(String, boolean, int, int)
2026-09-30T12:41:00.381+02:00 DEBUG 20356 --- [ulwembu-platform-api] [nio-8081-exec-3] org.hibernate.SQL                        : SELECT DISTINCT p.code FROM permissions p
JOIN role_permissions rp ON rp.permission_id = p.id
JOIN roles r ON r.id = rp.role_id
WHERE r.name IN (?)

2026-09-30T12:41:00.387+02:00 DEBUG 20356 --- [ulwembu-platform-api] [nio-8081-exec-3] org.hibernate.SQL                        : select pp1_0.id,pp1_0.active,pp1_0.barcode,pp1_0.base_unit,pp1_0.batch_tracked,pp1_0.category,pp1_0.code,pp1_0.created_at,pp1_0.created_by,pp1_0.created_by_name,pp1_0.display_name,pp1_0.dosage_form,pp1_0.expiry_tracked,pp1_0.generic_name,pp1_0.manufacturer,pp1_0.pack_size,pp1_0.storage_instructions,pp1_0.strength,pp1_0.updated_at,pp1_0.updated_by,pp1_0.updated_by_name,pp1_0.version from pharmacy_products pp1_0 where (?=false or pp1_0.active=true) and (?='' or lower(pp1_0.display_name) like lower(('%'||?||'%')) escape '' or lower(pp1_0.code) like lower(('%'||?||'%')) escape '' or lower(coalesce(pp1_0.generic_name,'')) like lower(('%'||?||'%')) escape '' or lower(coalesce(pp1_0.barcode,'')) like lower(('%'||?||'%')) escape '') order by pp1_0.display_name,pp1_0.display_name fetch first ? rows only
2026-09-30T12:41:00.392+02:00 DEBUG 20356 --- [ulwembu-platform-api] [nio-8081-exec-3] o.s.w.s.m.m.a.HttpEntityMethodProcessor  : Using 'application/json', given [*/*] and supported [application/json, application/*+json]
2026-09-30T12:41:00.401+02:00 DEBUG 20356 --- [ulwembu-platform-api] [nio-8081-exec-3] o.s.w.s.m.m.a.HttpEntityMethodProcessor  : Writing [{items=[ProductResponse[id=50871aa0-c2ff-4090-8784-94401ccb7ac6, code=PARA, displayName=ethnol, gene (truncated)...]
2026-09-30T12:41:00.405+02:00 DEBUG 20356 --- [ulwembu-platform-api] [nio-8081-exec-3] o.s.web.servlet.DispatcherServlet        : Completed 200 OK
2026-09-30T12:41:02.388+02:00 DEBUG 20356 --- [ulwembu-platform-api] [nio-8081-exec-6] org.hibernate.SQL                        : select o1_0.id,o1_0.branding,o1_0.created_at,o1_0.display_name,o1_0.mail_settings,o1_0.profile,o1_0.schema_name,o1_0.sector,o1_0.slug,o1_0.sso_settings,o1_0.status,o1_0.tenant_code from control.organizations o1_0 where o1_0.slug=?
2026-09-30T12:41:02.395+02:00 DEBUG 20356 --- [ulwembu-platform-api] [nio-8081-exec-6] org.hibernate.SQL                        : select u1_0.id,u1_0.contact_number,u1_0.contact_verified_at,u1_0.date_of_birth,u1_0.department,u1_0.designation,u1_0.email,u1_0.email_verified_at,u1_0.emergency_contact_name,u1_0.emergency_contact_phone,u1_0.emergency_contact_relationship,u1_0.employee_number,u1_0.employment_end_date,u1_0.employment_start_date,u1_0.employment_type,u1_0.facility_id,u1_0.failed_login_count,u1_0.first_name,u1_0.gender,u1_0.hpcsa_expiry_date,u1_0.hpcsa_number,u1_0.id_number,u1_0.last_failed_login_at,u1_0.last_login_at,u1_0.last_name,u1_0.locked_at,u1_0.manager_id,u1_0.must_change_password,u1_0.password_hash,u1_0.profile_photo_url,u1_0.sanc_expiry_date,u1_0.sanc_number,u1_0.sapc_expiry_date,u1_0.sapc_number,u1_0.status,u1_0.token_version from users u1_0 where u1_0.id=?
2026-09-30T12:41:02.396+02:00 DEBUG 20356 --- [ulwembu-platform-api] [nio-8081-exec-1] org.hibernate.SQL                        : select o1_0.id,o1_0.branding,o1_0.created_at,o1_0.display_name,o1_0.mail_settings,o1_0.profile,o1_0.schema_name,o1_0.sector,o1_0.slug,o1_0.sso_settings,o1_0.status,o1_0.tenant_code from control.organizations o1_0 where o1_0.slug=?
2026-09-30T12:41:02.396+02:00 DEBUG 20356 --- [ulwembu-platform-api] [nio-8081-exec-4] org.hibernate.SQL                        : select o1_0.id,o1_0.branding,o1_0.created_at,o1_0.display_name,o1_0.mail_settings,o1_0.profile,o1_0.schema_name,o1_0.sector,o1_0.slug,o1_0.sso_settings,o1_0.status,o1_0.tenant_code from control.organizations o1_0 where o1_0.slug=?
2026-09-30T12:41:02.398+02:00 DEBUG 20356 --- [ulwembu-platform-api] [nio-8081-exec-6] o.s.web.servlet.DispatcherServlet        : GET "/api/v1/facilities", parameters={}
2026-09-30T12:41:02.398+02:00 DEBUG 20356 --- [ulwembu-platform-api] [nio-8081-exec-6] s.w.s.m.m.a.RequestMappingHandlerMapping : Mapped to co.ehealth.platform.facility.FacilityController#list()
2026-09-30T12:41:02.400+02:00 DEBUG 20356 --- [ulwembu-platform-api] [nio-8081-exec-1] org.hibernate.SQL                        : select u1_0.id,u1_0.contact_number,u1_0.contact_verified_at,u1_0.date_of_birth,u1_0.department,u1_0.designation,u1_0.email,u1_0.email_verified_at,u1_0.emergency_contact_name,u1_0.emergency_contact_phone,u1_0.emergency_contact_relationship,u1_0.employee_number,u1_0.employment_end_date,u1_0.employment_start_date,u1_0.employment_type,u1_0.facility_id,u1_0.failed_login_count,u1_0.first_name,u1_0.gender,u1_0.hpcsa_expiry_date,u1_0.hpcsa_number,u1_0.id_number,u1_0.last_failed_login_at,u1_0.last_login_at,u1_0.last_name,u1_0.locked_at,u1_0.manager_id,u1_0.must_change_password,u1_0.password_hash,u1_0.profile_photo_url,u1_0.sanc_expiry_date,u1_0.sanc_number,u1_0.sapc_expiry_date,u1_0.sapc_number,u1_0.status,u1_0.token_version from users u1_0 where u1_0.id=?
2026-09-30T12:41:02.400+02:00 DEBUG 20356 --- [ulwembu-platform-api] [nio-8081-exec-4] org.hibernate.SQL                        : select u1_0.id,u1_0.contact_number,u1_0.contact_verified_at,u1_0.date_of_birth,u1_0.department,u1_0.designation,u1_0.email,u1_0.email_verified_at,u1_0.emergency_contact_name,u1_0.emergency_contact_phone,u1_0.emergency_contact_relationship,u1_0.employee_number,u1_0.employment_end_date,u1_0.employment_start_date,u1_0.employment_type,u1_0.facility_id,u1_0.failed_login_count,u1_0.first_name,u1_0.gender,u1_0.hpcsa_expiry_date,u1_0.hpcsa_number,u1_0.id_number,u1_0.last_failed_login_at,u1_0.last_login_at,u1_0.last_name,u1_0.locked_at,u1_0.manager_id,u1_0.must_change_password,u1_0.password_hash,u1_0.profile_photo_url,u1_0.sanc_expiry_date,u1_0.sanc_number,u1_0.sapc_expiry_date,u1_0.sapc_number,u1_0.status,u1_0.token_version from users u1_0 where u1_0.id=?
2026-09-30T12:41:02.400+02:00 DEBUG 20356 --- [ulwembu-platform-api] [nio-8081-exec-6] org.hibernate.SQL                        : select f1_0.id,f1_0.active,f1_0.address,f1_0.code,f1_0.daily_appointment_limit,f1_0.name,f1_0.operating_hours,f1_0.phone,f1_0.timezone,f1_0.type from facilities f1_0 where f1_0.active order by f1_0.name
2026-09-30T12:41:02.403+02:00 DEBUG 20356 --- [ulwembu-platform-api] [nio-8081-exec-6] m.m.a.RequestResponseBodyMethodProcessor : Using 'application/json', given [*/*] and supported [application/json, application/*+json]
2026-09-30T12:41:02.403+02:00 DEBUG 20356 --- [ulwembu-platform-api] [nio-8081-exec-4] o.s.web.servlet.DispatcherServlet        : GET "/api/v1/pharmacy/stock?facilityId=a7ee88e2-3a54-4d1f-8c46-59075756ae12", parameters={masked}
2026-09-30T12:41:02.403+02:00 DEBUG 20356 --- [ulwembu-platform-api] [nio-8081-exec-1] o.s.web.servlet.DispatcherServlet        : GET "/api/v1/pharmacy/stock/alerts?facilityId=a7ee88e2-3a54-4d1f-8c46-59075756ae12", parameters={masked}
2026-09-30T12:41:02.403+02:00 DEBUG 20356 --- [ulwembu-platform-api] [nio-8081-exec-6] m.m.a.RequestResponseBodyMethodProcessor : Writing [{items=[{id=a7ee88e2-3a54-4d1f-8c46-59075756ae12, name=Demo Main Clinic}, {id=aa7942b0-2bd2-4e25-95c (truncated)...]
2026-09-30T12:41:02.404+02:00 DEBUG 20356 --- [ulwembu-platform-api] [nio-8081-exec-1] s.w.s.m.m.a.RequestMappingHandlerMapping : Mapped to co.ehealth.platform.pharmacy.stock.PharmacyStockControlController#alerts(UUID)
2026-09-30T12:41:02.404+02:00 DEBUG 20356 --- [ulwembu-platform-api] [nio-8081-exec-4] s.w.s.m.m.a.RequestMappingHandlerMapping : Mapped to co.ehealth.platform.pharmacy.stock.PharmacyStockController#listStock(UUID)
2026-09-30T12:41:02.405+02:00 DEBUG 20356 --- [ulwembu-platform-api] [nio-8081-exec-6] o.s.web.servlet.DispatcherServlet        : Completed 200 OK
2026-09-30T12:41:02.405+02:00 DEBUG 20356 --- [ulwembu-platform-api] [nio-8081-exec-1] org.hibernate.SQL                        : SELECT DISTINCT p.code FROM permissions p
JOIN role_permissions rp ON rp.permission_id = p.id
JOIN roles r ON r.id = rp.role_id
WHERE r.name IN (?)

2026-09-30T12:41:02.405+02:00 DEBUG 20356 --- [ulwembu-platform-api] [nio-8081-exec-4] org.hibernate.SQL                        : SELECT DISTINCT p.code FROM permissions p
JOIN role_permissions rp ON rp.permission_id = p.id
JOIN roles r ON r.id = rp.role_id
WHERE r.name IN (?)

2026-09-30T12:41:02.409+02:00 DEBUG 20356 --- [ulwembu-platform-api] [nio-8081-exec-1] org.hibernate.SQL                        : select psa1_0.id,psa1_0.batch_id,psa1_0.bucket,psa1_0.location_id,psa1_0.product_id,psa1_0.quantity from pharmacy_stock_accounts psa1_0,pharmacy_stock_locations psl1_0 where psa1_0.location_id=psl1_0.id and psl1_0.facility_id=? and psa1_0.quantity>0 and psa1_0.bucket='AVAILABLE'
2026-09-30T12:41:02.409+02:00 DEBUG 20356 --- [ulwembu-platform-api] [nio-8081-exec-4] org.hibernate.SQL                        : select psa1_0.id,psa1_0.batch_id,psa1_0.bucket,psa1_0.location_id,psa1_0.product_id,psa1_0.quantity from pharmacy_stock_accounts psa1_0,pharmacy_stock_locations psl1_0 where psa1_0.location_id=psl1_0.id and psl1_0.facility_id=? and psa1_0.quantity>0 and psa1_0.bucket='AVAILABLE'
2026-09-30T12:41:02.412+02:00 DEBUG 20356 --- [ulwembu-platform-api] [nio-8081-exec-4] org.hibernate.SQL                        : select pfp1_0.id,pfp1_0.active,pfp1_0.created_at,pfp1_0.facility_id,pfp1_0.product_id,pfp1_0.reorder_threshold,pfp1_0.target_quantity from pharmacy_facility_products pfp1_0 where pfp1_0.facility_id=? and pfp1_0.active
2026-09-30T12:41:02.412+02:00 DEBUG 20356 --- [ulwembu-platform-api] [nio-8081-exec-1] org.hibernate.SQL                        : select pfp1_0.id,pfp1_0.active,pfp1_0.created_at,pfp1_0.facility_id,pfp1_0.product_id,pfp1_0.reorder_threshold,pfp1_0.target_quantity from pharmacy_facility_products pfp1_0 where pfp1_0.facility_id=? and pfp1_0.active
2026-09-30T12:41:02.414+02:00 DEBUG 20356 --- [ulwembu-platform-api] [nio-8081-exec-1] org.hibernate.SQL                        : select pp1_0.id,pp1_0.active,pp1_0.barcode,pp1_0.base_unit,pp1_0.batch_tracked,pp1_0.category,pp1_0.code,pp1_0.created_at,pp1_0.created_by,pp1_0.created_by_name,pp1_0.display_name,pp1_0.dosage_form,pp1_0.expiry_tracked,pp1_0.generic_name,pp1_0.manufacturer,pp1_0.pack_size,pp1_0.storage_instructions,pp1_0.strength,pp1_0.updated_at,pp1_0.updated_by,pp1_0.updated_by_name,pp1_0.version from pharmacy_products pp1_0 where pp1_0.id=?
2026-09-30T12:41:02.414+02:00 DEBUG 20356 --- [ulwembu-platform-api] [nio-8081-exec-4] org.hibernate.SQL                        : select pp1_0.id,pp1_0.active,pp1_0.barcode,pp1_0.base_unit,pp1_0.batch_tracked,pp1_0.category,pp1_0.code,pp1_0.created_at,pp1_0.created_by,pp1_0.created_by_name,pp1_0.display_name,pp1_0.dosage_form,pp1_0.expiry_tracked,pp1_0.generic_name,pp1_0.manufacturer,pp1_0.pack_size,pp1_0.storage_instructions,pp1_0.strength,pp1_0.updated_at,pp1_0.updated_by,pp1_0.updated_by_name,pp1_0.version from pharmacy_products pp1_0 where pp1_0.id=?
2026-09-30T12:41:02.415+02:00 DEBUG 20356 --- [ulwembu-platform-api] [nio-8081-exec-4] org.hibernate.SQL                        : select pp1_0.id,pp1_0.active,pp1_0.barcode,pp1_0.base_unit,pp1_0.batch_tracked,pp1_0.category,pp1_0.code,pp1_0.created_at,pp1_0.created_by,pp1_0.created_by_name,pp1_0.display_name,pp1_0.dosage_form,pp1_0.expiry_tracked,pp1_0.generic_name,pp1_0.manufacturer,pp1_0.pack_size,pp1_0.storage_instructions,pp1_0.strength,pp1_0.updated_at,pp1_0.updated_by,pp1_0.updated_by_name,pp1_0.version from pharmacy_products pp1_0 where pp1_0.id=?
2026-09-30T12:41:02.415+02:00 DEBUG 20356 --- [ulwembu-platform-api] [nio-8081-exec-1] org.hibernate.SQL                        : select pp1_0.id,pp1_0.active,pp1_0.barcode,pp1_0.base_unit,pp1_0.batch_tracked,pp1_0.category,pp1_0.code,pp1_0.created_at,pp1_0.created_by,pp1_0.created_by_name,pp1_0.display_name,pp1_0.dosage_form,pp1_0.expiry_tracked,pp1_0.generic_name,pp1_0.manufacturer,pp1_0.pack_size,pp1_0.storage_instructions,pp1_0.strength,pp1_0.updated_at,pp1_0.updated_by,pp1_0.updated_by_name,pp1_0.version from pharmacy_products pp1_0 where pp1_0.id=?
2026-09-30T12:41:02.417+02:00 DEBUG 20356 --- [ulwembu-platform-api] [nio-8081-exec-1] m.m.a.RequestResponseBodyMethodProcessor : Using 'application/json', given [*/*] and supported [application/json, application/*+json]
2026-09-30T12:41:02.417+02:00 DEBUG 20356 --- [ulwembu-platform-api] [nio-8081-exec-4] o.s.w.s.m.m.a.HttpEntityMethodProcessor  : Using 'application/json', given [*/*] and supported [application/json, application/*+json]
2026-09-30T12:41:02.419+02:00 DEBUG 20356 --- [ulwembu-platform-api] [nio-8081-exec-1] m.m.a.RequestResponseBodyMethodProcessor : Writing [{items=[]}]
2026-09-30T12:41:02.419+02:00 DEBUG 20356 --- [ulwembu-platform-api] [nio-8081-exec-4] o.s.w.s.m.m.a.HttpEntityMethodProcessor  : Writing [{items=[StockRow[productId=50871aa0-c2ff-4090-8784-94401ccb7ac6, code=PARA, displayName=ethnol, base (truncated)...]
2026-09-30T12:41:02.419+02:00 DEBUG 20356 --- [ulwembu-platform-api] [nio-8081-exec-1] o.s.web.servlet.DispatcherServlet        : Completed 200 OK
2026-09-30T12:41:02.419+02:00 DEBUG 20356 --- [ulwembu-platform-api] [nio-8081-exec-4] o.s.web.servlet.DispatcherServlet        : Completed 200 OK
2026-09-30T12:41:05.964+02:00 DEBUG 20356 --- [ulwembu-platform-api] [nio-8081-exec-7] org.hibernate.SQL                        : select o1_0.id,o1_0.branding,o1_0.created_at,o1_0.display_name,o1_0.mail_settings,o1_0.profile,o1_0.schema_name,o1_0.sector,o1_0.slug,o1_0.sso_settings,o1_0.status,o1_0.tenant_code from control.organizations o1_0 where o1_0.slug=?
2026-09-30T12:41:05.969+02:00 DEBUG 20356 --- [ulwembu-platform-api] [nio-8081-exec-7] org.hibernate.SQL                        : select u1_0.id,u1_0.contact_number,u1_0.contact_verified_at,u1_0.date_of_birth,u1_0.department,u1_0.designation,u1_0.email,u1_0.email_verified_at,u1_0.emergency_contact_name,u1_0.emergency_contact_phone,u1_0.emergency_contact_relationship,u1_0.employee_number,u1_0.employment_end_date,u1_0.employment_start_date,u1_0.employment_type,u1_0.facility_id,u1_0.failed_login_count,u1_0.first_name,u1_0.gender,u1_0.hpcsa_expiry_date,u1_0.hpcsa_number,u1_0.id_number,u1_0.last_failed_login_at,u1_0.last_login_at,u1_0.last_name,u1_0.locked_at,u1_0.manager_id,u1_0.must_change_password,u1_0.password_hash,u1_0.profile_photo_url,u1_0.sanc_expiry_date,u1_0.sanc_number,u1_0.sapc_expiry_date,u1_0.sapc_number,u1_0.status,u1_0.token_version from users u1_0 where u1_0.id=?
2026-09-30T12:41:05.974+02:00 DEBUG 20356 --- [ulwembu-platform-api] [nio-8081-exec-7] o.s.web.servlet.DispatcherServlet        : GET "/api/v1/pharmacy/exports/stock-balances?facilityId=a7ee88e2-3a54-4d1f-8c46-59075756ae12", parameters={masked}
2026-09-30T12:41:05.974+02:00 DEBUG 20356 --- [ulwembu-platform-api] [nio-8081-exec-7] s.w.s.m.m.a.RequestMappingHandlerMapping : Mapped to co.ehealth.platform.pharmacy.stock.PharmacyStockController#exportStockBalances(UUID)
2026-09-30T12:41:05.976+02:00 DEBUG 20356 --- [ulwembu-platform-api] [nio-8081-exec-7] org.hibernate.SQL                        : SELECT DISTINCT p.code FROM permissions p
JOIN role_permissions rp ON rp.permission_id = p.id
JOIN roles r ON r.id = rp.role_id
WHERE r.name IN (?)

2026-09-30T12:41:05.980+02:00 DEBUG 20356 --- [ulwembu-platform-api] [nio-8081-exec-7] org.hibernate.SQL                        : select psa1_0.id,psa1_0.batch_id,psa1_0.bucket,psa1_0.location_id,psa1_0.product_id,psa1_0.quantity from pharmacy_stock_accounts psa1_0,pharmacy_stock_locations psl1_0 where psa1_0.location_id=psl1_0.id and psl1_0.facility_id=? and psa1_0.quantity>0 and psa1_0.bucket='AVAILABLE'
2026-09-30T12:41:05.982+02:00 DEBUG 20356 --- [ulwembu-platform-api] [nio-8081-exec-7] org.hibernate.SQL                        : select pfp1_0.id,pfp1_0.active,pfp1_0.created_at,pfp1_0.facility_id,pfp1_0.product_id,pfp1_0.reorder_threshold,pfp1_0.target_quantity from pharmacy_facility_products pfp1_0 where pfp1_0.facility_id=? and pfp1_0.active
2026-09-30T12:41:05.983+02:00 DEBUG 20356 --- [ulwembu-platform-api] [nio-8081-exec-7] org.hibernate.SQL                        : select pp1_0.id,pp1_0.active,pp1_0.barcode,pp1_0.base_unit,pp1_0.batch_tracked,pp1_0.category,pp1_0.code,pp1_0.created_at,pp1_0.created_by,pp1_0.created_by_name,pp1_0.display_name,pp1_0.dosage_form,pp1_0.expiry_tracked,pp1_0.generic_name,pp1_0.manufacturer,pp1_0.pack_size,pp1_0.storage_instructions,pp1_0.strength,pp1_0.updated_at,pp1_0.updated_by,pp1_0.updated_by_name,pp1_0.version from pharmacy_products pp1_0 where pp1_0.id=?
2026-09-30T12:41:05.984+02:00 DEBUG 20356 --- [ulwembu-platform-api] [nio-8081-exec-7] org.hibernate.SQL                        : select pp1_0.id,pp1_0.active,pp1_0.barcode,pp1_0.base_unit,pp1_0.batch_tracked,pp1_0.category,pp1_0.code,pp1_0.created_at,pp1_0.created_by,pp1_0.created_by_name,pp1_0.display_name,pp1_0.dosage_form,pp1_0.expiry_tracked,pp1_0.generic_name,pp1_0.manufacturer,pp1_0.pack_size,pp1_0.storage_instructions,pp1_0.strength,pp1_0.updated_at,pp1_0.updated_by,pp1_0.updated_by_name,pp1_0.version from pharmacy_products pp1_0 where pp1_0.id=?
2026-09-30T12:41:05.989+02:00 DEBUG 20356 --- [ulwembu-platform-api] [nio-8081-exec-7] o.s.w.s.m.m.a.HttpEntityMethodProcessor  : Found 'Content-Type:text/csv;charset=UTF-8' in response
2026-09-30T12:41:05.990+02:00 DEBUG 20356 --- [ulwembu-platform-api] [nio-8081-exec-7] o.s.w.s.m.m.a.HttpEntityMethodProcessor  : Writing [{-17, -69, -65, 34, 67, 111, 100, 101, 34, 44, 34, 80, 114, 111, 100, 117, 99, 116, 34, 44, 34, 66,  (truncated)...]
2026-09-30T12:41:05.992+02:00 DEBUG 20356 --- [ulwembu-platform-api] [nio-8081-exec-7] o.s.web.servlet.DispatcherServlet        : Completed 200 OK
2026-09-30T12:41:07.438+02:00 DEBUG 20356 --- [ulwembu-platform-api] [io-8081-exec-10] org.hibernate.SQL                        : select o1_0.id,o1_0.branding,o1_0.created_at,o1_0.display_name,o1_0.mail_settings,o1_0.profile,o1_0.schema_name,o1_0.sector,o1_0.slug,o1_0.sso_settings,o1_0.status,o1_0.tenant_code from control.organizations o1_0 where o1_0.slug=?
2026-09-30T12:41:07.438+02:00 DEBUG 20356 --- [ulwembu-platform-api] [nio-8081-exec-3] org.hibernate.SQL                        : select o1_0.id,o1_0.branding,o1_0.created_at,o1_0.display_name,o1_0.mail_settings,o1_0.profile,o1_0.schema_name,o1_0.sector,o1_0.slug,o1_0.sso_settings,o1_0.status,o1_0.tenant_code from control.organizations o1_0 where o1_0.slug=?
2026-09-30T12:41:07.442+02:00 DEBUG 20356 --- [ulwembu-platform-api] [nio-8081-exec-3] org.hibernate.SQL                        : select u1_0.id,u1_0.contact_number,u1_0.contact_verified_at,u1_0.date_of_birth,u1_0.department,u1_0.designation,u1_0.email,u1_0.email_verified_at,u1_0.emergency_contact_name,u1_0.emergency_contact_phone,u1_0.emergency_contact_relationship,u1_0.employee_number,u1_0.employment_end_date,u1_0.employment_start_date,u1_0.employment_type,u1_0.facility_id,u1_0.failed_login_count,u1_0.first_name,u1_0.gender,u1_0.hpcsa_expiry_date,u1_0.hpcsa_number,u1_0.id_number,u1_0.last_failed_login_at,u1_0.last_login_at,u1_0.last_name,u1_0.locked_at,u1_0.manager_id,u1_0.must_change_password,u1_0.password_hash,u1_0.profile_photo_url,u1_0.sanc_expiry_date,u1_0.sanc_number,u1_0.sapc_expiry_date,u1_0.sapc_number,u1_0.status,u1_0.token_version from users u1_0 where u1_0.id=?
2026-09-30T12:41:07.442+02:00 DEBUG 20356 --- [ulwembu-platform-api] [io-8081-exec-10] org.hibernate.SQL                        : select u1_0.id,u1_0.contact_number,u1_0.contact_verified_at,u1_0.date_of_birth,u1_0.department,u1_0.designation,u1_0.email,u1_0.email_verified_at,u1_0.emergency_contact_name,u1_0.emergency_contact_phone,u1_0.emergency_contact_relationship,u1_0.employee_number,u1_0.employment_end_date,u1_0.employment_start_date,u1_0.employment_type,u1_0.facility_id,u1_0.failed_login_count,u1_0.first_name,u1_0.gender,u1_0.hpcsa_expiry_date,u1_0.hpcsa_number,u1_0.id_number,u1_0.last_failed_login_at,u1_0.last_login_at,u1_0.last_name,u1_0.locked_at,u1_0.manager_id,u1_0.must_change_password,u1_0.password_hash,u1_0.profile_photo_url,u1_0.sanc_expiry_date,u1_0.sanc_number,u1_0.sapc_expiry_date,u1_0.sapc_number,u1_0.status,u1_0.token_version from users u1_0 where u1_0.id=?
2026-09-30T12:41:07.444+02:00 DEBUG 20356 --- [ulwembu-platform-api] [io-8081-exec-10] o.s.web.servlet.DispatcherServlet        : GET "/api/v1/pharmacy/stock/alerts?facilityId=a7ee88e2-3a54-4d1f-8c46-59075756ae12", parameters={masked}
2026-09-30T12:41:07.444+02:00 DEBUG 20356 --- [ulwembu-platform-api] [nio-8081-exec-3] o.s.web.servlet.DispatcherServlet        : GET "/api/v1/pharmacy/stock?facilityId=a7ee88e2-3a54-4d1f-8c46-59075756ae12", parameters={masked}
2026-09-30T12:41:07.445+02:00 DEBUG 20356 --- [ulwembu-platform-api] [io-8081-exec-10] s.w.s.m.m.a.RequestMappingHandlerMapping : Mapped to co.ehealth.platform.pharmacy.stock.PharmacyStockControlController#alerts(UUID)
2026-09-30T12:41:07.445+02:00 DEBUG 20356 --- [ulwembu-platform-api] [nio-8081-exec-3] s.w.s.m.m.a.RequestMappingHandlerMapping : Mapped to co.ehealth.platform.pharmacy.stock.PharmacyStockController#listStock(UUID)
2026-09-30T12:41:07.446+02:00 DEBUG 20356 --- [ulwembu-platform-api] [io-8081-exec-10] org.hibernate.SQL                        : SELECT DISTINCT p.code FROM permissions p
JOIN role_permissions rp ON rp.permission_id = p.id
JOIN roles r ON r.id = rp.role_id
WHERE r.name IN (?)

2026-09-30T12:41:07.446+02:00 DEBUG 20356 --- [ulwembu-platform-api] [nio-8081-exec-3] org.hibernate.SQL                        : SELECT DISTINCT p.code FROM permissions p
JOIN role_permissions rp ON rp.permission_id = p.id
JOIN roles r ON r.id = rp.role_id
WHERE r.name IN (?)

2026-09-30T12:41:07.448+02:00 DEBUG 20356 --- [ulwembu-platform-api] [nio-8081-exec-3] org.hibernate.SQL                        : select psa1_0.id,psa1_0.batch_id,psa1_0.bucket,psa1_0.location_id,psa1_0.product_id,psa1_0.quantity from pharmacy_stock_accounts psa1_0,pharmacy_stock_locations psl1_0 where psa1_0.location_id=psl1_0.id and psl1_0.facility_id=? and psa1_0.quantity>0 and psa1_0.bucket='AVAILABLE'
2026-09-30T12:41:07.448+02:00 DEBUG 20356 --- [ulwembu-platform-api] [io-8081-exec-10] org.hibernate.SQL                        : select psa1_0.id,psa1_0.batch_id,psa1_0.bucket,psa1_0.location_id,psa1_0.product_id,psa1_0.quantity from pharmacy_stock_accounts psa1_0,pharmacy_stock_locations psl1_0 where psa1_0.location_id=psl1_0.id and psl1_0.facility_id=? and psa1_0.quantity>0 and psa1_0.bucket='AVAILABLE'
2026-09-30T12:41:07.450+02:00 DEBUG 20356 --- [ulwembu-platform-api] [nio-8081-exec-3] org.hibernate.SQL                        : select pfp1_0.id,pfp1_0.active,pfp1_0.created_at,pfp1_0.facility_id,pfp1_0.product_id,pfp1_0.reorder_threshold,pfp1_0.target_quantity from pharmacy_facility_products pfp1_0 where pfp1_0.facility_id=? and pfp1_0.active
2026-09-30T12:41:07.450+02:00 DEBUG 20356 --- [ulwembu-platform-api] [io-8081-exec-10] org.hibernate.SQL                        : select pfp1_0.id,pfp1_0.active,pfp1_0.created_at,pfp1_0.facility_id,pfp1_0.product_id,pfp1_0.reorder_threshold,pfp1_0.target_quantity from pharmacy_facility_products pfp1_0 where pfp1_0.facility_id=? and pfp1_0.active
2026-09-30T12:41:07.452+02:00 DEBUG 20356 --- [ulwembu-platform-api] [io-8081-exec-10] org.hibernate.SQL                        : select pp1_0.id,pp1_0.active,pp1_0.barcode,pp1_0.base_unit,pp1_0.batch_tracked,pp1_0.category,pp1_0.code,pp1_0.created_at,pp1_0.created_by,pp1_0.created_by_name,pp1_0.display_name,pp1_0.dosage_form,pp1_0.expiry_tracked,pp1_0.generic_name,pp1_0.manufacturer,pp1_0.pack_size,pp1_0.storage_instructions,pp1_0.strength,pp1_0.updated_at,pp1_0.updated_by,pp1_0.updated_by_name,pp1_0.version from pharmacy_products pp1_0 where pp1_0.id=?
2026-09-30T12:41:07.452+02:00 DEBUG 20356 --- [ulwembu-platform-api] [nio-8081-exec-3] org.hibernate.SQL                        : select pp1_0.id,pp1_0.active,pp1_0.barcode,pp1_0.base_unit,pp1_0.batch_tracked,pp1_0.category,pp1_0.code,pp1_0.created_at,pp1_0.created_by,pp1_0.created_by_name,pp1_0.display_name,pp1_0.dosage_form,pp1_0.expiry_tracked,pp1_0.generic_name,pp1_0.manufacturer,pp1_0.pack_size,pp1_0.storage_instructions,pp1_0.strength,pp1_0.updated_at,pp1_0.updated_by,pp1_0.updated_by_name,pp1_0.version from pharmacy_products pp1_0 where pp1_0.id=?
2026-09-30T12:41:07.453+02:00 DEBUG 20356 --- [ulwembu-platform-api] [io-8081-exec-10] org.hibernate.SQL                        : select pp1_0.id,pp1_0.active,pp1_0.barcode,pp1_0.base_unit,pp1_0.batch_tracked,pp1_0.category,pp1_0.code,pp1_0.created_at,pp1_0.created_by,pp1_0.created_by_name,pp1_0.display_name,pp1_0.dosage_form,pp1_0.expiry_tracked,pp1_0.generic_name,pp1_0.manufacturer,pp1_0.pack_size,pp1_0.storage_instructions,pp1_0.strength,pp1_0.updated_at,pp1_0.updated_by,pp1_0.updated_by_name,pp1_0.version from pharmacy_products pp1_0 where pp1_0.id=?
2026-09-30T12:41:07.453+02:00 DEBUG 20356 --- [ulwembu-platform-api] [nio-8081-exec-3] org.hibernate.SQL                        : select pp1_0.id,pp1_0.active,pp1_0.barcode,pp1_0.base_unit,pp1_0.batch_tracked,pp1_0.category,pp1_0.code,pp1_0.created_at,pp1_0.created_by,pp1_0.created_by_name,pp1_0.display_name,pp1_0.dosage_form,pp1_0.expiry_tracked,pp1_0.generic_name,pp1_0.manufacturer,pp1_0.pack_size,pp1_0.storage_instructions,pp1_0.strength,pp1_0.updated_at,pp1_0.updated_by,pp1_0.updated_by_name,pp1_0.version from pharmacy_products pp1_0 where pp1_0.id=?
2026-09-30T12:41:07.454+02:00 DEBUG 20356 --- [ulwembu-platform-api] [io-8081-exec-10] m.m.a.RequestResponseBodyMethodProcessor : Using 'application/json', given [*/*] and supported [application/json, application/*+json]
2026-09-30T12:41:07.455+02:00 DEBUG 20356 --- [ulwembu-platform-api] [nio-8081-exec-3] o.s.w.s.m.m.a.HttpEntityMethodProcessor  : Using 'application/json', given [*/*] and supported [application/json, application/*+json]
2026-09-30T12:41:07.455+02:00 DEBUG 20356 --- [ulwembu-platform-api] [io-8081-exec-10] m.m.a.RequestResponseBodyMethodProcessor : Writing [{items=[]}]
2026-09-30T12:41:07.455+02:00 DEBUG 20356 --- [ulwembu-platform-api] [nio-8081-exec-3] o.s.w.s.m.m.a.HttpEntityMethodProcessor  : Writing [{items=[StockRow[productId=50871aa0-c2ff-4090-8784-94401ccb7ac6, code=PARA, displayName=ethnol, base (truncated)...]
2026-09-30T12:41:07.456+02:00 DEBUG 20356 --- [ulwembu-platform-api] [io-8081-exec-10] o.s.web.servlet.DispatcherServlet        : Completed 200 OK
2026-09-30T12:41:07.456+02:00 DEBUG 20356 --- [ulwembu-platform-api] [nio-8081-exec-3] o.s.web.servlet.DispatcherServlet        : Completed 200 OK
2026-09-30T12:41:12.466+02:00 DEBUG 20356 --- [ulwembu-platform-api] [nio-8081-exec-4] org.hibernate.SQL                        : select o1_0.id,o1_0.branding,o1_0.created_at,o1_0.display_name,o1_0.mail_settings,o1_0.profile,o1_0.schema_name,o1_0.sector,o1_0.slug,o1_0.sso_settings,o1_0.status,o1_0.tenant_code from control.organizations o1_0 where o1_0.slug=?
2026-09-30T12:41:12.466+02:00 DEBUG 20356 --- [ulwembu-platform-api] [nio-8081-exec-1] org.hibernate.SQL                        : select o1_0.id,o1_0.branding,o1_0.created_at,o1_0.display_name,o1_0.mail_settings,o1_0.profile,o1_0.schema_name,o1_0.sector,o1_0.slug,o1_0.sso_settings,o1_0.status,o1_0.tenant_code from control.organizations o1_0 where o1_0.slug=?
2026-09-30T12:41:12.471+02:00 DEBUG 20356 --- [ulwembu-platform-api] [nio-8081-exec-4] org.hibernate.SQL                        : select u1_0.id,u1_0.contact_number,u1_0.contact_verified_at,u1_0.date_of_birth,u1_0.department,u1_0.designation,u1_0.email,u1_0.email_verified_at,u1_0.emergency_contact_name,u1_0.emergency_contact_phone,u1_0.emergency_contact_relationship,u1_0.employee_number,u1_0.employment_end_date,u1_0.employment_start_date,u1_0.employment_type,u1_0.facility_id,u1_0.failed_login_count,u1_0.first_name,u1_0.gender,u1_0.hpcsa_expiry_date,u1_0.hpcsa_number,u1_0.id_number,u1_0.last_failed_login_at,u1_0.last_login_at,u1_0.last_name,u1_0.locked_at,u1_0.manager_id,u1_0.must_change_password,u1_0.password_hash,u1_0.profile_photo_url,u1_0.sanc_expiry_date,u1_0.sanc_number,u1_0.sapc_expiry_date,u1_0.sapc_number,u1_0.status,u1_0.token_version from users u1_0 where u1_0.id=?
2026-09-30T12:41:12.471+02:00 DEBUG 20356 --- [ulwembu-platform-api] [nio-8081-exec-1] org.hibernate.SQL                        : select u1_0.id,u1_0.contact_number,u1_0.contact_verified_at,u1_0.date_of_birth,u1_0.department,u1_0.designation,u1_0.email,u1_0.email_verified_at,u1_0.emergency_contact_name,u1_0.emergency_contact_phone,u1_0.emergency_contact_relationship,u1_0.employee_number,u1_0.employment_end_date,u1_0.employment_start_date,u1_0.employment_type,u1_0.facility_id,u1_0.failed_login_count,u1_0.first_name,u1_0.gender,u1_0.hpcsa_expiry_date,u1_0.hpcsa_number,u1_0.id_number,u1_0.last_failed_login_at,u1_0.last_login_at,u1_0.last_name,u1_0.locked_at,u1_0.manager_id,u1_0.must_change_password,u1_0.password_hash,u1_0.profile_photo_url,u1_0.sanc_expiry_date,u1_0.sanc_number,u1_0.sapc_expiry_date,u1_0.sapc_number,u1_0.status,u1_0.token_version from users u1_0 where u1_0.id=?
2026-09-30T12:41:12.474+02:00 DEBUG 20356 --- [ulwembu-platform-api] [nio-8081-exec-4] o.s.web.servlet.DispatcherServlet        : GET "/api/v1/pharmacy/stock?facilityId=a7ee88e2-3a54-4d1f-8c46-59075756ae12", parameters={masked}
2026-09-30T12:41:12.474+02:00 DEBUG 20356 --- [ulwembu-platform-api] [nio-8081-exec-1] o.s.web.servlet.DispatcherServlet        : GET "/api/v1/pharmacy/stock/alerts?facilityId=a7ee88e2-3a54-4d1f-8c46-59075756ae12", parameters={masked}
2026-09-30T12:41:12.475+02:00 DEBUG 20356 --- [ulwembu-platform-api] [nio-8081-exec-1] s.w.s.m.m.a.RequestMappingHandlerMapping : Mapped to co.ehealth.platform.pharmacy.stock.PharmacyStockControlController#alerts(UUID)
2026-09-30T12:41:12.475+02:00 DEBUG 20356 --- [ulwembu-platform-api] [nio-8081-exec-4] s.w.s.m.m.a.RequestMappingHandlerMapping : Mapped to co.ehealth.platform.pharmacy.stock.PharmacyStockController#listStock(UUID)
2026-09-30T12:41:12.476+02:00 DEBUG 20356 --- [ulwembu-platform-api] [nio-8081-exec-4] org.hibernate.SQL                        : SELECT DISTINCT p.code FROM permissions p
JOIN role_permissions rp ON rp.permission_id = p.id
JOIN roles r ON r.id = rp.role_id
WHERE r.name IN (?)

2026-09-30T12:41:12.476+02:00 DEBUG 20356 --- [ulwembu-platform-api] [nio-8081-exec-1] org.hibernate.SQL                        : SELECT DISTINCT p.code FROM permissions p
JOIN role_permissions rp ON rp.permission_id = p.id
JOIN roles r ON r.id = rp.role_id
WHERE r.name IN (?)

2026-09-30T12:41:12.478+02:00 DEBUG 20356 --- [ulwembu-platform-api] [nio-8081-exec-1] org.hibernate.SQL                        : select psa1_0.id,psa1_0.batch_id,psa1_0.bucket,psa1_0.location_id,psa1_0.product_id,psa1_0.quantity from pharmacy_stock_accounts psa1_0,pharmacy_stock_locations psl1_0 where psa1_0.location_id=psl1_0.id and psl1_0.facility_id=? and psa1_0.quantity>0 and psa1_0.bucket='AVAILABLE'
2026-09-30T12:41:12.478+02:00 DEBUG 20356 --- [ulwembu-platform-api] [nio-8081-exec-4] org.hibernate.SQL                        : select psa1_0.id,psa1_0.batch_id,psa1_0.bucket,psa1_0.location_id,psa1_0.product_id,psa1_0.quantity from pharmacy_stock_accounts psa1_0,pharmacy_stock_locations psl1_0 where psa1_0.location_id=psl1_0.id and psl1_0.facility_id=? and psa1_0.quantity>0 and psa1_0.bucket='AVAILABLE'
2026-09-30T12:41:12.480+02:00 DEBUG 20356 --- [ulwembu-platform-api] [nio-8081-exec-4] org.hibernate.SQL                        : select pfp1_0.id,pfp1_0.active,pfp1_0.created_at,pfp1_0.facility_id,pfp1_0.product_id,pfp1_0.reorder_threshold,pfp1_0.target_quantity from pharmacy_facility_products pfp1_0 where pfp1_0.facility_id=? and pfp1_0.active
2026-09-30T12:41:12.480+02:00 DEBUG 20356 --- [ulwembu-platform-api] [nio-8081-exec-1] org.hibernate.SQL                        : select pfp1_0.id,pfp1_0.active,pfp1_0.created_at,pfp1_0.facility_id,pfp1_0.product_id,pfp1_0.reorder_threshold,pfp1_0.target_quantity from pharmacy_facility_products pfp1_0 where pfp1_0.facility_id=? and pfp1_0.active
2026-09-30T12:41:12.481+02:00 DEBUG 20356 --- [ulwembu-platform-api] [nio-8081-exec-1] org.hibernate.SQL                        : select pp1_0.id,pp1_0.active,pp1_0.barcode,pp1_0.base_unit,pp1_0.batch_tracked,pp1_0.category,pp1_0.code,pp1_0.created_at,pp1_0.created_by,pp1_0.created_by_name,pp1_0.display_name,pp1_0.dosage_form,pp1_0.expiry_tracked,pp1_0.generic_name,pp1_0.manufacturer,pp1_0.pack_size,pp1_0.storage_instructions,pp1_0.strength,pp1_0.updated_at,pp1_0.updated_by,pp1_0.updated_by_name,pp1_0.version from pharmacy_products pp1_0 where pp1_0.id=?
2026-09-30T12:41:12.481+02:00 DEBUG 20356 --- [ulwembu-platform-api] [nio-8081-exec-4] org.hibernate.SQL                        : select pp1_0.id,pp1_0.active,pp1_0.barcode,pp1_0.base_unit,pp1_0.batch_tracked,pp1_0.category,pp1_0.code,pp1_0.created_at,pp1_0.created_by,pp1_0.created_by_name,pp1_0.display_name,pp1_0.dosage_form,pp1_0.expiry_tracked,pp1_0.generic_name,pp1_0.manufacturer,pp1_0.pack_size,pp1_0.storage_instructions,pp1_0.strength,pp1_0.updated_at,pp1_0.updated_by,pp1_0.updated_by_name,pp1_0.version from pharmacy_products pp1_0 where pp1_0.id=?
2026-09-30T12:41:12.481+02:00 DEBUG 20356 --- [ulwembu-platform-api] [nio-8081-exec-1] org.hibernate.SQL                        : select pp1_0.id,pp1_0.active,pp1_0.barcode,pp1_0.base_unit,pp1_0.batch_tracked,pp1_0.category,pp1_0.code,pp1_0.created_at,pp1_0.created_by,pp1_0.created_by_name,pp1_0.display_name,pp1_0.dosage_form,pp1_0.expiry_tracked,pp1_0.generic_name,pp1_0.manufacturer,pp1_0.pack_size,pp1_0.storage_instructions,pp1_0.strength,pp1_0.updated_at,pp1_0.updated_by,pp1_0.updated_by_name,pp1_0.version from pharmacy_products pp1_0 where pp1_0.id=?
2026-09-30T12:41:12.481+02:00 DEBUG 20356 --- [ulwembu-platform-api] [nio-8081-exec-4] org.hibernate.SQL                        : select pp1_0.id,pp1_0.active,pp1_0.barcode,pp1_0.base_unit,pp1_0.batch_tracked,pp1_0.category,pp1_0.code,pp1_0.created_at,pp1_0.created_by,pp1_0.created_by_name,pp1_0.display_name,pp1_0.dosage_form,pp1_0.expiry_tracked,pp1_0.generic_name,pp1_0.manufacturer,pp1_0.pack_size,pp1_0.storage_instructions,pp1_0.strength,pp1_0.updated_at,pp1_0.updated_by,pp1_0.updated_by_name,pp1_0.version from pharmacy_products pp1_0 where pp1_0.id=?
2026-09-30T12:41:12.482+02:00 DEBUG 20356 --- [ulwembu-platform-api] [nio-8081-exec-4] o.s.w.s.m.m.a.HttpEntityMethodProcessor  : Using 'application/json', given [*/*] and supported [application/json, application/*+json]
2026-09-30T12:41:12.482+02:00 DEBUG 20356 --- [ulwembu-platform-api] [nio-8081-exec-1] m.m.a.RequestResponseBodyMethodProcessor : Using 'application/json', given [*/*] and supported [application/json, application/*+json]
2026-09-30T12:41:12.484+02:00 DEBUG 20356 --- [ulwembu-platform-api] [nio-8081-exec-4] o.s.w.s.m.m.a.HttpEntityMethodProcessor  : Writing [{items=[StockRow[productId=50871aa0-c2ff-4090-8784-94401ccb7ac6, code=PARA, displayName=ethnol, base (truncated)...]
2026-09-30T12:41:12.484+02:00 DEBUG 20356 --- [ulwembu-platform-api] [nio-8081-exec-1] m.m.a.RequestResponseBodyMethodProcessor : Writing [{items=[]}]
2026-09-30T12:41:12.484+02:00 DEBUG 20356 --- [ulwembu-platform-api] [nio-8081-exec-1] o.s.web.servlet.DispatcherServlet        : Completed 200 OK
2026-09-30T12:41:12.484+02:00 DEBUG 20356 --- [ulwembu-platform-api] [nio-8081-exec-4] o.s.web.servlet.DispatcherServlet        : Completed 200 OK
2026-09-30T12:41:12.668+02:00 DEBUG 20356 --- [ulwembu-platform-api] [nio-8081-exec-2] org.hibernate.SQL                        : select o1_0.id,o1_0.branding,o1_0.created_at,o1_0.display_name,o1_0.mail_settings,o1_0.profile,o1_0.schema_name,o1_0.sector,o1_0.slug,o1_0.sso_settings,o1_0.status,o1_0.tenant_code from control.organizations o1_0 where o1_0.slug=?
2026-09-30T12:41:12.668+02:00 DEBUG 20356 --- [ulwembu-platform-api] [nio-8081-exec-5] org.hibernate.SQL                        : select o1_0.id,o1_0.branding,o1_0.created_at,o1_0.display_name,o1_0.mail_settings,o1_0.profile,o1_0.schema_name,o1_0.sector,o1_0.slug,o1_0.sso_settings,o1_0.status,o1_0.tenant_code from control.organizations o1_0 where o1_0.slug=?
2026-09-30T12:41:12.673+02:00 DEBUG 20356 --- [ulwembu-platform-api] [nio-8081-exec-2] org.hibernate.SQL                        : select u1_0.id,u1_0.contact_number,u1_0.contact_verified_at,u1_0.date_of_birth,u1_0.department,u1_0.designation,u1_0.email,u1_0.email_verified_at,u1_0.emergency_contact_name,u1_0.emergency_contact_phone,u1_0.emergency_contact_relationship,u1_0.employee_number,u1_0.employment_end_date,u1_0.employment_start_date,u1_0.employment_type,u1_0.facility_id,u1_0.failed_login_count,u1_0.first_name,u1_0.gender,u1_0.hpcsa_expiry_date,u1_0.hpcsa_number,u1_0.id_number,u1_0.last_failed_login_at,u1_0.last_login_at,u1_0.last_name,u1_0.locked_at,u1_0.manager_id,u1_0.must_change_password,u1_0.password_hash,u1_0.profile_photo_url,u1_0.sanc_expiry_date,u1_0.sanc_number,u1_0.sapc_expiry_date,u1_0.sapc_number,u1_0.status,u1_0.token_version from users u1_0 where u1_0.id=?
2026-09-30T12:41:12.673+02:00 DEBUG 20356 --- [ulwembu-platform-api] [nio-8081-exec-5] org.hibernate.SQL                        : select u1_0.id,u1_0.contact_number,u1_0.contact_verified_at,u1_0.date_of_birth,u1_0.department,u1_0.designation,u1_0.email,u1_0.email_verified_at,u1_0.emergency_contact_name,u1_0.emergency_contact_phone,u1_0.emergency_contact_relationship,u1_0.employee_number,u1_0.employment_end_date,u1_0.employment_start_date,u1_0.employment_type,u1_0.facility_id,u1_0.failed_login_count,u1_0.first_name,u1_0.gender,u1_0.hpcsa_expiry_date,u1_0.hpcsa_number,u1_0.id_number,u1_0.last_failed_login_at,u1_0.last_login_at,u1_0.last_name,u1_0.locked_at,u1_0.manager_id,u1_0.must_change_password,u1_0.password_hash,u1_0.profile_photo_url,u1_0.sanc_expiry_date,u1_0.sanc_number,u1_0.sapc_expiry_date,u1_0.sapc_number,u1_0.status,u1_0.token_version from users u1_0 where u1_0.id=?
2026-09-30T12:41:12.676+02:00 DEBUG 20356 --- [ulwembu-platform-api] [nio-8081-exec-2] o.s.web.servlet.DispatcherServlet        : GET "/api/v1/facilities", parameters={}
2026-09-30T12:41:12.676+02:00 DEBUG 20356 --- [ulwembu-platform-api] [nio-8081-exec-5] o.s.web.servlet.DispatcherServlet        : GET "/api/v1/pharmacy/products/assortment?facilityId=a7ee88e2-3a54-4d1f-8c46-59075756ae12", parameters={masked}
2026-09-30T12:41:12.677+02:00 DEBUG 20356 --- [ulwembu-platform-api] [nio-8081-exec-2] s.w.s.m.m.a.RequestMappingHandlerMapping : Mapped to co.ehealth.platform.facility.FacilityController#list()
2026-09-30T12:41:12.677+02:00 DEBUG 20356 --- [ulwembu-platform-api] [nio-8081-exec-5] s.w.s.m.m.a.RequestMappingHandlerMapping : Mapped to co.ehealth.platform.pharmacy.stock.PharmacyProductController#listAssortment(UUID)
2026-09-30T12:41:12.678+02:00 DEBUG 20356 --- [ulwembu-platform-api] [nio-8081-exec-5] org.hibernate.SQL                        : SELECT DISTINCT p.code FROM permissions p
JOIN role_permissions rp ON rp.permission_id = p.id
JOIN roles r ON r.id = rp.role_id
WHERE r.name IN (?)

2026-09-30T12:41:12.678+02:00 DEBUG 20356 --- [ulwembu-platform-api] [nio-8081-exec-2] org.hibernate.SQL                        : select f1_0.id,f1_0.active,f1_0.address,f1_0.code,f1_0.daily_appointment_limit,f1_0.name,f1_0.operating_hours,f1_0.phone,f1_0.timezone,f1_0.type from facilities f1_0 where f1_0.active order by f1_0.name
2026-09-30T12:41:12.681+02:00 DEBUG 20356 --- [ulwembu-platform-api] [nio-8081-exec-2] m.m.a.RequestResponseBodyMethodProcessor : Using 'application/json', given [*/*] and supported [application/json, application/*+json]
2026-09-30T12:41:12.682+02:00 DEBUG 20356 --- [ulwembu-platform-api] [nio-8081-exec-2] m.m.a.RequestResponseBodyMethodProcessor : Writing [{items=[{id=a7ee88e2-3a54-4d1f-8c46-59075756ae12, name=Demo Main Clinic}, {id=aa7942b0-2bd2-4e25-95c (truncated)...]
2026-09-30T12:41:12.682+02:00 DEBUG 20356 --- [ulwembu-platform-api] [nio-8081-exec-5] org.hibernate.SQL                        : select pfp1_0.id,pfp1_0.active,pfp1_0.created_at,pfp1_0.facility_id,pfp1_0.product_id,pfp1_0.reorder_threshold,pfp1_0.target_quantity from pharmacy_facility_products pfp1_0 where pfp1_0.facility_id=? and pfp1_0.active
2026-09-30T12:41:12.683+02:00 DEBUG 20356 --- [ulwembu-platform-api] [nio-8081-exec-2] o.s.web.servlet.DispatcherServlet        : Completed 200 OK
2026-09-30T12:41:12.687+02:00 DEBUG 20356 --- [ulwembu-platform-api] [nio-8081-exec-5] org.hibernate.SQL                        : select pp1_0.id,pp1_0.active,pp1_0.barcode,pp1_0.base_unit,pp1_0.batch_tracked,pp1_0.category,pp1_0.code,pp1_0.created_at,pp1_0.created_by,pp1_0.created_by_name,pp1_0.display_name,pp1_0.dosage_form,pp1_0.expiry_tracked,pp1_0.generic_name,pp1_0.manufacturer,pp1_0.pack_size,pp1_0.storage_instructions,pp1_0.strength,pp1_0.updated_at,pp1_0.updated_by,pp1_0.updated_by_name,pp1_0.version from pharmacy_products pp1_0 where pp1_0.id in (?,?)
2026-09-30T12:41:12.692+02:00 DEBUG 20356 --- [ulwembu-platform-api] [nio-8081-exec-5] o.s.w.s.m.m.a.HttpEntityMethodProcessor  : Using 'application/json', given [*/*] and supported [application/json, application/*+json]
2026-09-30T12:41:12.692+02:00 DEBUG 20356 --- [ulwembu-platform-api] [nio-8081-exec-5] o.s.w.s.m.m.a.HttpEntityMethodProcessor  : Writing [{items=[ProductResponse[id=50871aa0-c2ff-4090-8784-94401ccb7ac6, code=PARA, displayName=ethnol, gene (truncated)...]
2026-09-30T12:41:12.693+02:00 DEBUG 20356 --- [ulwembu-platform-api] [nio-8081-exec-5] o.s.web.servlet.DispatcherServlet        : Completed 200 OK
2026-09-30T12:41:19.785+02:00 DEBUG 20356 --- [ulwembu-platform-api] [nio-8081-exec-6] org.hibernate.SQL                        : select o1_0.id,o1_0.branding,o1_0.created_at,o1_0.display_name,o1_0.mail_settings,o1_0.profile,o1_0.schema_name,o1_0.sector,o1_0.slug,o1_0.sso_settings,o1_0.status,o1_0.tenant_code from control.organizations o1_0 where o1_0.slug=?
2026-09-30T12:41:19.785+02:00 DEBUG 20356 --- [ulwembu-platform-api] [nio-8081-exec-8] org.hibernate.SQL                        : select o1_0.id,o1_0.branding,o1_0.created_at,o1_0.display_name,o1_0.mail_settings,o1_0.profile,o1_0.schema_name,o1_0.sector,o1_0.slug,o1_0.sso_settings,o1_0.status,o1_0.tenant_code from control.organizations o1_0 where o1_0.slug=?
2026-09-30T12:41:19.789+02:00 DEBUG 20356 --- [ulwembu-platform-api] [nio-8081-exec-4] org.hibernate.SQL                        : select o1_0.id,o1_0.branding,o1_0.created_at,o1_0.display_name,o1_0.mail_settings,o1_0.profile,o1_0.schema_name,o1_0.sector,o1_0.slug,o1_0.sso_settings,o1_0.status,o1_0.tenant_code from control.organizations o1_0 where o1_0.slug=?
2026-09-30T12:41:19.790+02:00 DEBUG 20356 --- [ulwembu-platform-api] [nio-8081-exec-8] org.hibernate.SQL                        : select u1_0.id,u1_0.contact_number,u1_0.contact_verified_at,u1_0.date_of_birth,u1_0.department,u1_0.designation,u1_0.email,u1_0.email_verified_at,u1_0.emergency_contact_name,u1_0.emergency_contact_phone,u1_0.emergency_contact_relationship,u1_0.employee_number,u1_0.employment_end_date,u1_0.employment_start_date,u1_0.employment_type,u1_0.facility_id,u1_0.failed_login_count,u1_0.first_name,u1_0.gender,u1_0.hpcsa_expiry_date,u1_0.hpcsa_number,u1_0.id_number,u1_0.last_failed_login_at,u1_0.last_login_at,u1_0.last_name,u1_0.locked_at,u1_0.manager_id,u1_0.must_change_password,u1_0.password_hash,u1_0.profile_photo_url,u1_0.sanc_expiry_date,u1_0.sanc_number,u1_0.sapc_expiry_date,u1_0.sapc_number,u1_0.status,u1_0.token_version from users u1_0 where u1_0.id=?
2026-09-30T12:41:19.790+02:00 DEBUG 20356 --- [ulwembu-platform-api] [nio-8081-exec-6] org.hibernate.SQL                        : select u1_0.id,u1_0.contact_number,u1_0.contact_verified_at,u1_0.date_of_birth,u1_0.department,u1_0.designation,u1_0.email,u1_0.email_verified_at,u1_0.emergency_contact_name,u1_0.emergency_contact_phone,u1_0.emergency_contact_relationship,u1_0.employee_number,u1_0.employment_end_date,u1_0.employment_start_date,u1_0.employment_type,u1_0.facility_id,u1_0.failed_login_count,u1_0.first_name,u1_0.gender,u1_0.hpcsa_expiry_date,u1_0.hpcsa_number,u1_0.id_number,u1_0.last_failed_login_at,u1_0.last_login_at,u1_0.last_name,u1_0.locked_at,u1_0.manager_id,u1_0.must_change_password,u1_0.password_hash,u1_0.profile_photo_url,u1_0.sanc_expiry_date,u1_0.sanc_number,u1_0.sapc_expiry_date,u1_0.sapc_number,u1_0.status,u1_0.token_version from users u1_0 where u1_0.id=?
2026-09-30T12:41:19.792+02:00 DEBUG 20356 --- [ulwembu-platform-api] [nio-8081-exec-6] o.s.web.servlet.DispatcherServlet        : GET "/api/v1/facilities", parameters={}
2026-09-30T12:41:19.792+02:00 DEBUG 20356 --- [ulwembu-platform-api] [nio-8081-exec-8] o.s.web.servlet.DispatcherServlet        : GET "/api/v1/pharmacy/products?activeOnly=false&size=100", parameters={masked}
2026-09-30T12:41:19.793+02:00 DEBUG 20356 --- [ulwembu-platform-api] [nio-8081-exec-6] s.w.s.m.m.a.RequestMappingHandlerMapping : Mapped to co.ehealth.platform.facility.FacilityController#list()
2026-09-30T12:41:19.793+02:00 DEBUG 20356 --- [ulwembu-platform-api] [nio-8081-exec-8] s.w.s.m.m.a.RequestMappingHandlerMapping : Mapped to co.ehealth.platform.pharmacy.stock.PharmacyProductController#search(String, boolean, int, int)
2026-09-30T12:41:19.793+02:00 DEBUG 20356 --- [ulwembu-platform-api] [nio-8081-exec-4] org.hibernate.SQL                        : select u1_0.id,u1_0.contact_number,u1_0.contact_verified_at,u1_0.date_of_birth,u1_0.department,u1_0.designation,u1_0.email,u1_0.email_verified_at,u1_0.emergency_contact_name,u1_0.emergency_contact_phone,u1_0.emergency_contact_relationship,u1_0.employee_number,u1_0.employment_end_date,u1_0.employment_start_date,u1_0.employment_type,u1_0.facility_id,u1_0.failed_login_count,u1_0.first_name,u1_0.gender,u1_0.hpcsa_expiry_date,u1_0.hpcsa_number,u1_0.id_number,u1_0.last_failed_login_at,u1_0.last_login_at,u1_0.last_name,u1_0.locked_at,u1_0.manager_id,u1_0.must_change_password,u1_0.password_hash,u1_0.profile_photo_url,u1_0.sanc_expiry_date,u1_0.sanc_number,u1_0.sapc_expiry_date,u1_0.sapc_number,u1_0.status,u1_0.token_version from users u1_0 where u1_0.id=?
2026-09-30T12:41:19.794+02:00 DEBUG 20356 --- [ulwembu-platform-api] [nio-8081-exec-8] org.hibernate.SQL                        : SELECT DISTINCT p.code FROM permissions p
JOIN role_permissions rp ON rp.permission_id = p.id
JOIN roles r ON r.id = rp.role_id
WHERE r.name IN (?)

2026-09-30T12:41:19.794+02:00 DEBUG 20356 --- [ulwembu-platform-api] [nio-8081-exec-6] org.hibernate.SQL                        : select f1_0.id,f1_0.active,f1_0.address,f1_0.code,f1_0.daily_appointment_limit,f1_0.name,f1_0.operating_hours,f1_0.phone,f1_0.timezone,f1_0.type from facilities f1_0 where f1_0.active order by f1_0.name
2026-09-30T12:41:19.795+02:00 DEBUG 20356 --- [ulwembu-platform-api] [nio-8081-exec-4] o.s.web.servlet.DispatcherServlet        : GET "/api/v1/pharmacy/ledger?facilityId=a7ee88e2-3a54-4d1f-8c46-59075756ae12&page=0&size=50", parameters={masked}
2026-09-30T12:41:19.796+02:00 DEBUG 20356 --- [ulwembu-platform-api] [nio-8081-exec-6] m.m.a.RequestResponseBodyMethodProcessor : Using 'application/json', given [*/*] and supported [application/json, application/*+json]
2026-09-30T12:41:19.796+02:00 DEBUG 20356 --- [ulwembu-platform-api] [nio-8081-exec-4] s.w.s.m.m.a.RequestMappingHandlerMapping : Mapped to co.ehealth.platform.pharmacy.stock.PharmacyStockController#listLedger(UUID, UUID, int, int)
2026-09-30T12:41:19.796+02:00 DEBUG 20356 --- [ulwembu-platform-api] [nio-8081-exec-6] m.m.a.RequestResponseBodyMethodProcessor : Writing [{items=[{id=a7ee88e2-3a54-4d1f-8c46-59075756ae12, name=Demo Main Clinic}, {id=aa7942b0-2bd2-4e25-95c (truncated)...]
2026-09-30T12:41:19.797+02:00 DEBUG 20356 --- [ulwembu-platform-api] [nio-8081-exec-8] org.hibernate.SQL                        : select pp1_0.id,pp1_0.active,pp1_0.barcode,pp1_0.base_unit,pp1_0.batch_tracked,pp1_0.category,pp1_0.code,pp1_0.created_at,pp1_0.created_by,pp1_0.created_by_name,pp1_0.display_name,pp1_0.dosage_form,pp1_0.expiry_tracked,pp1_0.generic_name,pp1_0.manufacturer,pp1_0.pack_size,pp1_0.storage_instructions,pp1_0.strength,pp1_0.updated_at,pp1_0.updated_by,pp1_0.updated_by_name,pp1_0.version from pharmacy_products pp1_0 where (?=false or pp1_0.active=true) and (?='' or lower(pp1_0.display_name) like lower(('%'||?||'%')) escape '' or lower(pp1_0.code) like lower(('%'||?||'%')) escape '' or lower(coalesce(pp1_0.generic_name,'')) like lower(('%'||?||'%')) escape '' or lower(coalesce(pp1_0.barcode,'')) like lower(('%'||?||'%')) escape '') order by pp1_0.display_name,pp1_0.display_name fetch first ? rows only
2026-09-30T12:41:19.797+02:00 DEBUG 20356 --- [ulwembu-platform-api] [nio-8081-exec-6] o.s.web.servlet.DispatcherServlet        : Completed 200 OK
2026-09-30T12:41:19.800+02:00 DEBUG 20356 --- [ulwembu-platform-api] [nio-8081-exec-4] org.hibernate.SQL                        : SELECT DISTINCT p.code FROM permissions p
JOIN role_permissions rp ON rp.permission_id = p.id
JOIN roles r ON r.id = rp.role_id
WHERE r.name IN (?)

2026-09-30T12:41:19.801+02:00 DEBUG 20356 --- [ulwembu-platform-api] [nio-8081-exec-8] o.s.w.s.m.m.a.HttpEntityMethodProcessor  : Using 'application/json', given [*/*] and supported [application/json, application/*+json]
2026-09-30T12:41:19.802+02:00 DEBUG 20356 --- [ulwembu-platform-api] [nio-8081-exec-8] o.s.w.s.m.m.a.HttpEntityMethodProcessor  : Writing [{items=[ProductResponse[id=50871aa0-c2ff-4090-8784-94401ccb7ac6, code=PARA, displayName=ethnol, gene (truncated)...]
2026-09-30T12:41:19.803+02:00 DEBUG 20356 --- [ulwembu-platform-api] [nio-8081-exec-8] o.s.web.servlet.DispatcherServlet        : Completed 200 OK
2026-09-30T12:41:19.806+02:00 DEBUG 20356 --- [ulwembu-platform-api] [nio-8081-exec-4] org.hibernate.SQL                        : select pse1_0.id,pse1_0.balance_after,pse1_0.balance_before,pse1_0.created_at,pse1_0.quantity_delta,pse1_0.seq,pse1_0.stock_account_id,pse1_0.transaction_id from pharmacy_stock_entries pse1_0,pharmacy_stock_accounts psa1_0,pharmacy_stock_locations psl1_0 where pse1_0.stock_account_id=psa1_0.id and psa1_0.location_id=psl1_0.id and psl1_0.facility_id=? and (? is null or psa1_0.product_id=?) order by pse1_0.seq desc fetch first ? rows only
2026-09-30T12:41:19.812+02:00 DEBUG 20356 --- [ulwembu-platform-api] [nio-8081-exec-4] o.s.w.s.m.m.a.HttpEntityMethodProcessor  : Using 'application/json', given [*/*] and supported [application/json, application/*+json]
2026-09-30T12:41:19.813+02:00 DEBUG 20356 --- [ulwembu-platform-api] [nio-8081-exec-4] o.s.w.s.m.m.a.HttpEntityMethodProcessor  : Writing [{items=[], hasMore=false, totalItems=0, page=0, size=50}]
2026-09-30T12:41:19.814+02:00 DEBUG 20356 --- [ulwembu-platform-api] [nio-8081-exec-4] o.s.web.servlet.DispatcherServlet        : Completed 200 OK
2026-09-30T12:41:21.421+02:00 DEBUG 20356 --- [ulwembu-platform-api] [nio-8081-exec-9] org.hibernate.SQL                        : select o1_0.id,o1_0.branding,o1_0.created_at,o1_0.display_name,o1_0.mail_settings,o1_0.profile,o1_0.schema_name,o1_0.sector,o1_0.slug,o1_0.sso_settings,o1_0.status,o1_0.tenant_code from control.organizations o1_0 where o1_0.slug=?
2026-09-30T12:41:21.425+02:00 DEBUG 20356 --- [ulwembu-platform-api] [nio-8081-exec-9] org.hibernate.SQL                        : select u1_0.id,u1_0.contact_number,u1_0.contact_verified_at,u1_0.date_of_birth,u1_0.department,u1_0.designation,u1_0.email,u1_0.email_verified_at,u1_0.emergency_contact_name,u1_0.emergency_contact_phone,u1_0.emergency_contact_relationship,u1_0.employee_number,u1_0.employment_end_date,u1_0.employment_start_date,u1_0.employment_type,u1_0.facility_id,u1_0.failed_login_count,u1_0.first_name,u1_0.gender,u1_0.hpcsa_expiry_date,u1_0.hpcsa_number,u1_0.id_number,u1_0.last_failed_login_at,u1_0.last_login_at,u1_0.last_name,u1_0.locked_at,u1_0.manager_id,u1_0.must_change_password,u1_0.password_hash,u1_0.profile_photo_url,u1_0.sanc_expiry_date,u1_0.sanc_number,u1_0.sapc_expiry_date,u1_0.sapc_number,u1_0.status,u1_0.token_version from users u1_0 where u1_0.id=?
2026-09-30T12:41:21.427+02:00 DEBUG 20356 --- [ulwembu-platform-api] [nio-8081-exec-9] o.s.web.servlet.DispatcherServlet        : GET "/api/v1/pharmacy/products?activeOnly=true&page=0&size=50", parameters={masked}
2026-09-30T12:41:21.428+02:00 DEBUG 20356 --- [ulwembu-platform-api] [nio-8081-exec-9] s.w.s.m.m.a.RequestMappingHandlerMapping : Mapped to co.ehealth.platform.pharmacy.stock.PharmacyProductController#search(String, boolean, int, int)
2026-09-30T12:41:21.429+02:00 DEBUG 20356 --- [ulwembu-platform-api] [nio-8081-exec-9] org.hibernate.SQL                        : SELECT DISTINCT p.code FROM permissions p
JOIN role_permissions rp ON rp.permission_id = p.id
JOIN roles r ON r.id = rp.role_id
WHERE r.name IN (?)

2026-09-30T12:41:21.431+02:00 DEBUG 20356 --- [ulwembu-platform-api] [nio-8081-exec-9] org.hibernate.SQL                        : select pp1_0.id,pp1_0.active,pp1_0.barcode,pp1_0.base_unit,pp1_0.batch_tracked,pp1_0.category,pp1_0.code,pp1_0.created_at,pp1_0.created_by,pp1_0.created_by_name,pp1_0.display_name,pp1_0.dosage_form,pp1_0.expiry_tracked,pp1_0.generic_name,pp1_0.manufacturer,pp1_0.pack_size,pp1_0.storage_instructions,pp1_0.strength,pp1_0.updated_at,pp1_0.updated_by,pp1_0.updated_by_name,pp1_0.version from pharmacy_products pp1_0 where (?=false or pp1_0.active=true) and (?='' or lower(pp1_0.display_name) like lower(('%'||?||'%')) escape '' or lower(pp1_0.code) like lower(('%'||?||'%')) escape '' or lower(coalesce(pp1_0.generic_name,'')) like lower(('%'||?||'%')) escape '' or lower(coalesce(pp1_0.barcode,'')) like lower(('%'||?||'%')) escape '') order by pp1_0.display_name,pp1_0.display_name fetch first ? rows only
2026-09-30T12:41:21.434+02:00 DEBUG 20356 --- [ulwembu-platform-api] [nio-8081-exec-9] o.s.w.s.m.m.a.HttpEntityMethodProcessor  : Using 'application/json', given [*/*] and supported [application/json, application/*+json]
2026-09-30T12:41:21.435+02:00 DEBUG 20356 --- [ulwembu-platform-api] [nio-8081-exec-9] o.s.w.s.m.m.a.HttpEntityMethodProcessor  : Writing [{items=[ProductResponse[id=50871aa0-c2ff-4090-8784-94401ccb7ac6, code=PARA, displayName=ethnol, gene (truncated)...]
2026-09-30T12:41:21.435+02:00 DEBUG 20356 --- [ulwembu-platform-api] [nio-8081-exec-9] o.s.web.servlet.DispatcherServlet        : Completed 200 OK
2026-09-30T13:29:29.643+02:00  WARN 20356 --- [ulwembu-platform-api] [l-1 housekeeper] com.zaxxer.hikari.pool.HikariPool        : HikariPool-1 - Thread starvation or clock leap detected (housekeeper delta=14m10s938ms132µs400ns).
2026-09-30T14:17:23.575+02:00  WARN 20356 --- [ulwembu-platform-api] [l-1 housekeeper] com.zaxxer.hikari.pool.HikariPool        : HikariPool-1 - Thread starvation or clock leap detected (housekeeper delta=15m22s842ms716µs200ns).
2026-10-01T09:16:41.308+02:00  WARN 20356 --- [ulwembu-platform-api] [l-1 housekeeper] com.zaxxer.hikari.pool.HikariPool        : HikariPool-1 - Thread starvation or clock leap detected (housekeeper delta=17h40m16s499ms263µs300ns).
2026-10-01T09:20:28.969+02:00 DEBUG 20356 --- [ulwembu-platform-api] [nio-8081-exec-1] o.s.web.servlet.DispatcherServlet        : POST "/platform/auth/login", parameters={}
2026-10-01T09:20:28.970+02:00 DEBUG 20356 --- [ulwembu-platform-api] [nio-8081-exec-1] s.w.s.m.m.a.RequestMappingHandlerMapping : Mapped to co.ehealth.platform.platform.PlatformAuthController#login(LoginRequest)
2026-10-01T09:20:28.980+02:00 DEBUG 20356 --- [ulwembu-platform-api] [nio-8081-exec-1] m.m.a.RequestResponseBodyMethodProcessor : Read "application/json;charset=UTF-8" to [LoginRequest[email=ops@ulwembu.example, password=ChangeMe123!]]
2026-10-01T09:20:29.001+02:00 DEBUG 20356 --- [ulwembu-platform-api] [nio-8081-exec-1] org.hibernate.SQL                        : select po1_0.id,po1_0.created_at,po1_0.email,po1_0.failed_login_count,po1_0.first_name,po1_0.last_failed_login_at,po1_0.last_login_at,po1_0.last_name,po1_0.locked_at,po1_0.password_hash,po1_0.status,po1_0.token_version from control.platform_operators po1_0 where po1_0.email=?
2026-10-01T09:20:29.425+02:00 DEBUG 20356 --- [ulwembu-platform-api] [nio-8081-exec-1] org.hibernate.SQL                        : insert into control.platform_audit_log (action,created_at,detail,device_signature,ip_address,organization_id,platform_operator_id,id) values (?,?,?,?,?,?,?,?)
2026-10-01T09:20:29.429+02:00 DEBUG 20356 --- [ulwembu-platform-api] [nio-8081-exec-1] org.hibernate.SQL                        : update control.platform_operators set created_at=?,email=?,failed_login_count=?,first_name=?,last_failed_login_at=?,last_login_at=?,last_name=?,locked_at=?,password_hash=?,status=?,token_version=? where id=?
2026-10-01T09:20:29.435+02:00 DEBUG 20356 --- [ulwembu-platform-api] [nio-8081-exec-1] org.hibernate.SQL                        : select po1_0.id,po1_0.created_at,po1_0.email,po1_0.failed_login_count,po1_0.first_name,po1_0.last_failed_login_at,po1_0.last_login_at,po1_0.last_name,po1_0.locked_at,po1_0.password_hash,po1_0.status,po1_0.token_version from control.platform_operators po1_0 where po1_0.email=?
2026-10-01T09:20:29.445+02:00 DEBUG 20356 --- [ulwembu-platform-api] [nio-8081-exec-1] o.s.w.s.m.m.a.HttpEntityMethodProcessor  : Using 'application/json', given [*/*] and supported [application/json, application/*+json]
2026-10-01T09:20:29.447+02:00 DEBUG 20356 --- [ulwembu-platform-api] [nio-8081-exec-1] o.s.w.s.m.m.a.HttpEntityMethodProcessor  : Writing [LoginResponse[accessToken=eyJhbGciOiJIUzI1NiJ9.eyJqdGkiOiJkNzQxN2IzOS05OGRhLTQ4ZjktODk5YS03OWIxZThjM (truncated)...]
2026-10-01T09:20:29.448+02:00 DEBUG 20356 --- [ulwembu-platform-api] [nio-8081-exec-1] o.s.web.servlet.DispatcherServlet        : Completed 200 OK
2026-10-01T09:20:29.533+02:00 DEBUG 20356 --- [ulwembu-platform-api] [nio-8081-exec-7] org.hibernate.SQL                        : select po1_0.id,po1_0.created_at,po1_0.email,po1_0.failed_login_count,po1_0.first_name,po1_0.last_failed_login_at,po1_0.last_login_at,po1_0.last_name,po1_0.locked_at,po1_0.password_hash,po1_0.status,po1_0.token_version from control.platform_operators po1_0 where po1_0.id=?
2026-10-01T09:20:29.533+02:00 DEBUG 20356 --- [ulwembu-platform-api] [nio-8081-exec-4] org.hibernate.SQL                        : select po1_0.id,po1_0.created_at,po1_0.email,po1_0.failed_login_count,po1_0.first_name,po1_0.last_failed_login_at,po1_0.last_login_at,po1_0.last_name,po1_0.locked_at,po1_0.password_hash,po1_0.status,po1_0.token_version from control.platform_operators po1_0 where po1_0.id=?
2026-10-01T09:20:29.542+02:00 DEBUG 20356 --- [ulwembu-platform-api] [nio-8081-exec-7] o.s.web.servlet.DispatcherServlet        : GET "/platform/operators", parameters={}
2026-10-01T09:20:29.542+02:00 DEBUG 20356 --- [ulwembu-platform-api] [nio-8081-exec-4] o.s.web.servlet.DispatcherServlet        : GET "/platform/organizations?sort=newest", parameters={masked}
2026-10-01T09:20:29.543+02:00 DEBUG 20356 --- [ulwembu-platform-api] [nio-8081-exec-4] s.w.s.m.m.a.RequestMappingHandlerMapping : Mapped to co.ehealth.platform.platform.PlatformController#list(String, OrganizationStatus, String)
2026-10-01T09:20:29.543+02:00 DEBUG 20356 --- [ulwembu-platform-api] [nio-8081-exec-7] s.w.s.m.m.a.RequestMappingHandlerMapping : Mapped to co.ehealth.platform.platform.PlatformOperatorController#list()
2026-10-01T09:20:29.550+02:00 DEBUG 20356 --- [ulwembu-platform-api] [nio-8081-exec-7] org.hibernate.SQL                        : select po1_0.id,po1_0.created_at,po1_0.email,po1_0.failed_login_count,po1_0.first_name,po1_0.last_failed_login_at,po1_0.last_login_at,po1_0.last_name,po1_0.locked_at,po1_0.password_hash,po1_0.status,po1_0.token_version from control.platform_operators po1_0 order by po1_0.created_at desc
2026-10-01T09:20:29.551+02:00 DEBUG 20356 --- [ulwembu-platform-api] [nio-8081-exec-4] org.hibernate.SQL                        : select o1_0.id,o1_0.branding,o1_0.created_at,o1_0.display_name,o1_0.mail_settings,o1_0.profile,o1_0.schema_name,o1_0.sector,o1_0.slug,o1_0.sso_settings,o1_0.status,o1_0.tenant_code from control.organizations o1_0 order by o1_0.created_at desc
2026-10-01T09:20:29.558+02:00 DEBUG 20356 --- [ulwembu-platform-api] [nio-8081-exec-7] o.s.w.s.m.m.a.HttpEntityMethodProcessor  : Using 'application/json', given [*/*] and supported [application/json, application/*+json]
2026-10-01T09:20:29.563+02:00 DEBUG 20356 --- [ulwembu-platform-api] [nio-8081-exec-7] o.s.w.s.m.m.a.HttpEntityMethodProcessor  : Writing [{items=[OperatorSummary[id=d55a4161-72d3-4e5c-99cc-a763e0516f10, email=ops@ulwembu.example, firstNam (truncated)...]
2026-10-01T09:20:29.568+02:00 DEBUG 20356 --- [ulwembu-platform-api] [nio-8081-exec-7] o.s.web.servlet.DispatcherServlet        : Completed 200 OK
2026-10-01T09:20:29.572+02:00 DEBUG 20356 --- [ulwembu-platform-api] [nio-8081-exec-4] org.hibernate.SQL                        : select me1_0.organization_id,count(me1_0.id) from control.module_entitlements me1_0 where me1_0.organization_id in (?) and me1_0.enabled=true group by me1_0.organization_id
2026-10-01T09:20:29.580+02:00 DEBUG 20356 --- [ulwembu-platform-api] [nio-8081-exec-4] o.s.w.s.m.m.a.HttpEntityMethodProcessor  : Using 'application/json', given [*/*] and supported [application/json, application/*+json]
2026-10-01T09:20:29.592+02:00 DEBUG 20356 --- [ulwembu-platform-api] [nio-8081-exec-4] o.s.w.s.m.m.a.HttpEntityMethodProcessor  : Writing [{items=[OrganizationSummary[id=2774186a-0407-47da-b1d2-233909d2e9c6, slug=demo-clinic, displayName=D (truncated)...]
2026-10-01T09:20:29.596+02:00 DEBUG 20356 --- [ulwembu-platform-api] [nio-8081-exec-4] o.s.web.servlet.DispatcherServlet        : Completed 200 OK
2026-10-01T09:20:32.260+02:00 DEBUG 20356 --- [ulwembu-platform-api] [nio-8081-exec-9] org.hibernate.SQL                        : select po1_0.id,po1_0.created_at,po1_0.email,po1_0.failed_login_count,po1_0.first_name,po1_0.last_failed_login_at,po1_0.last_login_at,po1_0.last_name,po1_0.locked_at,po1_0.password_hash,po1_0.status,po1_0.token_version from control.platform_operators po1_0 where po1_0.id=?
2026-10-01T09:20:32.264+02:00 DEBUG 20356 --- [ulwembu-platform-api] [nio-8081-exec-9] o.s.web.servlet.DispatcherServlet        : GET "/platform/organizations?sort=newest", parameters={masked}
2026-10-01T09:20:32.264+02:00 DEBUG 20356 --- [ulwembu-platform-api] [nio-8081-exec-9] s.w.s.m.m.a.RequestMappingHandlerMapping : Mapped to co.ehealth.platform.platform.PlatformController#list(String, OrganizationStatus, String)
2026-10-01T09:20:32.271+02:00 DEBUG 20356 --- [ulwembu-platform-api] [nio-8081-exec-9] org.hibernate.SQL                        : select o1_0.id,o1_0.branding,o1_0.created_at,o1_0.display_name,o1_0.mail_settings,o1_0.profile,o1_0.schema_name,o1_0.sector,o1_0.slug,o1_0.sso_settings,o1_0.status,o1_0.tenant_code from control.organizations o1_0 order by o1_0.created_at desc
2026-10-01T09:20:32.277+02:00 DEBUG 20356 --- [ulwembu-platform-api] [nio-8081-exec-9] org.hibernate.SQL                        : select me1_0.organization_id,count(me1_0.id) from control.module_entitlements me1_0 where me1_0.organization_id in (?) and me1_0.enabled=true group by me1_0.organization_id
2026-10-01T09:20:32.281+02:00 DEBUG 20356 --- [ulwembu-platform-api] [nio-8081-exec-9] o.s.w.s.m.m.a.HttpEntityMethodProcessor  : Using 'application/json', given [*/*] and supported [application/json, application/*+json]
2026-10-01T09:20:32.281+02:00 DEBUG 20356 --- [ulwembu-platform-api] [nio-8081-exec-9] o.s.w.s.m.m.a.HttpEntityMethodProcessor  : Writing [{items=[OrganizationSummary[id=2774186a-0407-47da-b1d2-233909d2e9c6, slug=demo-clinic, displayName=D (truncated)...]
2026-10-01T09:20:32.283+02:00 DEBUG 20356 --- [ulwembu-platform-api] [nio-8081-exec-9] o.s.web.servlet.DispatcherServlet        : Completed 200 OK
2026-10-01T09:20:34.760+02:00 DEBUG 20356 --- [ulwembu-platform-api] [nio-8081-exec-8] org.hibernate.SQL                        : select po1_0.id,po1_0.created_at,po1_0.email,po1_0.failed_login_count,po1_0.first_name,po1_0.last_failed_login_at,po1_0.last_login_at,po1_0.last_name,po1_0.locked_at,po1_0.password_hash,po1_0.status,po1_0.token_version from control.platform_operators po1_0 where po1_0.id=?
2026-10-01T09:20:34.760+02:00 DEBUG 20356 --- [ulwembu-platform-api] [nio-8081-exec-1] org.hibernate.SQL                        : select po1_0.id,po1_0.created_at,po1_0.email,po1_0.failed_login_count,po1_0.first_name,po1_0.last_failed_login_at,po1_0.last_login_at,po1_0.last_name,po1_0.locked_at,po1_0.password_hash,po1_0.status,po1_0.token_version from control.platform_operators po1_0 where po1_0.id=?
2026-10-01T09:20:34.760+02:00 DEBUG 20356 --- [ulwembu-platform-api] [nio-8081-exec-6] org.hibernate.SQL                        : select po1_0.id,po1_0.created_at,po1_0.email,po1_0.failed_login_count,po1_0.first_name,po1_0.last_failed_login_at,po1_0.last_login_at,po1_0.last_name,po1_0.locked_at,po1_0.password_hash,po1_0.status,po1_0.token_version from control.platform_operators po1_0 where po1_0.id=?
2026-10-01T09:20:34.761+02:00 DEBUG 20356 --- [ulwembu-platform-api] [nio-8081-exec-4] org.hibernate.SQL                        : select po1_0.id,po1_0.created_at,po1_0.email,po1_0.failed_login_count,po1_0.first_name,po1_0.last_failed_login_at,po1_0.last_login_at,po1_0.last_name,po1_0.locked_at,po1_0.password_hash,po1_0.status,po1_0.token_version from control.platform_operators po1_0 where po1_0.id=?
2026-10-01T09:20:34.765+02:00 DEBUG 20356 --- [ulwembu-platform-api] [nio-8081-exec-8] o.s.web.servlet.DispatcherServlet        : GET "/platform/organizations/2774186a-0407-47da-b1d2-233909d2e9c6/admins", parameters={}
2026-10-01T09:20:34.767+02:00 DEBUG 20356 --- [ulwembu-platform-api] [nio-8081-exec-8] s.w.s.m.m.a.RequestMappingHandlerMapping : Mapped to co.ehealth.platform.platform.PlatformController#listAdmins(UUID)
2026-10-01T09:20:34.768+02:00 DEBUG 20356 --- [ulwembu-platform-api] [nio-8081-exec-9] org.hibernate.SQL                        : select po1_0.id,po1_0.created_at,po1_0.email,po1_0.failed_login_count,po1_0.first_name,po1_0.last_failed_login_at,po1_0.last_login_at,po1_0.last_name,po1_0.locked_at,po1_0.password_hash,po1_0.status,po1_0.token_version from control.platform_operators po1_0 where po1_0.id=?
2026-10-01T09:20:34.766+02:00 DEBUG 20356 --- [ulwembu-platform-api] [nio-8081-exec-1] o.s.web.servlet.DispatcherServlet        : GET "/platform/organizations/2774186a-0407-47da-b1d2-233909d2e9c6/mail-settings", parameters={}
2026-10-01T09:20:34.770+02:00 DEBUG 20356 --- [ulwembu-platform-api] [nio-8081-exec-4] o.s.web.servlet.DispatcherServlet        : GET "/platform/organizations/2774186a-0407-47da-b1d2-233909d2e9c6/modules", parameters={}
2026-10-01T09:20:34.770+02:00 DEBUG 20356 --- [ulwembu-platform-api] [nio-8081-exec-6] o.s.web.servlet.DispatcherServlet        : GET "/platform/organizations/2774186a-0407-47da-b1d2-233909d2e9c6", parameters={}
2026-10-01T09:20:34.770+02:00 DEBUG 20356 --- [ulwembu-platform-api] [nio-8081-exec-8] org.hibernate.SQL                        : select o1_0.id,o1_0.branding,o1_0.created_at,o1_0.display_name,o1_0.mail_settings,o1_0.profile,o1_0.schema_name,o1_0.sector,o1_0.slug,o1_0.sso_settings,o1_0.status,o1_0.tenant_code from control.organizations o1_0 where o1_0.id=?
2026-10-01T09:20:34.770+02:00 DEBUG 20356 --- [ulwembu-platform-api] [nio-8081-exec-1] s.w.s.m.m.a.RequestMappingHandlerMapping : Mapped to co.ehealth.platform.platform.PlatformController#getMailSettings(UUID)
2026-10-01T09:20:34.771+02:00 DEBUG 20356 --- [ulwembu-platform-api] [nio-8081-exec-4] s.w.s.m.m.a.RequestMappingHandlerMapping : Mapped to co.ehealth.platform.platform.PlatformController#listModules(UUID)
2026-10-01T09:20:34.771+02:00 DEBUG 20356 --- [ulwembu-platform-api] [nio-8081-exec-6] s.w.s.m.m.a.RequestMappingHandlerMapping : Mapped to co.ehealth.platform.platform.PlatformController#get(UUID)
2026-10-01T09:20:34.771+02:00 DEBUG 20356 --- [ulwembu-platform-api] [nio-8081-exec-9] o.s.web.servlet.DispatcherServlet        : GET "/platform/organizations/2774186a-0407-47da-b1d2-233909d2e9c6/facilities", parameters={}
2026-10-01T09:20:34.773+02:00 DEBUG 20356 --- [ulwembu-platform-api] [nio-8081-exec-6] org.hibernate.SQL                        : select o1_0.id,o1_0.branding,o1_0.created_at,o1_0.display_name,o1_0.mail_settings,o1_0.profile,o1_0.schema_name,o1_0.sector,o1_0.slug,o1_0.sso_settings,o1_0.status,o1_0.tenant_code from control.organizations o1_0 where o1_0.id=?
2026-10-01T09:20:34.774+02:00 DEBUG 20356 --- [ulwembu-platform-api] [nio-8081-exec-1] org.hibernate.SQL                        : select o1_0.id,o1_0.branding,o1_0.created_at,o1_0.display_name,o1_0.mail_settings,o1_0.profile,o1_0.schema_name,o1_0.sector,o1_0.slug,o1_0.sso_settings,o1_0.status,o1_0.tenant_code from control.organizations o1_0 where o1_0.id=?
2026-10-01T09:20:34.774+02:00 DEBUG 20356 --- [ulwembu-platform-api] [nio-8081-exec-9] s.w.s.m.m.a.RequestMappingHandlerMapping : Mapped to co.ehealth.platform.platform.PlatformController#listClinics(UUID)
2026-10-01T09:20:34.779+02:00 DEBUG 20356 --- [ulwembu-platform-api] [nio-8081-exec-9] org.hibernate.SQL                        : select o1_0.id,o1_0.branding,o1_0.created_at,o1_0.display_name,o1_0.mail_settings,o1_0.profile,o1_0.schema_name,o1_0.sector,o1_0.slug,o1_0.sso_settings,o1_0.status,o1_0.tenant_code from control.organizations o1_0 where o1_0.id=?
2026-10-01T09:20:34.785+02:00 DEBUG 20356 --- [ulwembu-platform-api] [nio-8081-exec-1] o.s.w.s.m.m.a.HttpEntityMethodProcessor  : Using 'application/json', given [*/*] and supported [application/json, application/*+json]
2026-10-01T09:20:34.788+02:00 DEBUG 20356 --- [ulwembu-platform-api] [nio-8081-exec-1] o.s.w.s.m.m.a.HttpEntityMethodProcessor  : Writing [MailSettingsResponse[host=null, port=null, username=null, passwordSet=false, fromAddress=null]]
2026-10-01T09:20:34.790+02:00 DEBUG 20356 --- [ulwembu-platform-api] [nio-8081-exec-1] o.s.web.servlet.DispatcherServlet        : Completed 200 OK
2026-10-01T09:20:34.793+02:00 DEBUG 20356 --- [ulwembu-platform-api] [nio-8081-exec-6] org.hibernate.SQL                        : select me1_0.organization_id,count(me1_0.id) from control.module_entitlements me1_0 where me1_0.organization_id in (?) and me1_0.enabled=true group by me1_0.organization_id
2026-10-01T09:20:34.796+02:00 DEBUG 20356 --- [ulwembu-platform-api] [nio-8081-exec-4] org.hibernate.SQL                        : select count(*) from control.organizations o1_0 where o1_0.id=?
2026-10-01T09:20:34.801+02:00 DEBUG 20356 --- [ulwembu-platform-api] [nio-8081-exec-6] o.s.w.s.m.m.a.HttpEntityMethodProcessor  : Using 'application/json', given [*/*] and supported [application/json, application/*+json]
2026-10-01T09:20:34.801+02:00 DEBUG 20356 --- [ulwembu-platform-api] [nio-8081-exec-6] o.s.w.s.m.m.a.HttpEntityMethodProcessor  : Writing [OrganizationSummary[id=2774186a-0407-47da-b1d2-233909d2e9c6, slug=demo-clinic, displayName=Demo Comm (truncated)...]
2026-10-01T09:20:34.804+02:00 DEBUG 20356 --- [ulwembu-platform-api] [nio-8081-exec-9] org.hibernate.SQL                        : select f1_0.id,f1_0.active,f1_0.address,f1_0.code,f1_0.daily_appointment_limit,f1_0.name,f1_0.operating_hours,f1_0.phone,f1_0.timezone,f1_0.type from facilities f1_0
2026-10-01T09:20:34.804+02:00 DEBUG 20356 --- [ulwembu-platform-api] [nio-8081-exec-4] org.hibernate.SQL                        : select me1_0.id,me1_0.enabled,me1_0.module_code,me1_0.organization_id,me1_0.updated_at from control.module_entitlements me1_0 where me1_0.organization_id=?
2026-10-01T09:20:34.807+02:00 DEBUG 20356 --- [ulwembu-platform-api] [nio-8081-exec-6] o.s.web.servlet.DispatcherServlet        : Completed 200 OK
2026-10-01T09:20:34.807+02:00 DEBUG 20356 --- [ulwembu-platform-api] [nio-8081-exec-8] org.hibernate.SQL                        : select u.* from users u join user_roles ur on ur.user_id = u.id join roles r on r.id = ur.role_id where r.name = ?
2026-10-01T09:20:34.814+02:00 DEBUG 20356 --- [ulwembu-platform-api] [nio-8081-exec-4] o.s.w.s.m.m.a.HttpEntityMethodProcessor  : Using 'application/json', given [*/*] and supported [application/json, application/*+json]
2026-10-01T09:20:34.816+02:00 DEBUG 20356 --- [ulwembu-platform-api] [nio-8081-exec-4] o.s.w.s.m.m.a.HttpEntityMethodProcessor  : Writing [{items=[ModuleEntitlementView[code=SADM, displayName=Platform Administration & Tenant Lifecycle, pha (truncated)...]
2026-10-01T09:20:34.818+02:00 DEBUG 20356 --- [ulwembu-platform-api] [nio-8081-exec-4] o.s.web.servlet.DispatcherServlet        : Completed 200 OK
2026-10-01T09:20:34.818+02:00 DEBUG 20356 --- [ulwembu-platform-api] [nio-8081-exec-9] o.s.w.s.m.m.a.HttpEntityMethodProcessor  : Using 'application/json', given [*/*] and supported [application/json, application/*+json]
2026-10-01T09:20:34.831+02:00 DEBUG 20356 --- [ulwembu-platform-api] [nio-8081-exec-9] o.s.w.s.m.m.a.HttpEntityMethodProcessor  : Writing [{items=[FacilityResponse[id=a7ee88e2-3a54-4d1f-8c46-59075756ae12, name=Demo Main Clinic, code=DEMO-0 (truncated)...]
2026-10-01T09:20:34.835+02:00 DEBUG 20356 --- [ulwembu-platform-api] [nio-8081-exec-9] o.s.web.servlet.DispatcherServlet        : Completed 200 OK
2026-10-01T09:20:34.839+02:00 DEBUG 20356 --- [ulwembu-platform-api] [nio-8081-exec-8] o.s.w.s.m.m.a.HttpEntityMethodProcessor  : Using 'application/json', given [*/*] and supported [application/json, application/*+json]
2026-10-01T09:20:34.843+02:00 DEBUG 20356 --- [ulwembu-platform-api] [nio-8081-exec-8] o.s.w.s.m.m.a.HttpEntityMethodProcessor  : Writing [{items=[AdminSummary[userId=f65402f2-8157-4680-831b-8512e4f7da07, email=admin@democlinic.example, fi (truncated)...]
2026-10-01T09:20:34.844+02:00 DEBUG 20356 --- [ulwembu-platform-api] [nio-8081-exec-3] org.hibernate.SQL                        : select po1_0.id,po1_0.created_at,po1_0.email,po1_0.failed_login_count,po1_0.first_name,po1_0.last_failed_login_at,po1_0.last_login_at,po1_0.last_name,po1_0.locked_at,po1_0.password_hash,po1_0.status,po1_0.token_version from control.platform_operators po1_0 where po1_0.id=?
2026-10-01T09:20:34.846+02:00 DEBUG 20356 --- [ulwembu-platform-api] [nio-8081-exec-8] o.s.web.servlet.DispatcherServlet        : Completed 200 OK
2026-10-01T09:20:34.848+02:00 DEBUG 20356 --- [ulwembu-platform-api] [nio-8081-exec-3] o.s.web.servlet.DispatcherServlet        : GET "/platform/organizations/2774186a-0407-47da-b1d2-233909d2e9c6/audit?page=0&size=25", parameters={masked}
2026-10-01T09:20:34.848+02:00 DEBUG 20356 --- [ulwembu-platform-api] [nio-8081-exec-3] s.w.s.m.m.a.RequestMappingHandlerMapping : Mapped to co.ehealth.platform.platform.PlatformController#listTenantAudit(UUID, int, int)
2026-10-01T09:20:34.855+02:00 DEBUG 20356 --- [ulwembu-platform-api] [nio-8081-exec-3] org.hibernate.SQL                        : select o1_0.id,o1_0.branding,o1_0.created_at,o1_0.display_name,o1_0.mail_settings,o1_0.profile,o1_0.schema_name,o1_0.sector,o1_0.slug,o1_0.sso_settings,o1_0.status,o1_0.tenant_code from control.organizations o1_0 where o1_0.id=?
2026-10-01T09:20:34.867+02:00 DEBUG 20356 --- [ulwembu-platform-api] [nio-8081-exec-3] org.hibernate.SQL                        : select al1_0.id,al1_0.action,al1_0.after_value,al1_0.before_value,al1_0.created_at,al1_0.device_signature,al1_0.entity_id,al1_0.entity_type,al1_0.facility_id,al1_0.ip_address,al1_0.user_id from audit_log al1_0 order by al1_0.created_at desc offset ? rows fetch first ? rows only
2026-10-01T09:20:34.879+02:00 DEBUG 20356 --- [ulwembu-platform-api] [nio-8081-exec-3] org.hibernate.SQL                        : select count(al1_0.id) from audit_log al1_0
2026-10-01T09:20:34.888+02:00 DEBUG 20356 --- [ulwembu-platform-api] [nio-8081-exec-3] org.hibernate.SQL                        : select u1_0.id,u1_0.contact_number,u1_0.contact_verified_at,u1_0.date_of_birth,u1_0.department,u1_0.designation,u1_0.email,u1_0.email_verified_at,u1_0.emergency_contact_name,u1_0.emergency_contact_phone,u1_0.emergency_contact_relationship,u1_0.employee_number,u1_0.employment_end_date,u1_0.employment_start_date,u1_0.employment_type,u1_0.facility_id,u1_0.failed_login_count,u1_0.first_name,u1_0.gender,u1_0.hpcsa_expiry_date,u1_0.hpcsa_number,u1_0.id_number,u1_0.last_failed_login_at,u1_0.last_login_at,u1_0.last_name,u1_0.locked_at,u1_0.manager_id,u1_0.must_change_password,u1_0.password_hash,u1_0.profile_photo_url,u1_0.sanc_expiry_date,u1_0.sanc_number,u1_0.sapc_expiry_date,u1_0.sapc_number,u1_0.status,u1_0.token_version from users u1_0 where u1_0.id in (?)
2026-10-01T09:20:34.895+02:00 DEBUG 20356 --- [ulwembu-platform-api] [nio-8081-exec-3] o.s.w.s.m.m.a.HttpEntityMethodProcessor  : Using 'application/json', given [*/*] and supported [application/json, application/*+json]
2026-10-01T09:20:34.904+02:00 DEBUG 20356 --- [ulwembu-platform-api] [nio-8081-exec-3] o.s.w.s.m.m.a.HttpEntityMethodProcessor  : Writing [{items=[TenantAuditEntryView[id=85d9a538-f708-42d8-8918-727079ff66b9, action=LOGIN, entityType=User, (truncated)...]
2026-10-01T09:20:34.910+02:00 DEBUG 20356 --- [ulwembu-platform-api] [nio-8081-exec-3] o.s.web.servlet.DispatcherServlet        : Completed 200 OK
2026-10-01T09:20:55.241+02:00 DEBUG 20356 --- [ulwembu-platform-api] [nio-8081-exec-7] org.hibernate.SQL                        : select o1_0.id,o1_0.branding,o1_0.created_at,o1_0.display_name,o1_0.mail_settings,o1_0.profile,o1_0.schema_name,o1_0.sector,o1_0.slug,o1_0.sso_settings,o1_0.status,o1_0.tenant_code from control.organizations o1_0 where o1_0.slug=?
2026-10-01T09:20:55.248+02:00 DEBUG 20356 --- [ulwembu-platform-api] [nio-8081-exec-7] o.s.web.servlet.DispatcherServlet        : GET "/api/v1/public/organization", parameters={}
2026-10-01T09:20:55.249+02:00 DEBUG 20356 --- [ulwembu-platform-api] [nio-8081-exec-7] s.w.s.m.m.a.RequestMappingHandlerMapping : Mapped to co.ehealth.platform.core.tenant.PublicOrganizationController#getPublicOrganization()
2026-10-01T09:20:55.252+02:00 DEBUG 20356 --- [ulwembu-platform-api] [nio-8081-exec-7] org.hibernate.SQL                        : select o1_0.id,o1_0.branding,o1_0.created_at,o1_0.display_name,o1_0.mail_settings,o1_0.profile,o1_0.schema_name,o1_0.sector,o1_0.slug,o1_0.sso_settings,o1_0.status,o1_0.tenant_code from control.organizations o1_0 where o1_0.schema_name=?
2026-10-01T09:20:55.256+02:00 DEBUG 20356 --- [ulwembu-platform-api] [nio-8081-exec-7] o.s.w.s.m.m.a.HttpEntityMethodProcessor  : Using 'application/json', given [*/*] and supported [application/json, application/*+json]
2026-10-01T09:20:55.257+02:00 DEBUG 20356 --- [ulwembu-platform-api] [nio-8081-exec-7] o.s.w.s.m.m.a.HttpEntityMethodProcessor  : Writing [PublicOrganizationResponse[displayName=Demo Community Clinic, slug=demo-clinic, logoUrl=null, primar (truncated)...]
2026-10-01T09:20:55.259+02:00 DEBUG 20356 --- [ulwembu-platform-api] [nio-8081-exec-7] o.s.web.servlet.DispatcherServlet        : Completed 200 OK
2026-10-01T09:20:58.229+02:00 DEBUG 20356 --- [ulwembu-platform-api] [nio-8081-exec-1] org.hibernate.SQL                        : select o1_0.id,o1_0.branding,o1_0.created_at,o1_0.display_name,o1_0.mail_settings,o1_0.profile,o1_0.schema_name,o1_0.sector,o1_0.slug,o1_0.sso_settings,o1_0.status,o1_0.tenant_code from control.organizations o1_0 where o1_0.slug=?
2026-10-01T09:20:58.234+02:00 DEBUG 20356 --- [ulwembu-platform-api] [nio-8081-exec-1] o.s.web.servlet.DispatcherServlet        : POST "/api/v1/auth/login", parameters={}
2026-10-01T09:20:58.234+02:00 DEBUG 20356 --- [ulwembu-platform-api] [nio-8081-exec-1] s.w.s.m.m.a.RequestMappingHandlerMapping : Mapped to co.ehealth.platform.identity.AuthController#login(LoginRequest)
2026-10-01T09:20:58.236+02:00 DEBUG 20356 --- [ulwembu-platform-api] [nio-8081-exec-1] m.m.a.RequestResponseBodyMethodProcessor : Read "application/json;charset=UTF-8" to [LoginRequest[email=admin@democlinic.example, password=9hQA9YkcdCR25j5F]]
2026-10-01T09:20:58.243+02:00 DEBUG 20356 --- [ulwembu-platform-api] [nio-8081-exec-1] org.hibernate.SQL                        : select u1_0.id,u1_0.contact_number,u1_0.contact_verified_at,u1_0.date_of_birth,u1_0.department,u1_0.designation,u1_0.email,u1_0.email_verified_at,u1_0.emergency_contact_name,u1_0.emergency_contact_phone,u1_0.emergency_contact_relationship,u1_0.employee_number,u1_0.employment_end_date,u1_0.employment_start_date,u1_0.employment_type,u1_0.facility_id,u1_0.failed_login_count,u1_0.first_name,u1_0.gender,u1_0.hpcsa_expiry_date,u1_0.hpcsa_number,u1_0.id_number,u1_0.last_failed_login_at,u1_0.last_login_at,u1_0.last_name,u1_0.locked_at,u1_0.manager_id,u1_0.must_change_password,u1_0.password_hash,u1_0.profile_photo_url,u1_0.sanc_expiry_date,u1_0.sanc_number,u1_0.sapc_expiry_date,u1_0.sapc_number,u1_0.status,u1_0.token_version from users u1_0 where u1_0.email=?
2026-10-01T09:20:58.669+02:00 DEBUG 20356 --- [ulwembu-platform-api] [nio-8081-exec-1] org.hibernate.SQL                        : update users set contact_number=?,contact_verified_at=?,date_of_birth=?,department=?,designation=?,email=?,email_verified_at=?,emergency_contact_name=?,emergency_contact_phone=?,emergency_contact_relationship=?,employee_number=?,employment_end_date=?,employment_start_date=?,employment_type=?,facility_id=?,failed_login_count=?,first_name=?,gender=?,hpcsa_expiry_date=?,hpcsa_number=?,id_number=?,last_failed_login_at=?,last_login_at=?,last_name=?,locked_at=?,manager_id=?,must_change_password=?,password_hash=?,profile_photo_url=?,sanc_expiry_date=?,sanc_number=?,sapc_expiry_date=?,sapc_number=?,status=?,token_version=? where id=?
2026-10-01T09:20:58.682+02:00 DEBUG 20356 --- [ulwembu-platform-api] [nio-8081-exec-1] .m.m.a.ExceptionHandlerExceptionResolver : Using @ExceptionHandler co.ehealth.platform.core.common.GlobalExceptionHandler#handleInvalidCredentials(InvalidCredentialsException)
2026-10-01T09:20:58.686+02:00 DEBUG 20356 --- [ulwembu-platform-api] [nio-8081-exec-1] o.s.w.s.m.m.a.HttpEntityMethodProcessor  : Using 'application/json', given [*/*] and supported [application/json, application/*+json]
2026-10-01T09:20:58.688+02:00 DEBUG 20356 --- [ulwembu-platform-api] [nio-8081-exec-1] o.s.w.s.m.m.a.HttpEntityMethodProcessor  : Writing [ApiErrorResponse[message=Incorrect email or password., fieldErrors=null]]
2026-10-01T09:20:58.689+02:00 DEBUG 20356 --- [ulwembu-platform-api] [nio-8081-exec-1] .m.m.a.ExceptionHandlerExceptionResolver : Resolved [co.ehealth.platform.identity.InvalidCredentialsException]
2026-10-01T09:20:58.689+02:00 DEBUG 20356 --- [ulwembu-platform-api] [nio-8081-exec-1] o.s.web.servlet.DispatcherServlet        : Completed 401 UNAUTHORIZED
2026-10-01T09:21:06.435+02:00 DEBUG 20356 --- [ulwembu-platform-api] [nio-8081-exec-4] org.hibernate.SQL                        : select o1_0.id,o1_0.branding,o1_0.created_at,o1_0.display_name,o1_0.mail_settings,o1_0.profile,o1_0.schema_name,o1_0.sector,o1_0.slug,o1_0.sso_settings,o1_0.status,o1_0.tenant_code from control.organizations o1_0 where o1_0.slug=?
2026-10-01T09:21:06.447+02:00 DEBUG 20356 --- [ulwembu-platform-api] [nio-8081-exec-4] o.s.web.servlet.DispatcherServlet        : POST "/api/v1/auth/login", parameters={}
2026-10-01T09:21:06.448+02:00 DEBUG 20356 --- [ulwembu-platform-api] [nio-8081-exec-4] s.w.s.m.m.a.RequestMappingHandlerMapping : Mapped to co.ehealth.platform.identity.AuthController#login(LoginRequest)
2026-10-01T09:21:06.449+02:00 DEBUG 20356 --- [ulwembu-platform-api] [nio-8081-exec-4] m.m.a.RequestResponseBodyMethodProcessor : Read "application/json;charset=UTF-8" to [LoginRequest[email=admin@democlinic.example, password=9hQA9YkcdCR25j5F]]
2026-10-01T09:21:06.452+02:00 DEBUG 20356 --- [ulwembu-platform-api] [nio-8081-exec-4] org.hibernate.SQL                        : select u1_0.id,u1_0.contact_number,u1_0.contact_verified_at,u1_0.date_of_birth,u1_0.department,u1_0.designation,u1_0.email,u1_0.email_verified_at,u1_0.emergency_contact_name,u1_0.emergency_contact_phone,u1_0.emergency_contact_relationship,u1_0.employee_number,u1_0.employment_end_date,u1_0.employment_start_date,u1_0.employment_type,u1_0.facility_id,u1_0.failed_login_count,u1_0.first_name,u1_0.gender,u1_0.hpcsa_expiry_date,u1_0.hpcsa_number,u1_0.id_number,u1_0.last_failed_login_at,u1_0.last_login_at,u1_0.last_name,u1_0.locked_at,u1_0.manager_id,u1_0.must_change_password,u1_0.password_hash,u1_0.profile_photo_url,u1_0.sanc_expiry_date,u1_0.sanc_number,u1_0.sapc_expiry_date,u1_0.sapc_number,u1_0.status,u1_0.token_version from users u1_0 where u1_0.email=?
2026-10-01T09:21:06.885+02:00 DEBUG 20356 --- [ulwembu-platform-api] [nio-8081-exec-4] org.hibernate.SQL                        : update users set contact_number=?,contact_verified_at=?,date_of_birth=?,department=?,designation=?,email=?,email_verified_at=?,emergency_contact_name=?,emergency_contact_phone=?,emergency_contact_relationship=?,employee_number=?,employment_end_date=?,employment_start_date=?,employment_type=?,facility_id=?,failed_login_count=?,first_name=?,gender=?,hpcsa_expiry_date=?,hpcsa_number=?,id_number=?,last_failed_login_at=?,last_login_at=?,last_name=?,locked_at=?,manager_id=?,must_change_password=?,password_hash=?,profile_photo_url=?,sanc_expiry_date=?,sanc_number=?,sapc_expiry_date=?,sapc_number=?,status=?,token_version=? where id=?
2026-10-01T09:21:06.889+02:00 DEBUG 20356 --- [ulwembu-platform-api] [nio-8081-exec-4] .m.m.a.ExceptionHandlerExceptionResolver : Using @ExceptionHandler co.ehealth.platform.core.common.GlobalExceptionHandler#handleInvalidCredentials(InvalidCredentialsException)
2026-10-01T09:21:06.889+02:00 DEBUG 20356 --- [ulwembu-platform-api] [nio-8081-exec-4] o.s.w.s.m.m.a.HttpEntityMethodProcessor  : Using 'application/json', given [*/*] and supported [application/json, application/*+json]
2026-10-01T09:21:06.889+02:00 DEBUG 20356 --- [ulwembu-platform-api] [nio-8081-exec-4] o.s.w.s.m.m.a.HttpEntityMethodProcessor  : Writing [ApiErrorResponse[message=Incorrect email or password., fieldErrors=null]]
2026-10-01T09:21:06.891+02:00 DEBUG 20356 --- [ulwembu-platform-api] [nio-8081-exec-4] .m.m.a.ExceptionHandlerExceptionResolver : Resolved [co.ehealth.platform.identity.InvalidCredentialsException]
2026-10-01T09:21:06.892+02:00 DEBUG 20356 --- [ulwembu-platform-api] [nio-8081-exec-4] o.s.web.servlet.DispatcherServlet        : Completed 401 UNAUTHORIZED
2026-10-01T09:21:18.531+02:00 DEBUG 20356 --- [ulwembu-platform-api] [nio-8081-exec-8] org.hibernate.SQL                        : select o1_0.id,o1_0.branding,o1_0.created_at,o1_0.display_name,o1_0.mail_settings,o1_0.profile,o1_0.schema_name,o1_0.sector,o1_0.slug,o1_0.sso_settings,o1_0.status,o1_0.tenant_code from control.organizations o1_0 where o1_0.slug=?
2026-10-01T09:21:18.547+02:00 DEBUG 20356 --- [ulwembu-platform-api] [nio-8081-exec-3] org.hibernate.SQL                        : select o1_0.id,o1_0.branding,o1_0.created_at,o1_0.display_name,o1_0.mail_settings,o1_0.profile,o1_0.schema_name,o1_0.sector,o1_0.slug,o1_0.sso_settings,o1_0.status,o1_0.tenant_code from control.organizations o1_0 where o1_0.slug=?
2026-10-01T09:21:18.603+02:00 DEBUG 20356 --- [ulwembu-platform-api] [nio-8081-exec-7] org.hibernate.SQL                        : select o1_0.id,o1_0.branding,o1_0.created_at,o1_0.display_name,o1_0.mail_settings,o1_0.profile,o1_0.schema_name,o1_0.sector,o1_0.slug,o1_0.sso_settings,o1_0.status,o1_0.tenant_code from control.organizations o1_0 where o1_0.slug=?
2026-10-01T09:21:18.609+02:00 DEBUG 20356 --- [ulwembu-platform-api] [nio-8081-exec-7] o.s.web.servlet.DispatcherServlet        : GET "/api/v1/public/organization", parameters={}
2026-10-01T09:21:18.609+02:00 DEBUG 20356 --- [ulwembu-platform-api] [nio-8081-exec-7] s.w.s.m.m.a.RequestMappingHandlerMapping : Mapped to co.ehealth.platform.core.tenant.PublicOrganizationController#getPublicOrganization()
2026-10-01T09:21:18.612+02:00 DEBUG 20356 --- [ulwembu-platform-api] [nio-8081-exec-7] org.hibernate.SQL                        : select o1_0.id,o1_0.branding,o1_0.created_at,o1_0.display_name,o1_0.mail_settings,o1_0.profile,o1_0.schema_name,o1_0.sector,o1_0.slug,o1_0.sso_settings,o1_0.status,o1_0.tenant_code from control.organizations o1_0 where o1_0.schema_name=?
2026-10-01T09:21:18.614+02:00 DEBUG 20356 --- [ulwembu-platform-api] [nio-8081-exec-7] o.s.w.s.m.m.a.HttpEntityMethodProcessor  : Using 'application/json', given [*/*] and supported [application/json, application/*+json]
2026-10-01T09:21:18.615+02:00 DEBUG 20356 --- [ulwembu-platform-api] [nio-8081-exec-7] o.s.w.s.m.m.a.HttpEntityMethodProcessor  : Writing [PublicOrganizationResponse[displayName=Demo Community Clinic, slug=demo-clinic, logoUrl=null, primar (truncated)...]
2026-10-01T09:21:18.616+02:00 DEBUG 20356 --- [ulwembu-platform-api] [nio-8081-exec-7] o.s.web.servlet.DispatcherServlet        : Completed 200 OK
2026-10-01T09:21:36.606+02:00 DEBUG 20356 --- [ulwembu-platform-api] [nio-8081-exec-8] org.hibernate.SQL                        : select o1_0.id,o1_0.branding,o1_0.created_at,o1_0.display_name,o1_0.mail_settings,o1_0.profile,o1_0.schema_name,o1_0.sector,o1_0.slug,o1_0.sso_settings,o1_0.status,o1_0.tenant_code from control.organizations o1_0 where o1_0.slug=?
2026-10-01T09:21:36.613+02:00 DEBUG 20356 --- [ulwembu-platform-api] [nio-8081-exec-8] o.s.web.servlet.DispatcherServlet        : POST "/api/v1/auth/login", parameters={}
2026-10-01T09:21:36.613+02:00 DEBUG 20356 --- [ulwembu-platform-api] [nio-8081-exec-8] s.w.s.m.m.a.RequestMappingHandlerMapping : Mapped to co.ehealth.platform.identity.AuthController#login(LoginRequest)
2026-10-01T09:21:36.614+02:00 DEBUG 20356 --- [ulwembu-platform-api] [nio-8081-exec-8] m.m.a.RequestResponseBodyMethodProcessor : Read "application/json;charset=UTF-8" to [LoginRequest[email=admin@democlinic.example, password=QPbNcyCn7kBtkUMB]]
2026-10-01T09:21:36.618+02:00 DEBUG 20356 --- [ulwembu-platform-api] [nio-8081-exec-8] org.hibernate.SQL                        : select u1_0.id,u1_0.contact_number,u1_0.contact_verified_at,u1_0.date_of_birth,u1_0.department,u1_0.designation,u1_0.email,u1_0.email_verified_at,u1_0.emergency_contact_name,u1_0.emergency_contact_phone,u1_0.emergency_contact_relationship,u1_0.employee_number,u1_0.employment_end_date,u1_0.employment_start_date,u1_0.employment_type,u1_0.facility_id,u1_0.failed_login_count,u1_0.first_name,u1_0.gender,u1_0.hpcsa_expiry_date,u1_0.hpcsa_number,u1_0.id_number,u1_0.last_failed_login_at,u1_0.last_login_at,u1_0.last_name,u1_0.locked_at,u1_0.manager_id,u1_0.must_change_password,u1_0.password_hash,u1_0.profile_photo_url,u1_0.sanc_expiry_date,u1_0.sanc_number,u1_0.sapc_expiry_date,u1_0.sapc_number,u1_0.status,u1_0.token_version from users u1_0 where u1_0.email=?
2026-10-01T09:21:37.038+02:00 DEBUG 20356 --- [ulwembu-platform-api] [nio-8081-exec-8] org.hibernate.SQL                        : update users set contact_number=?,contact_verified_at=?,date_of_birth=?,department=?,designation=?,email=?,email_verified_at=?,emergency_contact_name=?,emergency_contact_phone=?,emergency_contact_relationship=?,employee_number=?,employment_end_date=?,employment_start_date=?,employment_type=?,facility_id=?,failed_login_count=?,first_name=?,gender=?,hpcsa_expiry_date=?,hpcsa_number=?,id_number=?,last_failed_login_at=?,last_login_at=?,last_name=?,locked_at=?,manager_id=?,must_change_password=?,password_hash=?,profile_photo_url=?,sanc_expiry_date=?,sanc_number=?,sapc_expiry_date=?,sapc_number=?,status=?,token_version=? where id=?
2026-10-01T09:21:37.042+02:00 DEBUG 20356 --- [ulwembu-platform-api] [nio-8081-exec-8] org.hibernate.SQL                        : select r.name from roles r, user_roles ur where ur.role_id = r.id and ur.user_id = ?
2026-10-01T09:21:37.048+02:00 DEBUG 20356 --- [ulwembu-platform-api] [nio-8081-exec-8] org.hibernate.SQL                        : insert into audit_log (action,after_value,before_value,created_at,device_signature,entity_id,entity_type,facility_id,ip_address,user_id,id) values (?,?,?,?,?,?,?,?,?,?,?)
2026-10-01T09:21:37.060+02:00 DEBUG 20356 --- [ulwembu-platform-api] [nio-8081-exec-8] org.hibernate.SQL                        : select u1_0.id,u1_0.contact_number,u1_0.contact_verified_at,u1_0.date_of_birth,u1_0.department,u1_0.designation,u1_0.email,u1_0.email_verified_at,u1_0.emergency_contact_name,u1_0.emergency_contact_phone,u1_0.emergency_contact_relationship,u1_0.employee_number,u1_0.employment_end_date,u1_0.employment_start_date,u1_0.employment_type,u1_0.facility_id,u1_0.failed_login_count,u1_0.first_name,u1_0.gender,u1_0.hpcsa_expiry_date,u1_0.hpcsa_number,u1_0.id_number,u1_0.last_failed_login_at,u1_0.last_login_at,u1_0.last_name,u1_0.locked_at,u1_0.manager_id,u1_0.must_change_password,u1_0.password_hash,u1_0.profile_photo_url,u1_0.sanc_expiry_date,u1_0.sanc_number,u1_0.sapc_expiry_date,u1_0.sapc_number,u1_0.status,u1_0.token_version from users u1_0 where u1_0.email=?
2026-10-01T09:21:37.062+02:00 DEBUG 20356 --- [ulwembu-platform-api] [nio-8081-exec-8] o.s.w.s.m.m.a.HttpEntityMethodProcessor  : Using 'application/json', given [*/*] and supported [application/json, application/*+json]
2026-10-01T09:21:37.064+02:00 DEBUG 20356 --- [ulwembu-platform-api] [nio-8081-exec-8] o.s.w.s.m.m.a.HttpEntityMethodProcessor  : Writing [LoginResponse[accessToken=eyJhbGciOiJIUzI1NiJ9.eyJqdGkiOiI2MjYzOTE3My1jNGRiLTQ5MjUtYWI4YS0zYWZhZmUwY (truncated)...]
2026-10-01T09:21:37.065+02:00 DEBUG 20356 --- [ulwembu-platform-api] [nio-8081-exec-8] o.s.web.servlet.DispatcherServlet        : Completed 200 OK
2026-10-01T09:21:37.149+02:00 DEBUG 20356 --- [ulwembu-platform-api] [io-8081-exec-10] org.hibernate.SQL                        : select o1_0.id,o1_0.branding,o1_0.created_at,o1_0.display_name,o1_0.mail_settings,o1_0.profile,o1_0.schema_name,o1_0.sector,o1_0.slug,o1_0.sso_settings,o1_0.status,o1_0.tenant_code from control.organizations o1_0 where o1_0.slug=?
2026-10-01T09:21:37.154+02:00 DEBUG 20356 --- [ulwembu-platform-api] [nio-8081-exec-6] org.hibernate.SQL                        : select o1_0.id,o1_0.branding,o1_0.created_at,o1_0.display_name,o1_0.mail_settings,o1_0.profile,o1_0.schema_name,o1_0.sector,o1_0.slug,o1_0.sso_settings,o1_0.status,o1_0.tenant_code from control.organizations o1_0 where o1_0.slug=?
2026-10-01T09:21:37.154+02:00 DEBUG 20356 --- [ulwembu-platform-api] [nio-8081-exec-1] org.hibernate.SQL                        : select o1_0.id,o1_0.branding,o1_0.created_at,o1_0.display_name,o1_0.mail_settings,o1_0.profile,o1_0.schema_name,o1_0.sector,o1_0.slug,o1_0.sso_settings,o1_0.status,o1_0.tenant_code from control.organizations o1_0 where o1_0.slug=?
2026-10-01T09:21:37.159+02:00 DEBUG 20356 --- [ulwembu-platform-api] [nio-8081-exec-1] org.hibernate.SQL                        : select u1_0.id,u1_0.contact_number,u1_0.contact_verified_at,u1_0.date_of_birth,u1_0.department,u1_0.designation,u1_0.email,u1_0.email_verified_at,u1_0.emergency_contact_name,u1_0.emergency_contact_phone,u1_0.emergency_contact_relationship,u1_0.employee_number,u1_0.employment_end_date,u1_0.employment_start_date,u1_0.employment_type,u1_0.facility_id,u1_0.failed_login_count,u1_0.first_name,u1_0.gender,u1_0.hpcsa_expiry_date,u1_0.hpcsa_number,u1_0.id_number,u1_0.last_failed_login_at,u1_0.last_login_at,u1_0.last_name,u1_0.locked_at,u1_0.manager_id,u1_0.must_change_password,u1_0.password_hash,u1_0.profile_photo_url,u1_0.sanc_expiry_date,u1_0.sanc_number,u1_0.sapc_expiry_date,u1_0.sapc_number,u1_0.status,u1_0.token_version from users u1_0 where u1_0.id=?
2026-10-01T09:21:37.159+02:00 DEBUG 20356 --- [ulwembu-platform-api] [nio-8081-exec-6] org.hibernate.SQL                        : select u1_0.id,u1_0.contact_number,u1_0.contact_verified_at,u1_0.date_of_birth,u1_0.department,u1_0.designation,u1_0.email,u1_0.email_verified_at,u1_0.emergency_contact_name,u1_0.emergency_contact_phone,u1_0.emergency_contact_relationship,u1_0.employee_number,u1_0.employment_end_date,u1_0.employment_start_date,u1_0.employment_type,u1_0.facility_id,u1_0.failed_login_count,u1_0.first_name,u1_0.gender,u1_0.hpcsa_expiry_date,u1_0.hpcsa_number,u1_0.id_number,u1_0.last_failed_login_at,u1_0.last_login_at,u1_0.last_name,u1_0.locked_at,u1_0.manager_id,u1_0.must_change_password,u1_0.password_hash,u1_0.profile_photo_url,u1_0.sanc_expiry_date,u1_0.sanc_number,u1_0.sapc_expiry_date,u1_0.sapc_number,u1_0.status,u1_0.token_version from users u1_0 where u1_0.id=?
2026-10-01T09:21:37.159+02:00 DEBUG 20356 --- [ulwembu-platform-api] [io-8081-exec-10] org.hibernate.SQL                        : select u1_0.id,u1_0.contact_number,u1_0.contact_verified_at,u1_0.date_of_birth,u1_0.department,u1_0.designation,u1_0.email,u1_0.email_verified_at,u1_0.emergency_contact_name,u1_0.emergency_contact_phone,u1_0.emergency_contact_relationship,u1_0.employee_number,u1_0.employment_end_date,u1_0.employment_start_date,u1_0.employment_type,u1_0.facility_id,u1_0.failed_login_count,u1_0.first_name,u1_0.gender,u1_0.hpcsa_expiry_date,u1_0.hpcsa_number,u1_0.id_number,u1_0.last_failed_login_at,u1_0.last_login_at,u1_0.last_name,u1_0.locked_at,u1_0.manager_id,u1_0.must_change_password,u1_0.password_hash,u1_0.profile_photo_url,u1_0.sanc_expiry_date,u1_0.sanc_number,u1_0.sapc_expiry_date,u1_0.sapc_number,u1_0.status,u1_0.token_version from users u1_0 where u1_0.id=?
2026-10-01T09:21:37.164+02:00 DEBUG 20356 --- [ulwembu-platform-api] [io-8081-exec-10] o.s.web.servlet.DispatcherServlet        : GET "/api/v1/organization", parameters={}
2026-10-01T09:21:37.164+02:00 DEBUG 20356 --- [ulwembu-platform-api] [nio-8081-exec-1] o.s.web.servlet.DispatcherServlet        : GET "/api/v1/admin/staff", parameters={}
2026-10-01T09:21:37.165+02:00 DEBUG 20356 --- [ulwembu-platform-api] [nio-8081-exec-1] s.w.s.m.m.a.RequestMappingHandlerMapping : Mapped to co.ehealth.platform.identity.StaffController#list()
2026-10-01T09:21:37.165+02:00 DEBUG 20356 --- [ulwembu-platform-api] [io-8081-exec-10] s.w.s.m.m.a.RequestMappingHandlerMapping : Mapped to co.ehealth.platform.core.tenant.OrganizationBrandingController#getOrganization()
2026-10-01T09:21:37.165+02:00 DEBUG 20356 --- [ulwembu-platform-api] [nio-8081-exec-6] o.s.web.servlet.DispatcherServlet        : GET "/api/v1/organization/modules", parameters={}
2026-10-01T09:21:37.166+02:00 DEBUG 20356 --- [ulwembu-platform-api] [nio-8081-exec-6] s.w.s.m.m.a.RequestMappingHandlerMapping : Mapped to co.ehealth.platform.core.tenant.OrganizationBrandingController#getModules()
2026-10-01T09:21:37.166+02:00 DEBUG 20356 --- [ulwembu-platform-api] [io-8081-exec-10] org.hibernate.SQL                        : select o1_0.id,o1_0.branding,o1_0.created_at,o1_0.display_name,o1_0.mail_settings,o1_0.profile,o1_0.schema_name,o1_0.sector,o1_0.slug,o1_0.sso_settings,o1_0.status,o1_0.tenant_code from control.organizations o1_0 where o1_0.schema_name=?
2026-10-01T09:21:37.166+02:00 DEBUG 20356 --- [ulwembu-platform-api] [nio-8081-exec-1] org.hibernate.SQL                        : select u1_0.id,u1_0.contact_number,u1_0.contact_verified_at,u1_0.date_of_birth,u1_0.department,u1_0.designation,u1_0.email,u1_0.email_verified_at,u1_0.emergency_contact_name,u1_0.emergency_contact_phone,u1_0.emergency_contact_relationship,u1_0.employee_number,u1_0.employment_end_date,u1_0.employment_start_date,u1_0.employment_type,u1_0.facility_id,u1_0.failed_login_count,u1_0.first_name,u1_0.gender,u1_0.hpcsa_expiry_date,u1_0.hpcsa_number,u1_0.id_number,u1_0.last_failed_login_at,u1_0.last_login_at,u1_0.last_name,u1_0.locked_at,u1_0.manager_id,u1_0.must_change_password,u1_0.password_hash,u1_0.profile_photo_url,u1_0.sanc_expiry_date,u1_0.sanc_number,u1_0.sapc_expiry_date,u1_0.sapc_number,u1_0.status,u1_0.token_version from users u1_0
2026-10-01T09:21:37.167+02:00 DEBUG 20356 --- [ulwembu-platform-api] [nio-8081-exec-6] org.hibernate.SQL                        : select o1_0.id,o1_0.branding,o1_0.created_at,o1_0.display_name,o1_0.mail_settings,o1_0.profile,o1_0.schema_name,o1_0.sector,o1_0.slug,o1_0.sso_settings,o1_0.status,o1_0.tenant_code from control.organizations o1_0 where o1_0.schema_name=?
2026-10-01T09:21:37.169+02:00 DEBUG 20356 --- [ulwembu-platform-api] [io-8081-exec-10] o.s.w.s.m.m.a.HttpEntityMethodProcessor  : Using 'application/json', given [*/*] and supported [application/json, application/*+json]
2026-10-01T09:21:37.170+02:00 DEBUG 20356 --- [ulwembu-platform-api] [io-8081-exec-10] o.s.w.s.m.m.a.HttpEntityMethodProcessor  : Writing [OrganizationSelfResponse[displayName=Demo Community Clinic, slug=demo-clinic, status=ACTIVE, sector= (truncated)...]
2026-10-01T09:21:37.170+02:00 DEBUG 20356 --- [ulwembu-platform-api] [nio-8081-exec-1] org.hibernate.SQL                        : select r.name from roles r, user_roles ur where ur.role_id = r.id and ur.user_id = ?
2026-10-01T09:21:37.170+02:00 DEBUG 20356 --- [ulwembu-platform-api] [nio-8081-exec-6] org.hibernate.SQL                        : select me1_0.id,me1_0.enabled,me1_0.module_code,me1_0.organization_id,me1_0.updated_at from control.module_entitlements me1_0 where me1_0.organization_id=?
2026-10-01T09:21:37.171+02:00 DEBUG 20356 --- [ulwembu-platform-api] [io-8081-exec-10] o.s.web.servlet.DispatcherServlet        : Completed 200 OK
2026-10-01T09:21:37.174+02:00 DEBUG 20356 --- [ulwembu-platform-api] [nio-8081-exec-1] org.hibernate.SQL                        : select r.name from roles r, user_roles ur where ur.role_id = r.id and ur.user_id = ?
2026-10-01T09:21:37.175+02:00 DEBUG 20356 --- [ulwembu-platform-api] [nio-8081-exec-6] o.s.w.s.m.m.a.HttpEntityMethodProcessor  : Using 'application/json', given [*/*] and supported [application/json, application/*+json]
2026-10-01T09:21:37.176+02:00 DEBUG 20356 --- [ulwembu-platform-api] [nio-8081-exec-6] o.s.w.s.m.m.a.HttpEntityMethodProcessor  : Writing [{items=[ModuleEntitlementView[code=SADM, displayName=Platform Administration & Tenant Lifecycle, pha (truncated)...]
2026-10-01T09:21:37.176+02:00 DEBUG 20356 --- [ulwembu-platform-api] [nio-8081-exec-1] org.hibernate.SQL                        : select r.name from roles r, user_roles ur where ur.role_id = r.id and ur.user_id = ?
2026-10-01T09:21:37.177+02:00 DEBUG 20356 --- [ulwembu-platform-api] [nio-8081-exec-6] o.s.web.servlet.DispatcherServlet        : Completed 200 OK
2026-10-01T09:21:37.179+02:00 DEBUG 20356 --- [ulwembu-platform-api] [nio-8081-exec-1] org.hibernate.SQL                        : select r.name from roles r, user_roles ur where ur.role_id = r.id and ur.user_id = ?
2026-10-01T09:21:37.181+02:00 DEBUG 20356 --- [ulwembu-platform-api] [nio-8081-exec-1] org.hibernate.SQL                        : select r.name from roles r, user_roles ur where ur.role_id = r.id and ur.user_id = ?
2026-10-01T09:21:37.184+02:00 DEBUG 20356 --- [ulwembu-platform-api] [nio-8081-exec-1] org.hibernate.SQL                        : select r.name from roles r, user_roles ur where ur.role_id = r.id and ur.user_id = ?
2026-10-01T09:21:37.187+02:00 DEBUG 20356 --- [ulwembu-platform-api] [nio-8081-exec-1] org.hibernate.SQL                        : select r.name from roles r, user_roles ur where ur.role_id = r.id and ur.user_id = ?
2026-10-01T09:21:37.190+02:00 DEBUG 20356 --- [ulwembu-platform-api] [nio-8081-exec-1] o.s.w.s.m.m.a.HttpEntityMethodProcessor  : Using 'application/json', given [*/*] and supported [application/json, application/*+json]
2026-10-01T09:21:37.191+02:00 DEBUG 20356 --- [ulwembu-platform-api] [nio-8081-exec-1] o.s.w.s.m.m.a.HttpEntityMethodProcessor  : Writing [{items=[StaffRosterEntry[id=b5f7b3c2-a88d-48bf-89e1-90139f9aec42, employeeNumber=EMP-1001, firstName (truncated)...]
2026-10-01T09:21:37.192+02:00 DEBUG 20356 --- [ulwembu-platform-api] [nio-8081-exec-1] o.s.web.servlet.DispatcherServlet        : Completed 200 OK
2026-10-01T09:21:40.702+02:00 DEBUG 20356 --- [ulwembu-platform-api] [nio-8081-exec-9] org.hibernate.SQL                        : select o1_0.id,o1_0.branding,o1_0.created_at,o1_0.display_name,o1_0.mail_settings,o1_0.profile,o1_0.schema_name,o1_0.sector,o1_0.slug,o1_0.sso_settings,o1_0.status,o1_0.tenant_code from control.organizations o1_0 where o1_0.slug=?
2026-10-01T09:21:40.702+02:00 DEBUG 20356 --- [ulwembu-platform-api] [nio-8081-exec-8] org.hibernate.SQL                        : select o1_0.id,o1_0.branding,o1_0.created_at,o1_0.display_name,o1_0.mail_settings,o1_0.profile,o1_0.schema_name,o1_0.sector,o1_0.slug,o1_0.sso_settings,o1_0.status,o1_0.tenant_code from control.organizations o1_0 where o1_0.slug=?
2026-10-01T09:21:40.715+02:00 DEBUG 20356 --- [ulwembu-platform-api] [nio-8081-exec-8] org.hibernate.SQL                        : select u1_0.id,u1_0.contact_number,u1_0.contact_verified_at,u1_0.date_of_birth,u1_0.department,u1_0.designation,u1_0.email,u1_0.email_verified_at,u1_0.emergency_contact_name,u1_0.emergency_contact_phone,u1_0.emergency_contact_relationship,u1_0.employee_number,u1_0.employment_end_date,u1_0.employment_start_date,u1_0.employment_type,u1_0.facility_id,u1_0.failed_login_count,u1_0.first_name,u1_0.gender,u1_0.hpcsa_expiry_date,u1_0.hpcsa_number,u1_0.id_number,u1_0.last_failed_login_at,u1_0.last_login_at,u1_0.last_name,u1_0.locked_at,u1_0.manager_id,u1_0.must_change_password,u1_0.password_hash,u1_0.profile_photo_url,u1_0.sanc_expiry_date,u1_0.sanc_number,u1_0.sapc_expiry_date,u1_0.sapc_number,u1_0.status,u1_0.token_version from users u1_0 where u1_0.id=?
2026-10-01T09:21:40.715+02:00 DEBUG 20356 --- [ulwembu-platform-api] [nio-8081-exec-9] org.hibernate.SQL                        : select u1_0.id,u1_0.contact_number,u1_0.contact_verified_at,u1_0.date_of_birth,u1_0.department,u1_0.designation,u1_0.email,u1_0.email_verified_at,u1_0.emergency_contact_name,u1_0.emergency_contact_phone,u1_0.emergency_contact_relationship,u1_0.employee_number,u1_0.employment_end_date,u1_0.employment_start_date,u1_0.employment_type,u1_0.facility_id,u1_0.failed_login_count,u1_0.first_name,u1_0.gender,u1_0.hpcsa_expiry_date,u1_0.hpcsa_number,u1_0.id_number,u1_0.last_failed_login_at,u1_0.last_login_at,u1_0.last_name,u1_0.locked_at,u1_0.manager_id,u1_0.must_change_password,u1_0.password_hash,u1_0.profile_photo_url,u1_0.sanc_expiry_date,u1_0.sanc_number,u1_0.sapc_expiry_date,u1_0.sapc_number,u1_0.status,u1_0.token_version from users u1_0 where u1_0.id=?
2026-10-01T09:21:40.719+02:00 DEBUG 20356 --- [ulwembu-platform-api] [nio-8081-exec-8] o.s.web.servlet.DispatcherServlet        : GET "/api/v1/prescriptions/dispensing-capabilities", parameters={}
2026-10-01T09:21:40.719+02:00 DEBUG 20356 --- [ulwembu-platform-api] [nio-8081-exec-8] s.w.s.m.m.a.RequestMappingHandlerMapping : Mapped to co.ehealth.platform.pharmacy.PrescriptionController#dispensingCapabilities(AuthenticatedPrincipal)
2026-10-01T09:21:40.719+02:00 DEBUG 20356 --- [ulwembu-platform-api] [nio-8081-exec-9] o.s.web.servlet.DispatcherServlet        : GET "/api/v1/facilities", parameters={}
2026-10-01T09:21:40.721+02:00 DEBUG 20356 --- [ulwembu-platform-api] [nio-8081-exec-9] s.w.s.m.m.a.RequestMappingHandlerMapping : Mapped to co.ehealth.platform.facility.FacilityController#list()
2026-10-01T09:21:40.725+02:00 DEBUG 20356 --- [ulwembu-platform-api] [nio-8081-exec-8] org.hibernate.SQL                        : SELECT DISTINCT p.code FROM permissions p
JOIN role_permissions rp ON rp.permission_id = p.id
JOIN roles r ON r.id = rp.role_id
WHERE r.name IN (?)

2026-10-01T09:21:40.725+02:00 DEBUG 20356 --- [ulwembu-platform-api] [nio-8081-exec-9] org.hibernate.SQL                        : select f1_0.id,f1_0.active,f1_0.address,f1_0.code,f1_0.daily_appointment_limit,f1_0.name,f1_0.operating_hours,f1_0.phone,f1_0.timezone,f1_0.type from facilities f1_0 where f1_0.active order by f1_0.name
2026-10-01T09:21:40.731+02:00 DEBUG 20356 --- [ulwembu-platform-api] [nio-8081-exec-9] m.m.a.RequestResponseBodyMethodProcessor : Using 'application/json', given [*/*] and supported [application/json, application/*+json]
2026-10-01T09:21:40.732+02:00 DEBUG 20356 --- [ulwembu-platform-api] [nio-8081-exec-9] m.m.a.RequestResponseBodyMethodProcessor : Writing [{items=[{id=a7ee88e2-3a54-4d1f-8c46-59075756ae12, name=Demo Main Clinic}, {id=aa7942b0-2bd2-4e25-95c (truncated)...]
2026-10-01T09:21:40.733+02:00 DEBUG 20356 --- [ulwembu-platform-api] [nio-8081-exec-9] o.s.web.servlet.DispatcherServlet        : Completed 200 OK
2026-10-01T09:21:40.734+02:00 DEBUG 20356 --- [ulwembu-platform-api] [nio-8081-exec-8] org.hibernate.SQL                        : select u1_0.id,u1_0.contact_number,u1_0.contact_verified_at,u1_0.date_of_birth,u1_0.department,u1_0.designation,u1_0.email,u1_0.email_verified_at,u1_0.emergency_contact_name,u1_0.emergency_contact_phone,u1_0.emergency_contact_relationship,u1_0.employee_number,u1_0.employment_end_date,u1_0.employment_start_date,u1_0.employment_type,u1_0.facility_id,u1_0.failed_login_count,u1_0.first_name,u1_0.gender,u1_0.hpcsa_expiry_date,u1_0.hpcsa_number,u1_0.id_number,u1_0.last_failed_login_at,u1_0.last_login_at,u1_0.last_name,u1_0.locked_at,u1_0.manager_id,u1_0.must_change_password,u1_0.password_hash,u1_0.profile_photo_url,u1_0.sanc_expiry_date,u1_0.sanc_number,u1_0.sapc_expiry_date,u1_0.sapc_number,u1_0.status,u1_0.token_version from users u1_0 where u1_0.id=?
2026-10-01T09:21:40.742+02:00 DEBUG 20356 --- [ulwembu-platform-api] [nio-8081-exec-8] org.hibernate.SQL                        : SELECT DISTINCT p.code FROM permissions p
JOIN role_permissions rp ON rp.permission_id = p.id
JOIN roles r ON r.id = rp.role_id
WHERE r.name IN (?)

2026-10-01T09:21:40.745+02:00 DEBUG 20356 --- [ulwembu-platform-api] [nio-8081-exec-8] o.s.w.s.m.m.a.HttpEntityMethodProcessor  : Using 'application/json', given [*/*] and supported [application/json, application/*+json]
2026-10-01T09:21:40.746+02:00 DEBUG 20356 --- [ulwembu-platform-api] [nio-8081-exec-8] o.s.w.s.m.m.a.HttpEntityMethodProcessor  : Writing [DispensingCapabilitiesResponse[canDispense=false, canPrescribe=false]]
2026-10-01T09:21:40.747+02:00 DEBUG 20356 --- [ulwembu-platform-api] [nio-8081-exec-8] o.s.web.servlet.DispatcherServlet        : Completed 200 OK
2026-10-01T09:21:40.761+02:00 DEBUG 20356 --- [ulwembu-platform-api] [nio-8081-exec-2] org.hibernate.SQL                        : select o1_0.id,o1_0.branding,o1_0.created_at,o1_0.display_name,o1_0.mail_settings,o1_0.profile,o1_0.schema_name,o1_0.sector,o1_0.slug,o1_0.sso_settings,o1_0.status,o1_0.tenant_code from control.organizations o1_0 where o1_0.slug=?
2026-10-01T09:21:40.769+02:00 DEBUG 20356 --- [ulwembu-platform-api] [nio-8081-exec-2] org.hibernate.SQL                        : select u1_0.id,u1_0.contact_number,u1_0.contact_verified_at,u1_0.date_of_birth,u1_0.department,u1_0.designation,u1_0.email,u1_0.email_verified_at,u1_0.emergency_contact_name,u1_0.emergency_contact_phone,u1_0.emergency_contact_relationship,u1_0.employee_number,u1_0.employment_end_date,u1_0.employment_start_date,u1_0.employment_type,u1_0.facility_id,u1_0.failed_login_count,u1_0.first_name,u1_0.gender,u1_0.hpcsa_expiry_date,u1_0.hpcsa_number,u1_0.id_number,u1_0.last_failed_login_at,u1_0.last_login_at,u1_0.last_name,u1_0.locked_at,u1_0.manager_id,u1_0.must_change_password,u1_0.password_hash,u1_0.profile_photo_url,u1_0.sanc_expiry_date,u1_0.sanc_number,u1_0.sapc_expiry_date,u1_0.sapc_number,u1_0.status,u1_0.token_version from users u1_0 where u1_0.id=?
2026-10-01T09:21:40.772+02:00 DEBUG 20356 --- [ulwembu-platform-api] [nio-8081-exec-2] o.s.web.servlet.DispatcherServlet        : GET "/api/v1/prescriptions/queue?facilityId=a7ee88e2-3a54-4d1f-8c46-59075756ae12", parameters={masked}
2026-10-01T09:21:40.773+02:00 DEBUG 20356 --- [ulwembu-platform-api] [nio-8081-exec-2] s.w.s.m.m.a.RequestMappingHandlerMapping : Mapped to co.ehealth.platform.pharmacy.PrescriptionController#queue(UUID)
2026-10-01T09:21:40.775+02:00 DEBUG 20356 --- [ulwembu-platform-api] [nio-8081-exec-2] org.hibernate.SQL                        : SELECT DISTINCT p.code FROM permissions p
JOIN role_permissions rp ON rp.permission_id = p.id
JOIN roles r ON r.id = rp.role_id
WHERE r.name IN (?)

2026-10-01T09:21:40.787+02:00 DEBUG 20356 --- [ulwembu-platform-api] [nio-8081-exec-2] org.hibernate.SQL                        : select p1_0.id,p1_0.consultation_id,p1_0.created_at,p1_0.facility_id,p1_0.patient_id,p1_0.prescriber_id,p1_0.serial_number,p1_0.status,p1_0.visit_id from prescriptions p1_0 where p1_0.facility_id=? and p1_0.status in (?,?) order by p1_0.created_at
2026-10-01T09:21:40.793+02:00 DEBUG 20356 --- [ulwembu-platform-api] [nio-8081-exec-2] o.s.w.s.m.m.a.HttpEntityMethodProcessor  : Using 'application/json', given [*/*] and supported [application/json, application/*+json]
2026-10-01T09:21:40.794+02:00 DEBUG 20356 --- [ulwembu-platform-api] [nio-8081-exec-2] o.s.w.s.m.m.a.HttpEntityMethodProcessor  : Writing [{items=[]}]
2026-10-01T09:21:40.795+02:00 DEBUG 20356 --- [ulwembu-platform-api] [nio-8081-exec-2] o.s.web.servlet.DispatcherServlet        : Completed 200 OK
2026-10-01T09:21:42.943+02:00 DEBUG 20356 --- [ulwembu-platform-api] [nio-8081-exec-7] org.hibernate.SQL                        : select o1_0.id,o1_0.branding,o1_0.created_at,o1_0.display_name,o1_0.mail_settings,o1_0.profile,o1_0.schema_name,o1_0.sector,o1_0.slug,o1_0.sso_settings,o1_0.status,o1_0.tenant_code from control.organizations o1_0 where o1_0.slug=?
2026-10-01T09:21:42.958+02:00 DEBUG 20356 --- [ulwembu-platform-api] [nio-8081-exec-6] org.hibernate.SQL                        : select o1_0.id,o1_0.branding,o1_0.created_at,o1_0.display_name,o1_0.mail_settings,o1_0.profile,o1_0.schema_name,o1_0.sector,o1_0.slug,o1_0.sso_settings,o1_0.status,o1_0.tenant_code from control.organizations o1_0 where o1_0.slug=?
2026-10-01T09:21:42.964+02:00 DEBUG 20356 --- [ulwembu-platform-api] [nio-8081-exec-7] org.hibernate.SQL                        : select u1_0.id,u1_0.contact_number,u1_0.contact_verified_at,u1_0.date_of_birth,u1_0.department,u1_0.designation,u1_0.email,u1_0.email_verified_at,u1_0.emergency_contact_name,u1_0.emergency_contact_phone,u1_0.emergency_contact_relationship,u1_0.employee_number,u1_0.employment_end_date,u1_0.employment_start_date,u1_0.employment_type,u1_0.facility_id,u1_0.failed_login_count,u1_0.first_name,u1_0.gender,u1_0.hpcsa_expiry_date,u1_0.hpcsa_number,u1_0.id_number,u1_0.last_failed_login_at,u1_0.last_login_at,u1_0.last_name,u1_0.locked_at,u1_0.manager_id,u1_0.must_change_password,u1_0.password_hash,u1_0.profile_photo_url,u1_0.sanc_expiry_date,u1_0.sanc_number,u1_0.sapc_expiry_date,u1_0.sapc_number,u1_0.status,u1_0.token_version from users u1_0 where u1_0.id=?
2026-10-01T09:21:42.967+02:00 DEBUG 20356 --- [ulwembu-platform-api] [nio-8081-exec-6] org.hibernate.SQL                        : select u1_0.id,u1_0.contact_number,u1_0.contact_verified_at,u1_0.date_of_birth,u1_0.department,u1_0.designation,u1_0.email,u1_0.email_verified_at,u1_0.emergency_contact_name,u1_0.emergency_contact_phone,u1_0.emergency_contact_relationship,u1_0.employee_number,u1_0.employment_end_date,u1_0.employment_start_date,u1_0.employment_type,u1_0.facility_id,u1_0.failed_login_count,u1_0.first_name,u1_0.gender,u1_0.hpcsa_expiry_date,u1_0.hpcsa_number,u1_0.id_number,u1_0.last_failed_login_at,u1_0.last_login_at,u1_0.last_name,u1_0.locked_at,u1_0.manager_id,u1_0.must_change_password,u1_0.password_hash,u1_0.profile_photo_url,u1_0.sanc_expiry_date,u1_0.sanc_number,u1_0.sapc_expiry_date,u1_0.sapc_number,u1_0.status,u1_0.token_version from users u1_0 where u1_0.id=?
2026-10-01T09:21:42.968+02:00 DEBUG 20356 --- [ulwembu-platform-api] [nio-8081-exec-7] o.s.web.servlet.DispatcherServlet        : GET "/api/v1/facilities", parameters={}
2026-10-01T09:21:42.969+02:00 DEBUG 20356 --- [ulwembu-platform-api] [nio-8081-exec-7] s.w.s.m.m.a.RequestMappingHandlerMapping : Mapped to co.ehealth.platform.facility.FacilityController#list()
2026-10-01T09:21:42.970+02:00 DEBUG 20356 --- [ulwembu-platform-api] [nio-8081-exec-6] o.s.web.servlet.DispatcherServlet        : GET "/api/v1/queue?facilityId=a7ee88e2-3a54-4d1f-8c46-59075756ae12&status=ISSUED&status=CALLED&status=MISSED&date=2026-10-01&page=0&pageSize=25", parameters={masked}
2026-10-01T09:21:42.971+02:00 DEBUG 20356 --- [ulwembu-platform-api] [nio-8081-exec-6] s.w.s.m.m.a.RequestMappingHandlerMapping : Mapped to co.ehealth.platform.visit.QueueController#list(UUID, String, Set, TokenPriority, LocalDate, int, int)
2026-10-01T09:21:42.972+02:00 DEBUG 20356 --- [ulwembu-platform-api] [nio-8081-exec-7] org.hibernate.SQL                        : select f1_0.id,f1_0.active,f1_0.address,f1_0.code,f1_0.daily_appointment_limit,f1_0.name,f1_0.operating_hours,f1_0.phone,f1_0.timezone,f1_0.type from facilities f1_0 where f1_0.active order by f1_0.name
2026-10-01T09:21:42.974+02:00 DEBUG 20356 --- [ulwembu-platform-api] [nio-8081-exec-6] org.hibernate.SQL                        : SELECT DISTINCT p.code FROM permissions p
JOIN role_permissions rp ON rp.permission_id = p.id
JOIN roles r ON r.id = rp.role_id
WHERE r.name IN (?)

2026-10-01T09:21:42.976+02:00 DEBUG 20356 --- [ulwembu-platform-api] [nio-8081-exec-7] m.m.a.RequestResponseBodyMethodProcessor : Using 'application/json', given [*/*] and supported [application/json, application/*+json]
2026-10-01T09:21:42.978+02:00 DEBUG 20356 --- [ulwembu-platform-api] [nio-8081-exec-7] m.m.a.RequestResponseBodyMethodProcessor : Writing [{items=[{id=a7ee88e2-3a54-4d1f-8c46-59075756ae12, name=Demo Main Clinic}, {id=aa7942b0-2bd2-4e25-95c (truncated)...]
2026-10-01T09:21:42.980+02:00 DEBUG 20356 --- [ulwembu-platform-api] [nio-8081-exec-7] o.s.web.servlet.DispatcherServlet        : Completed 200 OK
2026-10-01T09:21:42.989+02:00 DEBUG 20356 --- [ulwembu-platform-api] [nio-8081-exec-6] org.hibernate.SQL                        : select f1_0.id,f1_0.active,f1_0.address,f1_0.code,f1_0.daily_appointment_limit,f1_0.name,f1_0.operating_hours,f1_0.phone,f1_0.timezone,f1_0.type from facilities f1_0 where f1_0.id=?
2026-10-01T09:21:42.995+02:00 DEBUG 20356 --- [ulwembu-platform-api] [nio-8081-exec-6] org.hibernate.SQL                        : select qt1_0.id,qt1_0.called_at,qt1_0.cancel_reason,qt1_0.cancelled_at,qt1_0.cancelled_by_user_id,qt1_0.completed_at,qt1_0.facility_id,qt1_0.issued_at,qt1_0.issued_by_user_id,qt1_0.is_manual,qt1_0.missed_at,qt1_0.priority,qt1_0.status,qt1_0.token_number,qt1_0.visit_id from queue_tokens qt1_0 where qt1_0.facility_id=? and qt1_0.issued_at>=? and qt1_0.issued_at<? order by case qt1_0.status when 'CALLED' then 0 when 'ISSUED' then 1 else 2 end,case when qt1_0.priority='PRIORITY' then 0 else 1 end,qt1_0.issued_at
2026-10-01T09:21:42.999+02:00 DEBUG 20356 --- [ulwembu-platform-api] [nio-8081-exec-6] o.s.w.s.m.m.a.HttpEntityMethodProcessor  : Using 'application/json', given [*/*] and supported [application/json, application/*+json]
2026-10-01T09:21:42.999+02:00 DEBUG 20356 --- [ulwembu-platform-api] [nio-8081-exec-6] o.s.w.s.m.m.a.HttpEntityMethodProcessor  : Writing [{date=2026-10-01, pageSize=25, totalPages=0, page=0, items=[], totalElements=0}]
2026-10-01T09:21:43.001+02:00 DEBUG 20356 --- [ulwembu-platform-api] [nio-8081-exec-6] o.s.web.servlet.DispatcherServlet        : Completed 200 OK
2026-10-01T09:21:46.129+02:00 DEBUG 20356 --- [ulwembu-platform-api] [nio-8081-exec-9] org.hibernate.SQL                        : select o1_0.id,o1_0.branding,o1_0.created_at,o1_0.display_name,o1_0.mail_settings,o1_0.profile,o1_0.schema_name,o1_0.sector,o1_0.slug,o1_0.sso_settings,o1_0.status,o1_0.tenant_code from control.organizations o1_0 where o1_0.slug=?
2026-10-01T09:21:46.129+02:00 DEBUG 20356 --- [ulwembu-platform-api] [nio-8081-exec-8] org.hibernate.SQL                        : select o1_0.id,o1_0.branding,o1_0.created_at,o1_0.display_name,o1_0.mail_settings,o1_0.profile,o1_0.schema_name,o1_0.sector,o1_0.slug,o1_0.sso_settings,o1_0.status,o1_0.tenant_code from control.organizations o1_0 where o1_0.slug=?
2026-10-01T09:21:46.134+02:00 DEBUG 20356 --- [ulwembu-platform-api] [nio-8081-exec-3] org.hibernate.SQL                        : select o1_0.id,o1_0.branding,o1_0.created_at,o1_0.display_name,o1_0.mail_settings,o1_0.profile,o1_0.schema_name,o1_0.sector,o1_0.slug,o1_0.sso_settings,o1_0.status,o1_0.tenant_code from control.organizations o1_0 where o1_0.slug=?
2026-10-01T09:21:46.137+02:00 DEBUG 20356 --- [ulwembu-platform-api] [nio-8081-exec-8] org.hibernate.SQL                        : select u1_0.id,u1_0.contact_number,u1_0.contact_verified_at,u1_0.date_of_birth,u1_0.department,u1_0.designation,u1_0.email,u1_0.email_verified_at,u1_0.emergency_contact_name,u1_0.emergency_contact_phone,u1_0.emergency_contact_relationship,u1_0.employee_number,u1_0.employment_end_date,u1_0.employment_start_date,u1_0.employment_type,u1_0.facility_id,u1_0.failed_login_count,u1_0.first_name,u1_0.gender,u1_0.hpcsa_expiry_date,u1_0.hpcsa_number,u1_0.id_number,u1_0.last_failed_login_at,u1_0.last_login_at,u1_0.last_name,u1_0.locked_at,u1_0.manager_id,u1_0.must_change_password,u1_0.password_hash,u1_0.profile_photo_url,u1_0.sanc_expiry_date,u1_0.sanc_number,u1_0.sapc_expiry_date,u1_0.sapc_number,u1_0.status,u1_0.token_version from users u1_0 where u1_0.id=?
2026-10-01T09:21:46.137+02:00 DEBUG 20356 --- [ulwembu-platform-api] [nio-8081-exec-9] org.hibernate.SQL                        : select u1_0.id,u1_0.contact_number,u1_0.contact_verified_at,u1_0.date_of_birth,u1_0.department,u1_0.designation,u1_0.email,u1_0.email_verified_at,u1_0.emergency_contact_name,u1_0.emergency_contact_phone,u1_0.emergency_contact_relationship,u1_0.employee_number,u1_0.employment_end_date,u1_0.employment_start_date,u1_0.employment_type,u1_0.facility_id,u1_0.failed_login_count,u1_0.first_name,u1_0.gender,u1_0.hpcsa_expiry_date,u1_0.hpcsa_number,u1_0.id_number,u1_0.last_failed_login_at,u1_0.last_login_at,u1_0.last_name,u1_0.locked_at,u1_0.manager_id,u1_0.must_change_password,u1_0.password_hash,u1_0.profile_photo_url,u1_0.sanc_expiry_date,u1_0.sanc_number,u1_0.sapc_expiry_date,u1_0.sapc_number,u1_0.status,u1_0.token_version from users u1_0 where u1_0.id=?
2026-10-01T09:21:46.138+02:00 DEBUG 20356 --- [ulwembu-platform-api] [nio-8081-exec-3] org.hibernate.SQL                        : select u1_0.id,u1_0.contact_number,u1_0.contact_verified_at,u1_0.date_of_birth,u1_0.department,u1_0.designation,u1_0.email,u1_0.email_verified_at,u1_0.emergency_contact_name,u1_0.emergency_contact_phone,u1_0.emergency_contact_relationship,u1_0.employee_number,u1_0.employment_end_date,u1_0.employment_start_date,u1_0.employment_type,u1_0.facility_id,u1_0.failed_login_count,u1_0.first_name,u1_0.gender,u1_0.hpcsa_expiry_date,u1_0.hpcsa_number,u1_0.id_number,u1_0.last_failed_login_at,u1_0.last_login_at,u1_0.last_name,u1_0.locked_at,u1_0.manager_id,u1_0.must_change_password,u1_0.password_hash,u1_0.profile_photo_url,u1_0.sanc_expiry_date,u1_0.sanc_number,u1_0.sapc_expiry_date,u1_0.sapc_number,u1_0.status,u1_0.token_version from users u1_0 where u1_0.id=?
2026-10-01T09:21:46.141+02:00 DEBUG 20356 --- [ulwembu-platform-api] [nio-8081-exec-3] o.s.web.servlet.DispatcherServlet        : GET "/api/v1/prescriptions/queue?facilityId=a7ee88e2-3a54-4d1f-8c46-59075756ae12", parameters={masked}
2026-10-01T09:21:46.141+02:00 DEBUG 20356 --- [ulwembu-platform-api] [nio-8081-exec-8] o.s.web.servlet.DispatcherServlet        : GET "/api/v1/prescriptions/dispensing-capabilities", parameters={}
2026-10-01T09:21:46.142+02:00 DEBUG 20356 --- [ulwembu-platform-api] [nio-8081-exec-9] o.s.web.servlet.DispatcherServlet        : GET "/api/v1/facilities", parameters={}
2026-10-01T09:21:46.143+02:00 DEBUG 20356 --- [ulwembu-platform-api] [nio-8081-exec-3] s.w.s.m.m.a.RequestMappingHandlerMapping : Mapped to co.ehealth.platform.pharmacy.PrescriptionController#queue(UUID)
2026-10-01T09:21:46.143+02:00 DEBUG 20356 --- [ulwembu-platform-api] [nio-8081-exec-8] s.w.s.m.m.a.RequestMappingHandlerMapping : Mapped to co.ehealth.platform.pharmacy.PrescriptionController#dispensingCapabilities(AuthenticatedPrincipal)
2026-10-01T09:21:46.143+02:00 DEBUG 20356 --- [ulwembu-platform-api] [nio-8081-exec-9] s.w.s.m.m.a.RequestMappingHandlerMapping : Mapped to co.ehealth.platform.facility.FacilityController#list()
2026-10-01T09:21:46.145+02:00 DEBUG 20356 --- [ulwembu-platform-api] [nio-8081-exec-8] org.hibernate.SQL                        : SELECT DISTINCT p.code FROM permissions p
JOIN role_permissions rp ON rp.permission_id = p.id
JOIN roles r ON r.id = rp.role_id
WHERE r.name IN (?)

2026-10-01T09:21:46.145+02:00 DEBUG 20356 --- [ulwembu-platform-api] [nio-8081-exec-3] org.hibernate.SQL                        : SELECT DISTINCT p.code FROM permissions p
JOIN role_permissions rp ON rp.permission_id = p.id
JOIN roles r ON r.id = rp.role_id
WHERE r.name IN (?)

2026-10-01T09:21:46.147+02:00 DEBUG 20356 --- [ulwembu-platform-api] [nio-8081-exec-9] org.hibernate.SQL                        : select f1_0.id,f1_0.active,f1_0.address,f1_0.code,f1_0.daily_appointment_limit,f1_0.name,f1_0.operating_hours,f1_0.phone,f1_0.timezone,f1_0.type from facilities f1_0 where f1_0.active order by f1_0.name
2026-10-01T09:21:46.149+02:00 DEBUG 20356 --- [ulwembu-platform-api] [nio-8081-exec-9] m.m.a.RequestResponseBodyMethodProcessor : Using 'application/json', given [*/*] and supported [application/json, application/*+json]
2026-10-01T09:21:46.149+02:00 DEBUG 20356 --- [ulwembu-platform-api] [nio-8081-exec-8] org.hibernate.SQL                        : select u1_0.id,u1_0.contact_number,u1_0.contact_verified_at,u1_0.date_of_birth,u1_0.department,u1_0.designation,u1_0.email,u1_0.email_verified_at,u1_0.emergency_contact_name,u1_0.emergency_contact_phone,u1_0.emergency_contact_relationship,u1_0.employee_number,u1_0.employment_end_date,u1_0.employment_start_date,u1_0.employment_type,u1_0.facility_id,u1_0.failed_login_count,u1_0.first_name,u1_0.gender,u1_0.hpcsa_expiry_date,u1_0.hpcsa_number,u1_0.id_number,u1_0.last_failed_login_at,u1_0.last_login_at,u1_0.last_name,u1_0.locked_at,u1_0.manager_id,u1_0.must_change_password,u1_0.password_hash,u1_0.profile_photo_url,u1_0.sanc_expiry_date,u1_0.sanc_number,u1_0.sapc_expiry_date,u1_0.sapc_number,u1_0.status,u1_0.token_version from users u1_0 where u1_0.id=?
2026-10-01T09:21:46.149+02:00 DEBUG 20356 --- [ulwembu-platform-api] [nio-8081-exec-9] m.m.a.RequestResponseBodyMethodProcessor : Writing [{items=[{id=a7ee88e2-3a54-4d1f-8c46-59075756ae12, name=Demo Main Clinic}, {id=aa7942b0-2bd2-4e25-95c (truncated)...]
2026-10-01T09:21:46.150+02:00 DEBUG 20356 --- [ulwembu-platform-api] [nio-8081-exec-3] org.hibernate.SQL                        : select p1_0.id,p1_0.consultation_id,p1_0.created_at,p1_0.facility_id,p1_0.patient_id,p1_0.prescriber_id,p1_0.serial_number,p1_0.status,p1_0.visit_id from prescriptions p1_0 where p1_0.facility_id=? and p1_0.status in (?,?) order by p1_0.created_at
2026-10-01T09:21:46.152+02:00 DEBUG 20356 --- [ulwembu-platform-api] [nio-8081-exec-9] o.s.web.servlet.DispatcherServlet        : Completed 200 OK
2026-10-01T09:21:46.154+02:00 DEBUG 20356 --- [ulwembu-platform-api] [nio-8081-exec-8] org.hibernate.SQL                        : SELECT DISTINCT p.code FROM permissions p
JOIN role_permissions rp ON rp.permission_id = p.id
JOIN roles r ON r.id = rp.role_id
WHERE r.name IN (?)

2026-10-01T09:21:46.154+02:00 DEBUG 20356 --- [ulwembu-platform-api] [nio-8081-exec-3] o.s.w.s.m.m.a.HttpEntityMethodProcessor  : Using 'application/json', given [*/*] and supported [application/json, application/*+json]
2026-10-01T09:21:46.155+02:00 DEBUG 20356 --- [ulwembu-platform-api] [nio-8081-exec-3] o.s.w.s.m.m.a.HttpEntityMethodProcessor  : Writing [{items=[]}]
2026-10-01T09:21:46.156+02:00 DEBUG 20356 --- [ulwembu-platform-api] [nio-8081-exec-3] o.s.web.servlet.DispatcherServlet        : Completed 200 OK
2026-10-01T09:21:46.158+02:00 DEBUG 20356 --- [ulwembu-platform-api] [nio-8081-exec-8] o.s.w.s.m.m.a.HttpEntityMethodProcessor  : Using 'application/json', given [*/*] and supported [application/json, application/*+json]
2026-10-01T09:21:46.159+02:00 DEBUG 20356 --- [ulwembu-platform-api] [nio-8081-exec-8] o.s.w.s.m.m.a.HttpEntityMethodProcessor  : Writing [DispensingCapabilitiesResponse[canDispense=false, canPrescribe=false]]
2026-10-01T09:21:46.160+02:00 DEBUG 20356 --- [ulwembu-platform-api] [nio-8081-exec-8] o.s.web.servlet.DispatcherServlet        : Completed 200 OK
2026-10-01T09:21:47.640+02:00 DEBUG 20356 --- [ulwembu-platform-api] [nio-8081-exec-2] org.hibernate.SQL                        : select o1_0.id,o1_0.branding,o1_0.created_at,o1_0.display_name,o1_0.mail_settings,o1_0.profile,o1_0.schema_name,o1_0.sector,o1_0.slug,o1_0.sso_settings,o1_0.status,o1_0.tenant_code from control.organizations o1_0 where o1_0.slug=?
2026-10-01T09:21:47.650+02:00 DEBUG 20356 --- [ulwembu-platform-api] [nio-8081-exec-2] org.hibernate.SQL                        : select u1_0.id,u1_0.contact_number,u1_0.contact_verified_at,u1_0.date_of_birth,u1_0.department,u1_0.designation,u1_0.email,u1_0.email_verified_at,u1_0.emergency_contact_name,u1_0.emergency_contact_phone,u1_0.emergency_contact_relationship,u1_0.employee_number,u1_0.employment_end_date,u1_0.employment_start_date,u1_0.employment_type,u1_0.facility_id,u1_0.failed_login_count,u1_0.first_name,u1_0.gender,u1_0.hpcsa_expiry_date,u1_0.hpcsa_number,u1_0.id_number,u1_0.last_failed_login_at,u1_0.last_login_at,u1_0.last_name,u1_0.locked_at,u1_0.manager_id,u1_0.must_change_password,u1_0.password_hash,u1_0.profile_photo_url,u1_0.sanc_expiry_date,u1_0.sanc_number,u1_0.sapc_expiry_date,u1_0.sapc_number,u1_0.status,u1_0.token_version from users u1_0 where u1_0.id=?
2026-10-01T09:21:47.656+02:00 DEBUG 20356 --- [ulwembu-platform-api] [nio-8081-exec-2] o.s.web.servlet.DispatcherServlet        : GET "/api/v1/facilities", parameters={}
2026-10-01T09:21:47.657+02:00 DEBUG 20356 --- [ulwembu-platform-api] [nio-8081-exec-2] s.w.s.m.m.a.RequestMappingHandlerMapping : Mapped to co.ehealth.platform.facility.FacilityController#list()
2026-10-01T09:21:47.659+02:00 DEBUG 20356 --- [ulwembu-platform-api] [nio-8081-exec-6] org.hibernate.SQL                        : select o1_0.id,o1_0.branding,o1_0.created_at,o1_0.display_name,o1_0.mail_settings,o1_0.profile,o1_0.schema_name,o1_0.sector,o1_0.slug,o1_0.sso_settings,o1_0.status,o1_0.tenant_code from control.organizations o1_0 where o1_0.slug=?
2026-10-01T09:21:47.660+02:00 DEBUG 20356 --- [ulwembu-platform-api] [nio-8081-exec-4] org.hibernate.SQL                        : select o1_0.id,o1_0.branding,o1_0.created_at,o1_0.display_name,o1_0.mail_settings,o1_0.profile,o1_0.schema_name,o1_0.sector,o1_0.slug,o1_0.sso_settings,o1_0.status,o1_0.tenant_code from control.organizations o1_0 where o1_0.slug=?
2026-10-01T09:21:47.660+02:00 DEBUG 20356 --- [ulwembu-platform-api] [nio-8081-exec-2] org.hibernate.SQL                        : select f1_0.id,f1_0.active,f1_0.address,f1_0.code,f1_0.daily_appointment_limit,f1_0.name,f1_0.operating_hours,f1_0.phone,f1_0.timezone,f1_0.type from facilities f1_0 where f1_0.active order by f1_0.name
2026-10-01T09:21:47.664+02:00 DEBUG 20356 --- [ulwembu-platform-api] [nio-8081-exec-2] m.m.a.RequestResponseBodyMethodProcessor : Using 'application/json', given [*/*] and supported [application/json, application/*+json]
2026-10-01T09:21:47.666+02:00 DEBUG 20356 --- [ulwembu-platform-api] [nio-8081-exec-2] m.m.a.RequestResponseBodyMethodProcessor : Writing [{items=[{id=a7ee88e2-3a54-4d1f-8c46-59075756ae12, name=Demo Main Clinic}, {id=aa7942b0-2bd2-4e25-95c (truncated)...]
2026-10-01T09:21:47.668+02:00 DEBUG 20356 --- [ulwembu-platform-api] [nio-8081-exec-4] org.hibernate.SQL                        : select u1_0.id,u1_0.contact_number,u1_0.contact_verified_at,u1_0.date_of_birth,u1_0.department,u1_0.designation,u1_0.email,u1_0.email_verified_at,u1_0.emergency_contact_name,u1_0.emergency_contact_phone,u1_0.emergency_contact_relationship,u1_0.employee_number,u1_0.employment_end_date,u1_0.employment_start_date,u1_0.employment_type,u1_0.facility_id,u1_0.failed_login_count,u1_0.first_name,u1_0.gender,u1_0.hpcsa_expiry_date,u1_0.hpcsa_number,u1_0.id_number,u1_0.last_failed_login_at,u1_0.last_login_at,u1_0.last_name,u1_0.locked_at,u1_0.manager_id,u1_0.must_change_password,u1_0.password_hash,u1_0.profile_photo_url,u1_0.sanc_expiry_date,u1_0.sanc_number,u1_0.sapc_expiry_date,u1_0.sapc_number,u1_0.status,u1_0.token_version from users u1_0 where u1_0.id=?
2026-10-01T09:21:47.668+02:00 DEBUG 20356 --- [ulwembu-platform-api] [nio-8081-exec-2] o.s.web.servlet.DispatcherServlet        : Completed 200 OK
2026-10-01T09:21:47.668+02:00 DEBUG 20356 --- [ulwembu-platform-api] [nio-8081-exec-6] org.hibernate.SQL                        : select u1_0.id,u1_0.contact_number,u1_0.contact_verified_at,u1_0.date_of_birth,u1_0.department,u1_0.designation,u1_0.email,u1_0.email_verified_at,u1_0.emergency_contact_name,u1_0.emergency_contact_phone,u1_0.emergency_contact_relationship,u1_0.employee_number,u1_0.employment_end_date,u1_0.employment_start_date,u1_0.employment_type,u1_0.facility_id,u1_0.failed_login_count,u1_0.first_name,u1_0.gender,u1_0.hpcsa_expiry_date,u1_0.hpcsa_number,u1_0.id_number,u1_0.last_failed_login_at,u1_0.last_login_at,u1_0.last_name,u1_0.locked_at,u1_0.manager_id,u1_0.must_change_password,u1_0.password_hash,u1_0.profile_photo_url,u1_0.sanc_expiry_date,u1_0.sanc_number,u1_0.sapc_expiry_date,u1_0.sapc_number,u1_0.status,u1_0.token_version from users u1_0 where u1_0.id=?
2026-10-01T09:21:47.671+02:00 DEBUG 20356 --- [ulwembu-platform-api] [nio-8081-exec-4] o.s.web.servlet.DispatcherServlet        : GET "/api/v1/pharmacy/stock/alerts?facilityId=a7ee88e2-3a54-4d1f-8c46-59075756ae12", parameters={masked}
2026-10-01T09:21:47.674+02:00 DEBUG 20356 --- [ulwembu-platform-api] [nio-8081-exec-4] s.w.s.m.m.a.RequestMappingHandlerMapping : Mapped to co.ehealth.platform.pharmacy.stock.PharmacyStockControlController#alerts(UUID)
2026-10-01T09:21:47.673+02:00 DEBUG 20356 --- [ulwembu-platform-api] [nio-8081-exec-6] o.s.web.servlet.DispatcherServlet        : GET "/api/v1/pharmacy/stock?facilityId=a7ee88e2-3a54-4d1f-8c46-59075756ae12", parameters={masked}
2026-10-01T09:21:47.675+02:00 DEBUG 20356 --- [ulwembu-platform-api] [nio-8081-exec-6] s.w.s.m.m.a.RequestMappingHandlerMapping : Mapped to co.ehealth.platform.pharmacy.stock.PharmacyStockController#listStock(UUID)
2026-10-01T09:21:47.676+02:00 DEBUG 20356 --- [ulwembu-platform-api] [nio-8081-exec-4] org.hibernate.SQL                        : SELECT DISTINCT p.code FROM permissions p
JOIN role_permissions rp ON rp.permission_id = p.id
JOIN roles r ON r.id = rp.role_id
WHERE r.name IN (?)

2026-10-01T09:21:47.676+02:00 DEBUG 20356 --- [ulwembu-platform-api] [nio-8081-exec-6] org.hibernate.SQL                        : SELECT DISTINCT p.code FROM permissions p
JOIN role_permissions rp ON rp.permission_id = p.id
JOIN roles r ON r.id = rp.role_id
WHERE r.name IN (?)

2026-10-01T09:21:47.683+02:00 DEBUG 20356 --- [ulwembu-platform-api] [nio-8081-exec-6] org.hibernate.SQL                        : select psa1_0.id,psa1_0.batch_id,psa1_0.bucket,psa1_0.location_id,psa1_0.product_id,psa1_0.quantity from pharmacy_stock_accounts psa1_0,pharmacy_stock_locations psl1_0 where psa1_0.location_id=psl1_0.id and psl1_0.facility_id=? and psa1_0.quantity>0 and psa1_0.bucket='AVAILABLE'
2026-10-01T09:21:47.689+02:00 DEBUG 20356 --- [ulwembu-platform-api] [nio-8081-exec-4] org.hibernate.SQL                        : select psa1_0.id,psa1_0.batch_id,psa1_0.bucket,psa1_0.location_id,psa1_0.product_id,psa1_0.quantity from pharmacy_stock_accounts psa1_0,pharmacy_stock_locations psl1_0 where psa1_0.location_id=psl1_0.id and psl1_0.facility_id=? and psa1_0.quantity>0 and psa1_0.bucket='AVAILABLE'
2026-10-01T09:21:47.689+02:00 DEBUG 20356 --- [ulwembu-platform-api] [nio-8081-exec-6] org.hibernate.SQL                        : select pfp1_0.id,pfp1_0.active,pfp1_0.created_at,pfp1_0.facility_id,pfp1_0.product_id,pfp1_0.reorder_threshold,pfp1_0.target_quantity from pharmacy_facility_products pfp1_0 where pfp1_0.facility_id=? and pfp1_0.active
2026-10-01T09:21:47.696+02:00 DEBUG 20356 --- [ulwembu-platform-api] [nio-8081-exec-4] org.hibernate.SQL                        : select pfp1_0.id,pfp1_0.active,pfp1_0.created_at,pfp1_0.facility_id,pfp1_0.product_id,pfp1_0.reorder_threshold,pfp1_0.target_quantity from pharmacy_facility_products pfp1_0 where pfp1_0.facility_id=? and pfp1_0.active
2026-10-01T09:21:47.696+02:00 DEBUG 20356 --- [ulwembu-platform-api] [nio-8081-exec-6] org.hibernate.SQL                        : select pp1_0.id,pp1_0.active,pp1_0.barcode,pp1_0.base_unit,pp1_0.batch_tracked,pp1_0.category,pp1_0.code,pp1_0.created_at,pp1_0.created_by,pp1_0.created_by_name,pp1_0.display_name,pp1_0.dosage_form,pp1_0.expiry_tracked,pp1_0.generic_name,pp1_0.manufacturer,pp1_0.pack_size,pp1_0.storage_instructions,pp1_0.strength,pp1_0.updated_at,pp1_0.updated_by,pp1_0.updated_by_name,pp1_0.version from pharmacy_products pp1_0 where pp1_0.id=?
2026-10-01T09:21:47.698+02:00 DEBUG 20356 --- [ulwembu-platform-api] [nio-8081-exec-4] org.hibernate.SQL                        : select pp1_0.id,pp1_0.active,pp1_0.barcode,pp1_0.base_unit,pp1_0.batch_tracked,pp1_0.category,pp1_0.code,pp1_0.created_at,pp1_0.created_by,pp1_0.created_by_name,pp1_0.display_name,pp1_0.dosage_form,pp1_0.expiry_tracked,pp1_0.generic_name,pp1_0.manufacturer,pp1_0.pack_size,pp1_0.storage_instructions,pp1_0.strength,pp1_0.updated_at,pp1_0.updated_by,pp1_0.updated_by_name,pp1_0.version from pharmacy_products pp1_0 where pp1_0.id=?
2026-10-01T09:21:47.699+02:00 DEBUG 20356 --- [ulwembu-platform-api] [nio-8081-exec-6] org.hibernate.SQL                        : select pp1_0.id,pp1_0.active,pp1_0.barcode,pp1_0.base_unit,pp1_0.batch_tracked,pp1_0.category,pp1_0.code,pp1_0.created_at,pp1_0.created_by,pp1_0.created_by_name,pp1_0.display_name,pp1_0.dosage_form,pp1_0.expiry_tracked,pp1_0.generic_name,pp1_0.manufacturer,pp1_0.pack_size,pp1_0.storage_instructions,pp1_0.strength,pp1_0.updated_at,pp1_0.updated_by,pp1_0.updated_by_name,pp1_0.version from pharmacy_products pp1_0 where pp1_0.id=?
2026-10-01T09:21:47.702+02:00 DEBUG 20356 --- [ulwembu-platform-api] [nio-8081-exec-4] org.hibernate.SQL                        : select pp1_0.id,pp1_0.active,pp1_0.barcode,pp1_0.base_unit,pp1_0.batch_tracked,pp1_0.category,pp1_0.code,pp1_0.created_at,pp1_0.created_by,pp1_0.created_by_name,pp1_0.display_name,pp1_0.dosage_form,pp1_0.expiry_tracked,pp1_0.generic_name,pp1_0.manufacturer,pp1_0.pack_size,pp1_0.storage_instructions,pp1_0.strength,pp1_0.updated_at,pp1_0.updated_by,pp1_0.updated_by_name,pp1_0.version from pharmacy_products pp1_0 where pp1_0.id=?
2026-10-01T09:21:47.703+02:00 DEBUG 20356 --- [ulwembu-platform-api] [nio-8081-exec-6] o.s.w.s.m.m.a.HttpEntityMethodProcessor  : Using 'application/json', given [*/*] and supported [application/json, application/*+json]
2026-10-01T09:21:47.704+02:00 DEBUG 20356 --- [ulwembu-platform-api] [nio-8081-exec-6] o.s.w.s.m.m.a.HttpEntityMethodProcessor  : Writing [{items=[StockRow[productId=50871aa0-c2ff-4090-8784-94401ccb7ac6, code=PARA, displayName=ethnol, base (truncated)...]
2026-10-01T09:21:47.704+02:00 DEBUG 20356 --- [ulwembu-platform-api] [nio-8081-exec-4] m.m.a.RequestResponseBodyMethodProcessor : Using 'application/json', given [*/*] and supported [application/json, application/*+json]
2026-10-01T09:21:47.705+02:00 DEBUG 20356 --- [ulwembu-platform-api] [nio-8081-exec-4] m.m.a.RequestResponseBodyMethodProcessor : Writing [{items=[]}]
2026-10-01T09:21:47.707+02:00 DEBUG 20356 --- [ulwembu-platform-api] [nio-8081-exec-6] o.s.web.servlet.DispatcherServlet        : Completed 200 OK
2026-10-01T09:21:47.708+02:00 DEBUG 20356 --- [ulwembu-platform-api] [nio-8081-exec-4] o.s.web.servlet.DispatcherServlet        : Completed 200 OK
2026-10-01T09:21:51.782+02:00 DEBUG 20356 --- [ulwembu-platform-api] [nio-8081-exec-5] org.hibernate.SQL                        : select o1_0.id,o1_0.branding,o1_0.created_at,o1_0.display_name,o1_0.mail_settings,o1_0.profile,o1_0.schema_name,o1_0.sector,o1_0.slug,o1_0.sso_settings,o1_0.status,o1_0.tenant_code from control.organizations o1_0 where o1_0.slug=?
2026-10-01T09:21:51.790+02:00 DEBUG 20356 --- [ulwembu-platform-api] [nio-8081-exec-5] org.hibernate.SQL                        : select u1_0.id,u1_0.contact_number,u1_0.contact_verified_at,u1_0.date_of_birth,u1_0.department,u1_0.designation,u1_0.email,u1_0.email_verified_at,u1_0.emergency_contact_name,u1_0.emergency_contact_phone,u1_0.emergency_contact_relationship,u1_0.employee_number,u1_0.employment_end_date,u1_0.employment_start_date,u1_0.employment_type,u1_0.facility_id,u1_0.failed_login_count,u1_0.first_name,u1_0.gender,u1_0.hpcsa_expiry_date,u1_0.hpcsa_number,u1_0.id_number,u1_0.last_failed_login_at,u1_0.last_login_at,u1_0.last_name,u1_0.locked_at,u1_0.manager_id,u1_0.must_change_password,u1_0.password_hash,u1_0.profile_photo_url,u1_0.sanc_expiry_date,u1_0.sanc_number,u1_0.sapc_expiry_date,u1_0.sapc_number,u1_0.status,u1_0.token_version from users u1_0 where u1_0.id=?
2026-10-01T09:21:51.794+02:00 DEBUG 20356 --- [ulwembu-platform-api] [nio-8081-exec-5] o.s.web.servlet.DispatcherServlet        : GET "/api/v1/pharmacy/stock/accounts?facilityId=a7ee88e2-3a54-4d1f-8c46-59075756ae12&productId=50871aa0-c2ff-4090-8784-94401ccb7ac6", parameters={masked}
2026-10-01T09:21:51.795+02:00 DEBUG 20356 --- [ulwembu-platform-api] [nio-8081-exec-5] s.w.s.m.m.a.RequestMappingHandlerMapping : Mapped to co.ehealth.platform.pharmacy.stock.PharmacyStockControlController#accounts(UUID, UUID)
2026-10-01T09:21:51.797+02:00 DEBUG 20356 --- [ulwembu-platform-api] [nio-8081-exec-5] org.hibernate.SQL                        : SELECT DISTINCT p.code FROM permissions p
JOIN role_permissions rp ON rp.permission_id = p.id
JOIN roles r ON r.id = rp.role_id
WHERE r.name IN (?)

2026-10-01T09:21:51.805+02:00 DEBUG 20356 --- [ulwembu-platform-api] [nio-8081-exec-5] org.hibernate.SQL                        : select psa1_0.id,psa1_0.batch_id,psa1_0.bucket,psa1_0.location_id,psa1_0.product_id,psa1_0.quantity from pharmacy_stock_accounts psa1_0,pharmacy_stock_locations psl1_0 where psa1_0.location_id=psl1_0.id and psl1_0.facility_id=? and psa1_0.product_id=?
2026-10-01T09:21:51.811+02:00 DEBUG 20356 --- [ulwembu-platform-api] [nio-8081-exec-5] m.m.a.RequestResponseBodyMethodProcessor : Using 'application/json', given [*/*] and supported [application/json, application/*+json]
2026-10-01T09:21:51.812+02:00 DEBUG 20356 --- [ulwembu-platform-api] [nio-8081-exec-5] m.m.a.RequestResponseBodyMethodProcessor : Writing [{items=[]}]
2026-10-01T09:21:51.813+02:00 DEBUG 20356 --- [ulwembu-platform-api] [nio-8081-exec-5] o.s.web.servlet.DispatcherServlet        : Completed 200 OK
2026-10-01T09:21:52.723+02:00 DEBUG 20356 --- [ulwembu-platform-api] [nio-8081-exec-3] org.hibernate.SQL                        : select o1_0.id,o1_0.branding,o1_0.created_at,o1_0.display_name,o1_0.mail_settings,o1_0.profile,o1_0.schema_name,o1_0.sector,o1_0.slug,o1_0.sso_settings,o1_0.status,o1_0.tenant_code from control.organizations o1_0 where o1_0.slug=?
2026-10-01T09:21:52.729+02:00 DEBUG 20356 --- [ulwembu-platform-api] [nio-8081-exec-3] org.hibernate.SQL                        : select u1_0.id,u1_0.contact_number,u1_0.contact_verified_at,u1_0.date_of_birth,u1_0.department,u1_0.designation,u1_0.email,u1_0.email_verified_at,u1_0.emergency_contact_name,u1_0.emergency_contact_phone,u1_0.emergency_contact_relationship,u1_0.employee_number,u1_0.employment_end_date,u1_0.employment_start_date,u1_0.employment_type,u1_0.facility_id,u1_0.failed_login_count,u1_0.first_name,u1_0.gender,u1_0.hpcsa_expiry_date,u1_0.hpcsa_number,u1_0.id_number,u1_0.last_failed_login_at,u1_0.last_login_at,u1_0.last_name,u1_0.locked_at,u1_0.manager_id,u1_0.must_change_password,u1_0.password_hash,u1_0.profile_photo_url,u1_0.sanc_expiry_date,u1_0.sanc_number,u1_0.sapc_expiry_date,u1_0.sapc_number,u1_0.status,u1_0.token_version from users u1_0 where u1_0.id=?
2026-10-01T09:21:52.733+02:00 DEBUG 20356 --- [ulwembu-platform-api] [nio-8081-exec-3] o.s.web.servlet.DispatcherServlet        : GET "/api/v1/pharmacy/stock?facilityId=a7ee88e2-3a54-4d1f-8c46-59075756ae12", parameters={masked}
2026-10-01T09:21:52.734+02:00 DEBUG 20356 --- [ulwembu-platform-api] [nio-8081-exec-3] s.w.s.m.m.a.RequestMappingHandlerMapping : Mapped to co.ehealth.platform.pharmacy.stock.PharmacyStockController#listStock(UUID)
2026-10-01T09:21:52.736+02:00 DEBUG 20356 --- [ulwembu-platform-api] [nio-8081-exec-3] org.hibernate.SQL                        : SELECT DISTINCT p.code FROM permissions p
JOIN role_permissions rp ON rp.permission_id = p.id
JOIN roles r ON r.id = rp.role_id
WHERE r.name IN (?)

2026-10-01T09:21:52.737+02:00 DEBUG 20356 --- [ulwembu-platform-api] [io-8081-exec-10] org.hibernate.SQL                        : select o1_0.id,o1_0.branding,o1_0.created_at,o1_0.display_name,o1_0.mail_settings,o1_0.profile,o1_0.schema_name,o1_0.sector,o1_0.slug,o1_0.sso_settings,o1_0.status,o1_0.tenant_code from control.organizations o1_0 where o1_0.slug=?
2026-10-01T09:21:52.742+02:00 DEBUG 20356 --- [ulwembu-platform-api] [nio-8081-exec-3] org.hibernate.SQL                        : select psa1_0.id,psa1_0.batch_id,psa1_0.bucket,psa1_0.location_id,psa1_0.product_id,psa1_0.quantity from pharmacy_stock_accounts psa1_0,pharmacy_stock_locations psl1_0 where psa1_0.location_id=psl1_0.id and psl1_0.facility_id=? and psa1_0.quantity>0 and psa1_0.bucket='AVAILABLE'
2026-10-01T09:21:52.745+02:00 DEBUG 20356 --- [ulwembu-platform-api] [io-8081-exec-10] org.hibernate.SQL                        : select u1_0.id,u1_0.contact_number,u1_0.contact_verified_at,u1_0.date_of_birth,u1_0.department,u1_0.designation,u1_0.email,u1_0.email_verified_at,u1_0.emergency_contact_name,u1_0.emergency_contact_phone,u1_0.emergency_contact_relationship,u1_0.employee_number,u1_0.employment_end_date,u1_0.employment_start_date,u1_0.employment_type,u1_0.facility_id,u1_0.failed_login_count,u1_0.first_name,u1_0.gender,u1_0.hpcsa_expiry_date,u1_0.hpcsa_number,u1_0.id_number,u1_0.last_failed_login_at,u1_0.last_login_at,u1_0.last_name,u1_0.locked_at,u1_0.manager_id,u1_0.must_change_password,u1_0.password_hash,u1_0.profile_photo_url,u1_0.sanc_expiry_date,u1_0.sanc_number,u1_0.sapc_expiry_date,u1_0.sapc_number,u1_0.status,u1_0.token_version from users u1_0 where u1_0.id=?
2026-10-01T09:21:52.745+02:00 DEBUG 20356 --- [ulwembu-platform-api] [nio-8081-exec-3] org.hibernate.SQL                        : select pfp1_0.id,pfp1_0.active,pfp1_0.created_at,pfp1_0.facility_id,pfp1_0.product_id,pfp1_0.reorder_threshold,pfp1_0.target_quantity from pharmacy_facility_products pfp1_0 where pfp1_0.facility_id=? and pfp1_0.active
2026-10-01T09:21:52.749+02:00 DEBUG 20356 --- [ulwembu-platform-api] [nio-8081-exec-3] org.hibernate.SQL                        : select pp1_0.id,pp1_0.active,pp1_0.barcode,pp1_0.base_unit,pp1_0.batch_tracked,pp1_0.category,pp1_0.code,pp1_0.created_at,pp1_0.created_by,pp1_0.created_by_name,pp1_0.display_name,pp1_0.dosage_form,pp1_0.expiry_tracked,pp1_0.generic_name,pp1_0.manufacturer,pp1_0.pack_size,pp1_0.storage_instructions,pp1_0.strength,pp1_0.updated_at,pp1_0.updated_by,pp1_0.updated_by_name,pp1_0.version from pharmacy_products pp1_0 where pp1_0.id=?
2026-10-01T09:21:52.752+02:00 DEBUG 20356 --- [ulwembu-platform-api] [io-8081-exec-10] o.s.web.servlet.DispatcherServlet        : GET "/api/v1/pharmacy/stock/alerts?facilityId=a7ee88e2-3a54-4d1f-8c46-59075756ae12", parameters={masked}
2026-10-01T09:21:52.752+02:00 DEBUG 20356 --- [ulwembu-platform-api] [nio-8081-exec-3] org.hibernate.SQL                        : select pp1_0.id,pp1_0.active,pp1_0.barcode,pp1_0.base_unit,pp1_0.batch_tracked,pp1_0.category,pp1_0.code,pp1_0.created_at,pp1_0.created_by,pp1_0.created_by_name,pp1_0.display_name,pp1_0.dosage_form,pp1_0.expiry_tracked,pp1_0.generic_name,pp1_0.manufacturer,pp1_0.pack_size,pp1_0.storage_instructions,pp1_0.strength,pp1_0.updated_at,pp1_0.updated_by,pp1_0.updated_by_name,pp1_0.version from pharmacy_products pp1_0 where pp1_0.id=?
2026-10-01T09:21:52.754+02:00 DEBUG 20356 --- [ulwembu-platform-api] [io-8081-exec-10] s.w.s.m.m.a.RequestMappingHandlerMapping : Mapped to co.ehealth.platform.pharmacy.stock.PharmacyStockControlController#alerts(UUID)
2026-10-01T09:21:52.756+02:00 DEBUG 20356 --- [ulwembu-platform-api] [nio-8081-exec-3] o.s.w.s.m.m.a.HttpEntityMethodProcessor  : Using 'application/json', given [*/*] and supported [application/json, application/*+json]
2026-10-01T09:21:52.757+02:00 DEBUG 20356 --- [ulwembu-platform-api] [nio-8081-exec-3] o.s.w.s.m.m.a.HttpEntityMethodProcessor  : Writing [{items=[StockRow[productId=50871aa0-c2ff-4090-8784-94401ccb7ac6, code=PARA, displayName=ethnol, base (truncated)...]
2026-10-01T09:21:52.758+02:00 DEBUG 20356 --- [ulwembu-platform-api] [io-8081-exec-10] org.hibernate.SQL                        : SELECT DISTINCT p.code FROM permissions p
JOIN role_permissions rp ON rp.permission_id = p.id
JOIN roles r ON r.id = rp.role_id
WHERE r.name IN (?)

2026-10-01T09:21:52.758+02:00 DEBUG 20356 --- [ulwembu-platform-api] [nio-8081-exec-3] o.s.web.servlet.DispatcherServlet        : Completed 200 OK
2026-10-01T09:21:52.764+02:00 DEBUG 20356 --- [ulwembu-platform-api] [io-8081-exec-10] org.hibernate.SQL                        : select psa1_0.id,psa1_0.batch_id,psa1_0.bucket,psa1_0.location_id,psa1_0.product_id,psa1_0.quantity from pharmacy_stock_accounts psa1_0,pharmacy_stock_locations psl1_0 where psa1_0.location_id=psl1_0.id and psl1_0.facility_id=? and psa1_0.quantity>0 and psa1_0.bucket='AVAILABLE'
2026-10-01T09:21:52.769+02:00 DEBUG 20356 --- [ulwembu-platform-api] [io-8081-exec-10] org.hibernate.SQL                        : select pfp1_0.id,pfp1_0.active,pfp1_0.created_at,pfp1_0.facility_id,pfp1_0.product_id,pfp1_0.reorder_threshold,pfp1_0.target_quantity from pharmacy_facility_products pfp1_0 where pfp1_0.facility_id=? and pfp1_0.active
2026-10-01T09:21:52.772+02:00 DEBUG 20356 --- [ulwembu-platform-api] [io-8081-exec-10] org.hibernate.SQL                        : select pp1_0.id,pp1_0.active,pp1_0.barcode,pp1_0.base_unit,pp1_0.batch_tracked,pp1_0.category,pp1_0.code,pp1_0.created_at,pp1_0.created_by,pp1_0.created_by_name,pp1_0.display_name,pp1_0.dosage_form,pp1_0.expiry_tracked,pp1_0.generic_name,pp1_0.manufacturer,pp1_0.pack_size,pp1_0.storage_instructions,pp1_0.strength,pp1_0.updated_at,pp1_0.updated_by,pp1_0.updated_by_name,pp1_0.version from pharmacy_products pp1_0 where pp1_0.id=?
2026-10-01T09:21:52.773+02:00 DEBUG 20356 --- [ulwembu-platform-api] [io-8081-exec-10] org.hibernate.SQL                        : select pp1_0.id,pp1_0.active,pp1_0.barcode,pp1_0.base_unit,pp1_0.batch_tracked,pp1_0.category,pp1_0.code,pp1_0.created_at,pp1_0.created_by,pp1_0.created_by_name,pp1_0.display_name,pp1_0.dosage_form,pp1_0.expiry_tracked,pp1_0.generic_name,pp1_0.manufacturer,pp1_0.pack_size,pp1_0.storage_instructions,pp1_0.strength,pp1_0.updated_at,pp1_0.updated_by,pp1_0.updated_by_name,pp1_0.version from pharmacy_products pp1_0 where pp1_0.id=?
2026-10-01T09:21:52.777+02:00 DEBUG 20356 --- [ulwembu-platform-api] [io-8081-exec-10] m.m.a.RequestResponseBodyMethodProcessor : Using 'application/json', given [*/*] and supported [application/json, application/*+json]
2026-10-01T09:21:52.777+02:00 DEBUG 20356 --- [ulwembu-platform-api] [io-8081-exec-10] m.m.a.RequestResponseBodyMethodProcessor : Writing [{items=[]}]
2026-10-01T09:21:52.778+02:00 DEBUG 20356 --- [ulwembu-platform-api] [io-8081-exec-10] o.s.web.servlet.DispatcherServlet        : Completed 200 OK
2026-10-01T09:21:55.034+02:00 DEBUG 20356 --- [ulwembu-platform-api] [nio-8081-exec-4] org.hibernate.SQL                        : select o1_0.id,o1_0.branding,o1_0.created_at,o1_0.display_name,o1_0.mail_settings,o1_0.profile,o1_0.schema_name,o1_0.sector,o1_0.slug,o1_0.sso_settings,o1_0.status,o1_0.tenant_code from control.organizations o1_0 where o1_0.slug=?
2026-10-01T09:21:55.036+02:00 DEBUG 20356 --- [ulwembu-platform-api] [nio-8081-exec-6] org.hibernate.SQL                        : select o1_0.id,o1_0.branding,o1_0.created_at,o1_0.display_name,o1_0.mail_settings,o1_0.profile,o1_0.schema_name,o1_0.sector,o1_0.slug,o1_0.sso_settings,o1_0.status,o1_0.tenant_code from control.organizations o1_0 where o1_0.slug=?
2026-10-01T09:21:55.044+02:00 DEBUG 20356 --- [ulwembu-platform-api] [nio-8081-exec-4] org.hibernate.SQL                        : select u1_0.id,u1_0.contact_number,u1_0.contact_verified_at,u1_0.date_of_birth,u1_0.department,u1_0.designation,u1_0.email,u1_0.email_verified_at,u1_0.emergency_contact_name,u1_0.emergency_contact_phone,u1_0.emergency_contact_relationship,u1_0.employee_number,u1_0.employment_end_date,u1_0.employment_start_date,u1_0.employment_type,u1_0.facility_id,u1_0.failed_login_count,u1_0.first_name,u1_0.gender,u1_0.hpcsa_expiry_date,u1_0.hpcsa_number,u1_0.id_number,u1_0.last_failed_login_at,u1_0.last_login_at,u1_0.last_name,u1_0.locked_at,u1_0.manager_id,u1_0.must_change_password,u1_0.password_hash,u1_0.profile_photo_url,u1_0.sanc_expiry_date,u1_0.sanc_number,u1_0.sapc_expiry_date,u1_0.sapc_number,u1_0.status,u1_0.token_version from users u1_0 where u1_0.id=?
2026-10-01T09:21:55.044+02:00 DEBUG 20356 --- [ulwembu-platform-api] [nio-8081-exec-6] org.hibernate.SQL                        : select u1_0.id,u1_0.contact_number,u1_0.contact_verified_at,u1_0.date_of_birth,u1_0.department,u1_0.designation,u1_0.email,u1_0.email_verified_at,u1_0.emergency_contact_name,u1_0.emergency_contact_phone,u1_0.emergency_contact_relationship,u1_0.employee_number,u1_0.employment_end_date,u1_0.employment_start_date,u1_0.employment_type,u1_0.facility_id,u1_0.failed_login_count,u1_0.first_name,u1_0.gender,u1_0.hpcsa_expiry_date,u1_0.hpcsa_number,u1_0.id_number,u1_0.last_failed_login_at,u1_0.last_login_at,u1_0.last_name,u1_0.locked_at,u1_0.manager_id,u1_0.must_change_password,u1_0.password_hash,u1_0.profile_photo_url,u1_0.sanc_expiry_date,u1_0.sanc_number,u1_0.sapc_expiry_date,u1_0.sapc_number,u1_0.status,u1_0.token_version from users u1_0 where u1_0.id=?
2026-10-01T09:21:55.049+02:00 DEBUG 20356 --- [ulwembu-platform-api] [nio-8081-exec-6] o.s.web.servlet.DispatcherServlet        : GET "/api/v1/facilities", parameters={}
2026-10-01T09:21:55.050+02:00 DEBUG 20356 --- [ulwembu-platform-api] [nio-8081-exec-6] s.w.s.m.m.a.RequestMappingHandlerMapping : Mapped to co.ehealth.platform.facility.FacilityController#list()
2026-10-01T09:21:55.049+02:00 DEBUG 20356 --- [ulwembu-platform-api] [nio-8081-exec-4] o.s.web.servlet.DispatcherServlet        : GET "/api/v1/pharmacy/products/assortment?facilityId=a7ee88e2-3a54-4d1f-8c46-59075756ae12", parameters={masked}
2026-10-01T09:21:55.052+02:00 DEBUG 20356 --- [ulwembu-platform-api] [nio-8081-exec-4] s.w.s.m.m.a.RequestMappingHandlerMapping : Mapped to co.ehealth.platform.pharmacy.stock.PharmacyProductController#listAssortment(UUID)
2026-10-01T09:21:55.054+02:00 DEBUG 20356 --- [ulwembu-platform-api] [nio-8081-exec-4] org.hibernate.SQL                        : SELECT DISTINCT p.code FROM permissions p
JOIN role_permissions rp ON rp.permission_id = p.id
JOIN roles r ON r.id = rp.role_id
WHERE r.name IN (?)

2026-10-01T09:21:55.054+02:00 DEBUG 20356 --- [ulwembu-platform-api] [nio-8081-exec-6] org.hibernate.SQL                        : select f1_0.id,f1_0.active,f1_0.address,f1_0.code,f1_0.daily_appointment_limit,f1_0.name,f1_0.operating_hours,f1_0.phone,f1_0.timezone,f1_0.type from facilities f1_0 where f1_0.active order by f1_0.name
2026-10-01T09:21:55.060+02:00 DEBUG 20356 --- [ulwembu-platform-api] [nio-8081-exec-6] m.m.a.RequestResponseBodyMethodProcessor : Using 'application/json', given [*/*] and supported [application/json, application/*+json]
2026-10-01T09:21:55.064+02:00 DEBUG 20356 --- [ulwembu-platform-api] [nio-8081-exec-6] m.m.a.RequestResponseBodyMethodProcessor : Writing [{items=[{id=a7ee88e2-3a54-4d1f-8c46-59075756ae12, name=Demo Main Clinic}, {id=aa7942b0-2bd2-4e25-95c (truncated)...]
2026-10-01T09:21:55.064+02:00 DEBUG 20356 --- [ulwembu-platform-api] [nio-8081-exec-4] org.hibernate.SQL                        : select pfp1_0.id,pfp1_0.active,pfp1_0.created_at,pfp1_0.facility_id,pfp1_0.product_id,pfp1_0.reorder_threshold,pfp1_0.target_quantity from pharmacy_facility_products pfp1_0 where pfp1_0.facility_id=? and pfp1_0.active
2026-10-01T09:21:55.067+02:00 DEBUG 20356 --- [ulwembu-platform-api] [nio-8081-exec-6] o.s.web.servlet.DispatcherServlet        : Completed 200 OK
2026-10-01T09:21:55.072+02:00 DEBUG 20356 --- [ulwembu-platform-api] [nio-8081-exec-4] org.hibernate.SQL                        : select pp1_0.id,pp1_0.active,pp1_0.barcode,pp1_0.base_unit,pp1_0.batch_tracked,pp1_0.category,pp1_0.code,pp1_0.created_at,pp1_0.created_by,pp1_0.created_by_name,pp1_0.display_name,pp1_0.dosage_form,pp1_0.expiry_tracked,pp1_0.generic_name,pp1_0.manufacturer,pp1_0.pack_size,pp1_0.storage_instructions,pp1_0.strength,pp1_0.updated_at,pp1_0.updated_by,pp1_0.updated_by_name,pp1_0.version from pharmacy_products pp1_0 where pp1_0.id in (?,?)
2026-10-01T09:21:55.075+02:00 DEBUG 20356 --- [ulwembu-platform-api] [nio-8081-exec-4] o.s.w.s.m.m.a.HttpEntityMethodProcessor  : Using 'application/json', given [*/*] and supported [application/json, application/*+json]
2026-10-01T09:21:55.076+02:00 DEBUG 20356 --- [ulwembu-platform-api] [nio-8081-exec-4] o.s.w.s.m.m.a.HttpEntityMethodProcessor  : Writing [{items=[ProductResponse[id=50871aa0-c2ff-4090-8784-94401ccb7ac6, code=PARA, displayName=ethnol, gene (truncated)...]
2026-10-01T09:21:55.077+02:00 DEBUG 20356 --- [ulwembu-platform-api] [nio-8081-exec-4] o.s.web.servlet.DispatcherServlet        : Completed 200 OK
2026-10-01T09:22:06.253+02:00 DEBUG 20356 --- [ulwembu-platform-api] [io-8081-exec-10] org.hibernate.SQL                        : select o1_0.id,o1_0.branding,o1_0.created_at,o1_0.display_name,o1_0.mail_settings,o1_0.profile,o1_0.schema_name,o1_0.sector,o1_0.slug,o1_0.sso_settings,o1_0.status,o1_0.tenant_code from control.organizations o1_0 where o1_0.slug=?
2026-10-01T09:22:06.253+02:00 DEBUG 20356 --- [ulwembu-platform-api] [nio-8081-exec-3] org.hibernate.SQL                        : select o1_0.id,o1_0.branding,o1_0.created_at,o1_0.display_name,o1_0.mail_settings,o1_0.profile,o1_0.schema_name,o1_0.sector,o1_0.slug,o1_0.sso_settings,o1_0.status,o1_0.tenant_code from control.organizations o1_0 where o1_0.slug=?
2026-10-01T09:22:06.253+02:00 DEBUG 20356 --- [ulwembu-platform-api] [nio-8081-exec-5] org.hibernate.SQL                        : select o1_0.id,o1_0.branding,o1_0.created_at,o1_0.display_name,o1_0.mail_settings,o1_0.profile,o1_0.schema_name,o1_0.sector,o1_0.slug,o1_0.sso_settings,o1_0.status,o1_0.tenant_code from control.organizations o1_0 where o1_0.slug=?
2026-10-01T09:22:06.261+02:00 DEBUG 20356 --- [ulwembu-platform-api] [io-8081-exec-10] org.hibernate.SQL                        : select u1_0.id,u1_0.contact_number,u1_0.contact_verified_at,u1_0.date_of_birth,u1_0.department,u1_0.designation,u1_0.email,u1_0.email_verified_at,u1_0.emergency_contact_name,u1_0.emergency_contact_phone,u1_0.emergency_contact_relationship,u1_0.employee_number,u1_0.employment_end_date,u1_0.employment_start_date,u1_0.employment_type,u1_0.facility_id,u1_0.failed_login_count,u1_0.first_name,u1_0.gender,u1_0.hpcsa_expiry_date,u1_0.hpcsa_number,u1_0.id_number,u1_0.last_failed_login_at,u1_0.last_login_at,u1_0.last_name,u1_0.locked_at,u1_0.manager_id,u1_0.must_change_password,u1_0.password_hash,u1_0.profile_photo_url,u1_0.sanc_expiry_date,u1_0.sanc_number,u1_0.sapc_expiry_date,u1_0.sapc_number,u1_0.status,u1_0.token_version from users u1_0 where u1_0.id=?
2026-10-01T09:22:06.261+02:00 DEBUG 20356 --- [ulwembu-platform-api] [nio-8081-exec-3] org.hibernate.SQL                        : select u1_0.id,u1_0.contact_number,u1_0.contact_verified_at,u1_0.date_of_birth,u1_0.department,u1_0.designation,u1_0.email,u1_0.email_verified_at,u1_0.emergency_contact_name,u1_0.emergency_contact_phone,u1_0.emergency_contact_relationship,u1_0.employee_number,u1_0.employment_end_date,u1_0.employment_start_date,u1_0.employment_type,u1_0.facility_id,u1_0.failed_login_count,u1_0.first_name,u1_0.gender,u1_0.hpcsa_expiry_date,u1_0.hpcsa_number,u1_0.id_number,u1_0.last_failed_login_at,u1_0.last_login_at,u1_0.last_name,u1_0.locked_at,u1_0.manager_id,u1_0.must_change_password,u1_0.password_hash,u1_0.profile_photo_url,u1_0.sanc_expiry_date,u1_0.sanc_number,u1_0.sapc_expiry_date,u1_0.sapc_number,u1_0.status,u1_0.token_version from users u1_0 where u1_0.id=?
2026-10-01T09:22:06.261+02:00 DEBUG 20356 --- [ulwembu-platform-api] [nio-8081-exec-5] org.hibernate.SQL                        : select u1_0.id,u1_0.contact_number,u1_0.contact_verified_at,u1_0.date_of_birth,u1_0.department,u1_0.designation,u1_0.email,u1_0.email_verified_at,u1_0.emergency_contact_name,u1_0.emergency_contact_phone,u1_0.emergency_contact_relationship,u1_0.employee_number,u1_0.employment_end_date,u1_0.employment_start_date,u1_0.employment_type,u1_0.facility_id,u1_0.failed_login_count,u1_0.first_name,u1_0.gender,u1_0.hpcsa_expiry_date,u1_0.hpcsa_number,u1_0.id_number,u1_0.last_failed_login_at,u1_0.last_login_at,u1_0.last_name,u1_0.locked_at,u1_0.manager_id,u1_0.must_change_password,u1_0.password_hash,u1_0.profile_photo_url,u1_0.sanc_expiry_date,u1_0.sanc_number,u1_0.sapc_expiry_date,u1_0.sapc_number,u1_0.status,u1_0.token_version from users u1_0 where u1_0.id=?
2026-10-01T09:22:06.264+02:00 DEBUG 20356 --- [ulwembu-platform-api] [io-8081-exec-10] o.s.web.servlet.DispatcherServlet        : GET "/api/v1/pharmacy/stock/alerts?facilityId=a7ee88e2-3a54-4d1f-8c46-59075756ae12", parameters={masked}
2026-10-01T09:22:06.264+02:00 DEBUG 20356 --- [ulwembu-platform-api] [nio-8081-exec-5] o.s.web.servlet.DispatcherServlet        : GET "/api/v1/pharmacy/stock?facilityId=a7ee88e2-3a54-4d1f-8c46-59075756ae12", parameters={masked}
2026-10-01T09:22:06.264+02:00 DEBUG 20356 --- [ulwembu-platform-api] [nio-8081-exec-3] o.s.web.servlet.DispatcherServlet        : GET "/api/v1/facilities", parameters={}
2026-10-01T09:22:06.265+02:00 DEBUG 20356 --- [ulwembu-platform-api] [io-8081-exec-10] s.w.s.m.m.a.RequestMappingHandlerMapping : Mapped to co.ehealth.platform.pharmacy.stock.PharmacyStockControlController#alerts(UUID)
2026-10-01T09:22:06.265+02:00 DEBUG 20356 --- [ulwembu-platform-api] [nio-8081-exec-5] s.w.s.m.m.a.RequestMappingHandlerMapping : Mapped to co.ehealth.platform.pharmacy.stock.PharmacyStockController#listStock(UUID)
2026-10-01T09:22:06.266+02:00 DEBUG 20356 --- [ulwembu-platform-api] [nio-8081-exec-3] s.w.s.m.m.a.RequestMappingHandlerMapping : Mapped to co.ehealth.platform.facility.FacilityController#list()
2026-10-01T09:22:06.267+02:00 DEBUG 20356 --- [ulwembu-platform-api] [nio-8081-exec-5] org.hibernate.SQL                        : SELECT DISTINCT p.code FROM permissions p
JOIN role_permissions rp ON rp.permission_id = p.id
JOIN roles r ON r.id = rp.role_id
WHERE r.name IN (?)

2026-10-01T09:22:06.267+02:00 DEBUG 20356 --- [ulwembu-platform-api] [io-8081-exec-10] org.hibernate.SQL                        : SELECT DISTINCT p.code FROM permissions p
JOIN role_permissions rp ON rp.permission_id = p.id
JOIN roles r ON r.id = rp.role_id
WHERE r.name IN (?)

2026-10-01T09:22:06.267+02:00 DEBUG 20356 --- [ulwembu-platform-api] [nio-8081-exec-3] org.hibernate.SQL                        : select f1_0.id,f1_0.active,f1_0.address,f1_0.code,f1_0.daily_appointment_limit,f1_0.name,f1_0.operating_hours,f1_0.phone,f1_0.timezone,f1_0.type from facilities f1_0 where f1_0.active order by f1_0.name
2026-10-01T09:22:06.269+02:00 DEBUG 20356 --- [ulwembu-platform-api] [nio-8081-exec-3] m.m.a.RequestResponseBodyMethodProcessor : Using 'application/json', given [*/*] and supported [application/json, application/*+json]
2026-10-01T09:22:06.270+02:00 DEBUG 20356 --- [ulwembu-platform-api] [nio-8081-exec-3] m.m.a.RequestResponseBodyMethodProcessor : Writing [{items=[{id=a7ee88e2-3a54-4d1f-8c46-59075756ae12, name=Demo Main Clinic}, {id=aa7942b0-2bd2-4e25-95c (truncated)...]
2026-10-01T09:22:06.271+02:00 DEBUG 20356 --- [ulwembu-platform-api] [io-8081-exec-10] org.hibernate.SQL                        : select psa1_0.id,psa1_0.batch_id,psa1_0.bucket,psa1_0.location_id,psa1_0.product_id,psa1_0.quantity from pharmacy_stock_accounts psa1_0,pharmacy_stock_locations psl1_0 where psa1_0.location_id=psl1_0.id and psl1_0.facility_id=? and psa1_0.quantity>0 and psa1_0.bucket='AVAILABLE'
2026-10-01T09:22:06.271+02:00 DEBUG 20356 --- [ulwembu-platform-api] [nio-8081-exec-5] org.hibernate.SQL                        : select psa1_0.id,psa1_0.batch_id,psa1_0.bucket,psa1_0.location_id,psa1_0.product_id,psa1_0.quantity from pharmacy_stock_accounts psa1_0,pharmacy_stock_locations psl1_0 where psa1_0.location_id=psl1_0.id and psl1_0.facility_id=? and psa1_0.quantity>0 and psa1_0.bucket='AVAILABLE'
2026-10-01T09:22:06.271+02:00 DEBUG 20356 --- [ulwembu-platform-api] [nio-8081-exec-3] o.s.web.servlet.DispatcherServlet        : Completed 200 OK
2026-10-01T09:22:06.274+02:00 DEBUG 20356 --- [ulwembu-platform-api] [nio-8081-exec-5] org.hibernate.SQL                        : select pfp1_0.id,pfp1_0.active,pfp1_0.created_at,pfp1_0.facility_id,pfp1_0.product_id,pfp1_0.reorder_threshold,pfp1_0.target_quantity from pharmacy_facility_products pfp1_0 where pfp1_0.facility_id=? and pfp1_0.active
2026-10-01T09:22:06.274+02:00 DEBUG 20356 --- [ulwembu-platform-api] [io-8081-exec-10] org.hibernate.SQL                        : select pfp1_0.id,pfp1_0.active,pfp1_0.created_at,pfp1_0.facility_id,pfp1_0.product_id,pfp1_0.reorder_threshold,pfp1_0.target_quantity from pharmacy_facility_products pfp1_0 where pfp1_0.facility_id=? and pfp1_0.active
2026-10-01T09:22:06.276+02:00 DEBUG 20356 --- [ulwembu-platform-api] [nio-8081-exec-5] org.hibernate.SQL                        : select pp1_0.id,pp1_0.active,pp1_0.barcode,pp1_0.base_unit,pp1_0.batch_tracked,pp1_0.category,pp1_0.code,pp1_0.created_at,pp1_0.created_by,pp1_0.created_by_name,pp1_0.display_name,pp1_0.dosage_form,pp1_0.expiry_tracked,pp1_0.generic_name,pp1_0.manufacturer,pp1_0.pack_size,pp1_0.storage_instructions,pp1_0.strength,pp1_0.updated_at,pp1_0.updated_by,pp1_0.updated_by_name,pp1_0.version from pharmacy_products pp1_0 where pp1_0.id=?
2026-10-01T09:22:06.277+02:00 DEBUG 20356 --- [ulwembu-platform-api] [io-8081-exec-10] org.hibernate.SQL                        : select pp1_0.id,pp1_0.active,pp1_0.barcode,pp1_0.base_unit,pp1_0.batch_tracked,pp1_0.category,pp1_0.code,pp1_0.created_at,pp1_0.created_by,pp1_0.created_by_name,pp1_0.display_name,pp1_0.dosage_form,pp1_0.expiry_tracked,pp1_0.generic_name,pp1_0.manufacturer,pp1_0.pack_size,pp1_0.storage_instructions,pp1_0.strength,pp1_0.updated_at,pp1_0.updated_by,pp1_0.updated_by_name,pp1_0.version from pharmacy_products pp1_0 where pp1_0.id=?
2026-10-01T09:22:06.278+02:00 DEBUG 20356 --- [ulwembu-platform-api] [nio-8081-exec-5] org.hibernate.SQL                        : select pp1_0.id,pp1_0.active,pp1_0.barcode,pp1_0.base_unit,pp1_0.batch_tracked,pp1_0.category,pp1_0.code,pp1_0.created_at,pp1_0.created_by,pp1_0.created_by_name,pp1_0.display_name,pp1_0.dosage_form,pp1_0.expiry_tracked,pp1_0.generic_name,pp1_0.manufacturer,pp1_0.pack_size,pp1_0.storage_instructions,pp1_0.strength,pp1_0.updated_at,pp1_0.updated_by,pp1_0.updated_by_name,pp1_0.version from pharmacy_products pp1_0 where pp1_0.id=?
2026-10-01T09:22:06.278+02:00 DEBUG 20356 --- [ulwembu-platform-api] [io-8081-exec-10] org.hibernate.SQL                        : select pp1_0.id,pp1_0.active,pp1_0.barcode,pp1_0.base_unit,pp1_0.batch_tracked,pp1_0.category,pp1_0.code,pp1_0.created_at,pp1_0.created_by,pp1_0.created_by_name,pp1_0.display_name,pp1_0.dosage_form,pp1_0.expiry_tracked,pp1_0.generic_name,pp1_0.manufacturer,pp1_0.pack_size,pp1_0.storage_instructions,pp1_0.strength,pp1_0.updated_at,pp1_0.updated_by,pp1_0.updated_by_name,pp1_0.version from pharmacy_products pp1_0 where pp1_0.id=?
2026-10-01T09:22:06.280+02:00 DEBUG 20356 --- [ulwembu-platform-api] [io-8081-exec-10] m.m.a.RequestResponseBodyMethodProcessor : Using 'application/json', given [*/*] and supported [application/json, application/*+json]
2026-10-01T09:22:06.280+02:00 DEBUG 20356 --- [ulwembu-platform-api] [nio-8081-exec-5] o.s.w.s.m.m.a.HttpEntityMethodProcessor  : Using 'application/json', given [*/*] and supported [application/json, application/*+json]
2026-10-01T09:22:06.281+02:00 DEBUG 20356 --- [ulwembu-platform-api] [io-8081-exec-10] m.m.a.RequestResponseBodyMethodProcessor : Writing [{items=[]}]
2026-10-01T09:22:06.281+02:00 DEBUG 20356 --- [ulwembu-platform-api] [nio-8081-exec-5] o.s.w.s.m.m.a.HttpEntityMethodProcessor  : Writing [{items=[StockRow[productId=50871aa0-c2ff-4090-8784-94401ccb7ac6, code=PARA, displayName=ethnol, base (truncated)...]
2026-10-01T09:22:06.282+02:00 DEBUG 20356 --- [ulwembu-platform-api] [io-8081-exec-10] o.s.web.servlet.DispatcherServlet        : Completed 200 OK
2026-10-01T09:22:06.282+02:00 DEBUG 20356 --- [ulwembu-platform-api] [nio-8081-exec-5] o.s.web.servlet.DispatcherServlet        : Completed 200 OK
2026-10-01T09:22:11.296+02:00 DEBUG 20356 --- [ulwembu-platform-api] [nio-8081-exec-4] org.hibernate.SQL                        : select o1_0.id,o1_0.branding,o1_0.created_at,o1_0.display_name,o1_0.mail_settings,o1_0.profile,o1_0.schema_name,o1_0.sector,o1_0.slug,o1_0.sso_settings,o1_0.status,o1_0.tenant_code from control.organizations o1_0 where o1_0.slug=?
2026-10-01T09:22:11.296+02:00 DEBUG 20356 --- [ulwembu-platform-api] [nio-8081-exec-6] org.hibernate.SQL                        : select o1_0.id,o1_0.branding,o1_0.created_at,o1_0.display_name,o1_0.mail_settings,o1_0.profile,o1_0.schema_name,o1_0.sector,o1_0.slug,o1_0.sso_settings,o1_0.status,o1_0.tenant_code from control.organizations o1_0 where o1_0.slug=?
2026-10-01T09:22:11.301+02:00 DEBUG 20356 --- [ulwembu-platform-api] [nio-8081-exec-6] org.hibernate.SQL                        : select u1_0.id,u1_0.contact_number,u1_0.contact_verified_at,u1_0.date_of_birth,u1_0.department,u1_0.designation,u1_0.email,u1_0.email_verified_at,u1_0.emergency_contact_name,u1_0.emergency_contact_phone,u1_0.emergency_contact_relationship,u1_0.employee_number,u1_0.employment_end_date,u1_0.employment_start_date,u1_0.employment_type,u1_0.facility_id,u1_0.failed_login_count,u1_0.first_name,u1_0.gender,u1_0.hpcsa_expiry_date,u1_0.hpcsa_number,u1_0.id_number,u1_0.last_failed_login_at,u1_0.last_login_at,u1_0.last_name,u1_0.locked_at,u1_0.manager_id,u1_0.must_change_password,u1_0.password_hash,u1_0.profile_photo_url,u1_0.sanc_expiry_date,u1_0.sanc_number,u1_0.sapc_expiry_date,u1_0.sapc_number,u1_0.status,u1_0.token_version from users u1_0 where u1_0.id=?
2026-10-01T09:22:11.301+02:00 DEBUG 20356 --- [ulwembu-platform-api] [nio-8081-exec-4] org.hibernate.SQL                        : select u1_0.id,u1_0.contact_number,u1_0.contact_verified_at,u1_0.date_of_birth,u1_0.department,u1_0.designation,u1_0.email,u1_0.email_verified_at,u1_0.emergency_contact_name,u1_0.emergency_contact_phone,u1_0.emergency_contact_relationship,u1_0.employee_number,u1_0.employment_end_date,u1_0.employment_start_date,u1_0.employment_type,u1_0.facility_id,u1_0.failed_login_count,u1_0.first_name,u1_0.gender,u1_0.hpcsa_expiry_date,u1_0.hpcsa_number,u1_0.id_number,u1_0.last_failed_login_at,u1_0.last_login_at,u1_0.last_name,u1_0.locked_at,u1_0.manager_id,u1_0.must_change_password,u1_0.password_hash,u1_0.profile_photo_url,u1_0.sanc_expiry_date,u1_0.sanc_number,u1_0.sapc_expiry_date,u1_0.sapc_number,u1_0.status,u1_0.token_version from users u1_0 where u1_0.id=?
2026-10-01T09:22:11.304+02:00 DEBUG 20356 --- [ulwembu-platform-api] [nio-8081-exec-6] o.s.web.servlet.DispatcherServlet        : GET "/api/v1/pharmacy/stock?facilityId=a7ee88e2-3a54-4d1f-8c46-59075756ae12", parameters={masked}
2026-10-01T09:22:11.304+02:00 DEBUG 20356 --- [ulwembu-platform-api] [nio-8081-exec-4] o.s.web.servlet.DispatcherServlet        : GET "/api/v1/pharmacy/stock/alerts?facilityId=a7ee88e2-3a54-4d1f-8c46-59075756ae12", parameters={masked}
2026-10-01T09:22:11.304+02:00 DEBUG 20356 --- [ulwembu-platform-api] [nio-8081-exec-6] s.w.s.m.m.a.RequestMappingHandlerMapping : Mapped to co.ehealth.platform.pharmacy.stock.PharmacyStockController#listStock(UUID)
2026-10-01T09:22:11.304+02:00 DEBUG 20356 --- [ulwembu-platform-api] [nio-8081-exec-4] s.w.s.m.m.a.RequestMappingHandlerMapping : Mapped to co.ehealth.platform.pharmacy.stock.PharmacyStockControlController#alerts(UUID)
2026-10-01T09:22:11.305+02:00 DEBUG 20356 --- [ulwembu-platform-api] [nio-8081-exec-6] org.hibernate.SQL                        : SELECT DISTINCT p.code FROM permissions p
JOIN role_permissions rp ON rp.permission_id = p.id
JOIN roles r ON r.id = rp.role_id
WHERE r.name IN (?)

2026-10-01T09:22:11.305+02:00 DEBUG 20356 --- [ulwembu-platform-api] [nio-8081-exec-4] org.hibernate.SQL                        : SELECT DISTINCT p.code FROM permissions p
JOIN role_permissions rp ON rp.permission_id = p.id
JOIN roles r ON r.id = rp.role_id
WHERE r.name IN (?)

2026-10-01T09:22:11.308+02:00 DEBUG 20356 --- [ulwembu-platform-api] [nio-8081-exec-6] org.hibernate.SQL                        : select psa1_0.id,psa1_0.batch_id,psa1_0.bucket,psa1_0.location_id,psa1_0.product_id,psa1_0.quantity from pharmacy_stock_accounts psa1_0,pharmacy_stock_locations psl1_0 where psa1_0.location_id=psl1_0.id and psl1_0.facility_id=? and psa1_0.quantity>0 and psa1_0.bucket='AVAILABLE'
2026-10-01T09:22:11.308+02:00 DEBUG 20356 --- [ulwembu-platform-api] [nio-8081-exec-4] org.hibernate.SQL                        : select psa1_0.id,psa1_0.batch_id,psa1_0.bucket,psa1_0.location_id,psa1_0.product_id,psa1_0.quantity from pharmacy_stock_accounts psa1_0,pharmacy_stock_locations psl1_0 where psa1_0.location_id=psl1_0.id and psl1_0.facility_id=? and psa1_0.quantity>0 and psa1_0.bucket='AVAILABLE'
2026-10-01T09:22:11.310+02:00 DEBUG 20356 --- [ulwembu-platform-api] [nio-8081-exec-6] org.hibernate.SQL                        : select pfp1_0.id,pfp1_0.active,pfp1_0.created_at,pfp1_0.facility_id,pfp1_0.product_id,pfp1_0.reorder_threshold,pfp1_0.target_quantity from pharmacy_facility_products pfp1_0 where pfp1_0.facility_id=? and pfp1_0.active
2026-10-01T09:22:11.310+02:00 DEBUG 20356 --- [ulwembu-platform-api] [nio-8081-exec-4] org.hibernate.SQL                        : select pfp1_0.id,pfp1_0.active,pfp1_0.created_at,pfp1_0.facility_id,pfp1_0.product_id,pfp1_0.reorder_threshold,pfp1_0.target_quantity from pharmacy_facility_products pfp1_0 where pfp1_0.facility_id=? and pfp1_0.active
2026-10-01T09:22:11.311+02:00 DEBUG 20356 --- [ulwembu-platform-api] [nio-8081-exec-6] org.hibernate.SQL                        : select pp1_0.id,pp1_0.active,pp1_0.barcode,pp1_0.base_unit,pp1_0.batch_tracked,pp1_0.category,pp1_0.code,pp1_0.created_at,pp1_0.created_by,pp1_0.created_by_name,pp1_0.display_name,pp1_0.dosage_form,pp1_0.expiry_tracked,pp1_0.generic_name,pp1_0.manufacturer,pp1_0.pack_size,pp1_0.storage_instructions,pp1_0.strength,pp1_0.updated_at,pp1_0.updated_by,pp1_0.updated_by_name,pp1_0.version from pharmacy_products pp1_0 where pp1_0.id=?
2026-10-01T09:22:11.312+02:00 DEBUG 20356 --- [ulwembu-platform-api] [nio-8081-exec-4] org.hibernate.SQL                        : select pp1_0.id,pp1_0.active,pp1_0.barcode,pp1_0.base_unit,pp1_0.batch_tracked,pp1_0.category,pp1_0.code,pp1_0.created_at,pp1_0.created_by,pp1_0.created_by_name,pp1_0.display_name,pp1_0.dosage_form,pp1_0.expiry_tracked,pp1_0.generic_name,pp1_0.manufacturer,pp1_0.pack_size,pp1_0.storage_instructions,pp1_0.strength,pp1_0.updated_at,pp1_0.updated_by,pp1_0.updated_by_name,pp1_0.version from pharmacy_products pp1_0 where pp1_0.id=?
2026-10-01T09:22:11.312+02:00 DEBUG 20356 --- [ulwembu-platform-api] [nio-8081-exec-6] org.hibernate.SQL                        : select pp1_0.id,pp1_0.active,pp1_0.barcode,pp1_0.base_unit,pp1_0.batch_tracked,pp1_0.category,pp1_0.code,pp1_0.created_at,pp1_0.created_by,pp1_0.created_by_name,pp1_0.display_name,pp1_0.dosage_form,pp1_0.expiry_tracked,pp1_0.generic_name,pp1_0.manufacturer,pp1_0.pack_size,pp1_0.storage_instructions,pp1_0.strength,pp1_0.updated_at,pp1_0.updated_by,pp1_0.updated_by_name,pp1_0.version from pharmacy_products pp1_0 where pp1_0.id=?
2026-10-01T09:22:11.313+02:00 DEBUG 20356 --- [ulwembu-platform-api] [nio-8081-exec-4] org.hibernate.SQL                        : select pp1_0.id,pp1_0.active,pp1_0.barcode,pp1_0.base_unit,pp1_0.batch_tracked,pp1_0.category,pp1_0.code,pp1_0.created_at,pp1_0.created_by,pp1_0.created_by_name,pp1_0.display_name,pp1_0.dosage_form,pp1_0.expiry_tracked,pp1_0.generic_name,pp1_0.manufacturer,pp1_0.pack_size,pp1_0.storage_instructions,pp1_0.strength,pp1_0.updated_at,pp1_0.updated_by,pp1_0.updated_by_name,pp1_0.version from pharmacy_products pp1_0 where pp1_0.id=?
2026-10-01T09:22:11.314+02:00 DEBUG 20356 --- [ulwembu-platform-api] [nio-8081-exec-6] o.s.w.s.m.m.a.HttpEntityMethodProcessor  : Using 'application/json', given [*/*] and supported [application/json, application/*+json]
2026-10-01T09:22:11.314+02:00 DEBUG 20356 --- [ulwembu-platform-api] [nio-8081-exec-4] m.m.a.RequestResponseBodyMethodProcessor : Using 'application/json', given [*/*] and supported [application/json, application/*+json]
2026-10-01T09:22:11.315+02:00 DEBUG 20356 --- [ulwembu-platform-api] [nio-8081-exec-6] o.s.w.s.m.m.a.HttpEntityMethodProcessor  : Writing [{items=[StockRow[productId=50871aa0-c2ff-4090-8784-94401ccb7ac6, code=PARA, displayName=ethnol, base (truncated)...]
2026-10-01T09:22:11.315+02:00 DEBUG 20356 --- [ulwembu-platform-api] [nio-8081-exec-4] m.m.a.RequestResponseBodyMethodProcessor : Writing [{items=[]}]
2026-10-01T09:22:11.315+02:00 DEBUG 20356 --- [ulwembu-platform-api] [nio-8081-exec-4] o.s.web.servlet.DispatcherServlet        : Completed 200 OK
2026-10-01T09:22:11.315+02:00 DEBUG 20356 --- [ulwembu-platform-api] [nio-8081-exec-6] o.s.web.servlet.DispatcherServlet        : Completed 200 OK
2026-10-01T09:22:15.660+02:00 DEBUG 20356 --- [ulwembu-platform-api] [nio-8081-exec-8] org.hibernate.SQL                        : select o1_0.id,o1_0.branding,o1_0.created_at,o1_0.display_name,o1_0.mail_settings,o1_0.profile,o1_0.schema_name,o1_0.sector,o1_0.slug,o1_0.sso_settings,o1_0.status,o1_0.tenant_code from control.organizations o1_0 where o1_0.slug=?
2026-10-01T09:22:15.665+02:00 DEBUG 20356 --- [ulwembu-platform-api] [nio-8081-exec-8] org.hibernate.SQL                        : select u1_0.id,u1_0.contact_number,u1_0.contact_verified_at,u1_0.date_of_birth,u1_0.department,u1_0.designation,u1_0.email,u1_0.email_verified_at,u1_0.emergency_contact_name,u1_0.emergency_contact_phone,u1_0.emergency_contact_relationship,u1_0.employee_number,u1_0.employment_end_date,u1_0.employment_start_date,u1_0.employment_type,u1_0.facility_id,u1_0.failed_login_count,u1_0.first_name,u1_0.gender,u1_0.hpcsa_expiry_date,u1_0.hpcsa_number,u1_0.id_number,u1_0.last_failed_login_at,u1_0.last_login_at,u1_0.last_name,u1_0.locked_at,u1_0.manager_id,u1_0.must_change_password,u1_0.password_hash,u1_0.profile_photo_url,u1_0.sanc_expiry_date,u1_0.sanc_number,u1_0.sapc_expiry_date,u1_0.sapc_number,u1_0.status,u1_0.token_version from users u1_0 where u1_0.id=?
2026-10-01T09:22:15.669+02:00 DEBUG 20356 --- [ulwembu-platform-api] [nio-8081-exec-8] o.s.web.servlet.DispatcherServlet        : GET "/api/v1/pharmacy/products?activeOnly=true&page=0&size=50", parameters={masked}
2026-10-01T09:22:15.671+02:00 DEBUG 20356 --- [ulwembu-platform-api] [nio-8081-exec-8] s.w.s.m.m.a.RequestMappingHandlerMapping : Mapped to co.ehealth.platform.pharmacy.stock.PharmacyProductController#search(String, boolean, int, int)
2026-10-01T09:22:15.673+02:00 DEBUG 20356 --- [ulwembu-platform-api] [nio-8081-exec-8] org.hibernate.SQL                        : SELECT DISTINCT p.code FROM permissions p
JOIN role_permissions rp ON rp.permission_id = p.id
JOIN roles r ON r.id = rp.role_id
WHERE r.name IN (?)

2026-10-01T09:22:15.678+02:00 DEBUG 20356 --- [ulwembu-platform-api] [nio-8081-exec-8] org.hibernate.SQL                        : select pp1_0.id,pp1_0.active,pp1_0.barcode,pp1_0.base_unit,pp1_0.batch_tracked,pp1_0.category,pp1_0.code,pp1_0.created_at,pp1_0.created_by,pp1_0.created_by_name,pp1_0.display_name,pp1_0.dosage_form,pp1_0.expiry_tracked,pp1_0.generic_name,pp1_0.manufacturer,pp1_0.pack_size,pp1_0.storage_instructions,pp1_0.strength,pp1_0.updated_at,pp1_0.updated_by,pp1_0.updated_by_name,pp1_0.version from pharmacy_products pp1_0 where (?=false or pp1_0.active=true) and (?='' or lower(pp1_0.display_name) like lower(('%'||?||'%')) escape '' or lower(pp1_0.code) like lower(('%'||?||'%')) escape '' or lower(coalesce(pp1_0.generic_name,'')) like lower(('%'||?||'%')) escape '' or lower(coalesce(pp1_0.barcode,'')) like lower(('%'||?||'%')) escape '') order by pp1_0.display_name,pp1_0.display_name fetch first ? rows only
2026-10-01T09:22:15.680+02:00 DEBUG 20356 --- [ulwembu-platform-api] [nio-8081-exec-8] o.s.w.s.m.m.a.HttpEntityMethodProcessor  : Using 'application/json', given [*/*] and supported [application/json, application/*+json]
2026-10-01T09:22:15.681+02:00 DEBUG 20356 --- [ulwembu-platform-api] [nio-8081-exec-8] o.s.w.s.m.m.a.HttpEntityMethodProcessor  : Writing [{items=[ProductResponse[id=50871aa0-c2ff-4090-8784-94401ccb7ac6, code=PARA, displayName=ethnol, gene (truncated)...]
2026-10-01T09:22:15.682+02:00 DEBUG 20356 --- [ulwembu-platform-api] [nio-8081-exec-8] o.s.web.servlet.DispatcherServlet        : Completed 200 OK
2026-10-01T09:22:25.788+02:00 DEBUG 20356 --- [ulwembu-platform-api] [nio-8081-exec-5] org.hibernate.SQL                        : select o1_0.id,o1_0.branding,o1_0.created_at,o1_0.display_name,o1_0.mail_settings,o1_0.profile,o1_0.schema_name,o1_0.sector,o1_0.slug,o1_0.sso_settings,o1_0.status,o1_0.tenant_code from control.organizations o1_0 where o1_0.slug=?
2026-10-01T09:22:25.788+02:00 DEBUG 20356 --- [ulwembu-platform-api] [io-8081-exec-10] org.hibernate.SQL                        : select o1_0.id,o1_0.branding,o1_0.created_at,o1_0.display_name,o1_0.mail_settings,o1_0.profile,o1_0.schema_name,o1_0.sector,o1_0.slug,o1_0.sso_settings,o1_0.status,o1_0.tenant_code from control.organizations o1_0 where o1_0.slug=?
2026-10-01T09:22:25.798+02:00 DEBUG 20356 --- [ulwembu-platform-api] [io-8081-exec-10] org.hibernate.SQL                        : select u1_0.id,u1_0.contact_number,u1_0.contact_verified_at,u1_0.date_of_birth,u1_0.department,u1_0.designation,u1_0.email,u1_0.email_verified_at,u1_0.emergency_contact_name,u1_0.emergency_contact_phone,u1_0.emergency_contact_relationship,u1_0.employee_number,u1_0.employment_end_date,u1_0.employment_start_date,u1_0.employment_type,u1_0.facility_id,u1_0.failed_login_count,u1_0.first_name,u1_0.gender,u1_0.hpcsa_expiry_date,u1_0.hpcsa_number,u1_0.id_number,u1_0.last_failed_login_at,u1_0.last_login_at,u1_0.last_name,u1_0.locked_at,u1_0.manager_id,u1_0.must_change_password,u1_0.password_hash,u1_0.profile_photo_url,u1_0.sanc_expiry_date,u1_0.sanc_number,u1_0.sapc_expiry_date,u1_0.sapc_number,u1_0.status,u1_0.token_version from users u1_0 where u1_0.id=?
2026-10-01T09:22:25.797+02:00 DEBUG 20356 --- [ulwembu-platform-api] [nio-8081-exec-5] org.hibernate.SQL                        : select u1_0.id,u1_0.contact_number,u1_0.contact_verified_at,u1_0.date_of_birth,u1_0.department,u1_0.designation,u1_0.email,u1_0.email_verified_at,u1_0.emergency_contact_name,u1_0.emergency_contact_phone,u1_0.emergency_contact_relationship,u1_0.employee_number,u1_0.employment_end_date,u1_0.employment_start_date,u1_0.employment_type,u1_0.facility_id,u1_0.failed_login_count,u1_0.first_name,u1_0.gender,u1_0.hpcsa_expiry_date,u1_0.hpcsa_number,u1_0.id_number,u1_0.last_failed_login_at,u1_0.last_login_at,u1_0.last_name,u1_0.locked_at,u1_0.manager_id,u1_0.must_change_password,u1_0.password_hash,u1_0.profile_photo_url,u1_0.sanc_expiry_date,u1_0.sanc_number,u1_0.sapc_expiry_date,u1_0.sapc_number,u1_0.status,u1_0.token_version from users u1_0 where u1_0.id=?
2026-10-01T09:22:25.803+02:00 DEBUG 20356 --- [ulwembu-platform-api] [nio-8081-exec-5] o.s.web.servlet.DispatcherServlet        : GET "/api/v1/pharmacy/products/50871aa0-c2ff-4090-8784-94401ccb7ac6/batches", parameters={}
2026-10-01T09:22:25.803+02:00 DEBUG 20356 --- [ulwembu-platform-api] [io-8081-exec-10] o.s.web.servlet.DispatcherServlet        : GET "/api/v1/pharmacy/products/50871aa0-c2ff-4090-8784-94401ccb7ac6", parameters={}
2026-10-01T09:22:25.805+02:00 DEBUG 20356 --- [ulwembu-platform-api] [io-8081-exec-10] s.w.s.m.m.a.RequestMappingHandlerMapping : Mapped to co.ehealth.platform.pharmacy.stock.PharmacyProductController#get(UUID)
2026-10-01T09:22:25.805+02:00 DEBUG 20356 --- [ulwembu-platform-api] [nio-8081-exec-5] s.w.s.m.m.a.RequestMappingHandlerMapping : Mapped to co.ehealth.platform.pharmacy.stock.PharmacyStockController#listBatches(UUID)
2026-10-01T09:22:25.807+02:00 DEBUG 20356 --- [ulwembu-platform-api] [io-8081-exec-10] org.hibernate.SQL                        : SELECT DISTINCT p.code FROM permissions p
JOIN role_permissions rp ON rp.permission_id = p.id
JOIN roles r ON r.id = rp.role_id
WHERE r.name IN (?)

2026-10-01T09:22:25.807+02:00 DEBUG 20356 --- [ulwembu-platform-api] [nio-8081-exec-5] org.hibernate.SQL                        : SELECT DISTINCT p.code FROM permissions p
JOIN role_permissions rp ON rp.permission_id = p.id
JOIN roles r ON r.id = rp.role_id
WHERE r.name IN (?)

2026-10-01T09:22:25.813+02:00 DEBUG 20356 --- [ulwembu-platform-api] [io-8081-exec-10] org.hibernate.SQL                        : select pp1_0.id,pp1_0.active,pp1_0.barcode,pp1_0.base_unit,pp1_0.batch_tracked,pp1_0.category,pp1_0.code,pp1_0.created_at,pp1_0.created_by,pp1_0.created_by_name,pp1_0.display_name,pp1_0.dosage_form,pp1_0.expiry_tracked,pp1_0.generic_name,pp1_0.manufacturer,pp1_0.pack_size,pp1_0.storage_instructions,pp1_0.strength,pp1_0.updated_at,pp1_0.updated_by,pp1_0.updated_by_name,pp1_0.version from pharmacy_products pp1_0 where pp1_0.id=?
2026-10-01T09:22:25.815+02:00 DEBUG 20356 --- [ulwembu-platform-api] [nio-8081-exec-5] org.hibernate.SQL                        : select psa1_0.id,psa1_0.batch_id,psa1_0.bucket,psa1_0.location_id,psa1_0.product_id,psa1_0.quantity from pharmacy_stock_accounts psa1_0 where psa1_0.product_id=?
2026-10-01T09:22:25.823+02:00 DEBUG 20356 --- [ulwembu-platform-api] [io-8081-exec-10] o.s.w.s.m.m.a.HttpEntityMethodProcessor  : Using 'application/json', given [*/*] and supported [application/json, application/*+json]
2026-10-01T09:22:25.824+02:00 DEBUG 20356 --- [ulwembu-platform-api] [io-8081-exec-10] o.s.w.s.m.m.a.HttpEntityMethodProcessor  : Writing [ProductResponse[id=50871aa0-c2ff-4090-8784-94401ccb7ac6, code=PARA, displayName=ethnol, genericName= (truncated)...]
2026-10-01T09:22:25.826+02:00 DEBUG 20356 --- [ulwembu-platform-api] [io-8081-exec-10] o.s.web.servlet.DispatcherServlet        : Completed 200 OK
2026-10-01T09:22:25.826+02:00 DEBUG 20356 --- [ulwembu-platform-api] [nio-8081-exec-5] org.hibernate.SQL                        : select pb1_0.id,pb1_0.created_at,pb1_0.created_by,pb1_0.created_by_name,pb1_0.expiry_date,pb1_0.expiry_precision,pb1_0.lot_number,pb1_0.manufacturer,pb1_0.printed_expiry,pb1_0.product_id from pharmacy_batches pb1_0 where pb1_0.product_id=? order by pb1_0.expiry_date
2026-10-01T09:22:25.834+02:00 DEBUG 20356 --- [ulwembu-platform-api] [nio-8081-exec-5] o.s.w.s.m.m.a.HttpEntityMethodProcessor  : Using 'application/json', given [*/*] and supported [application/json, application/*+json]
2026-10-01T09:22:25.834+02:00 DEBUG 20356 --- [ulwembu-platform-api] [nio-8081-exec-5] o.s.w.s.m.m.a.HttpEntityMethodProcessor  : Writing [{items=[]}]
2026-10-01T09:22:25.837+02:00 DEBUG 20356 --- [ulwembu-platform-api] [nio-8081-exec-5] o.s.web.servlet.DispatcherServlet        : Completed 200 OK
2026-10-01T09:25:55.187+02:00 DEBUG 20356 --- [ulwembu-platform-api] [nio-8081-exec-6] o.s.web.servlet.DispatcherServlet        : GET "/actuator/health", parameters={}
2026-10-01T09:25:55.188+02:00 DEBUG 20356 --- [ulwembu-platform-api] [nio-8081-exec-6] s.b.a.e.w.s.WebMvcEndpointHandlerMapping : Mapped to Actuator web endpoint 'health'
2026-10-01T09:25:55.188+02:00 DEBUG 20356 --- [ulwembu-platform-api] [nio-8081-exec-6] m.m.a.RequestResponseBodyMethodProcessor : Read "application/octet-stream" to []
2026-10-01T09:25:55.191+02:00 DEBUG 20356 --- [ulwembu-platform-api] [nio-8081-exec-6] o.s.w.s.m.m.a.HttpEntityMethodProcessor  : Using 'application/vnd.spring-boot.actuator.v3+json', given [*/*] and supported [application/vnd.spring-boot.actuator.v3+json, application/vnd.spring-boot.actuator.v2+json, application/json]
2026-10-01T09:25:55.192+02:00 DEBUG 20356 --- [ulwembu-platform-api] [nio-8081-exec-6] o.s.w.s.m.m.a.HttpEntityMethodProcessor  : Writing [org.springframework.boot.actuate.health.SystemHealth@7b29acbf]
2026-10-01T09:25:55.193+02:00 DEBUG 20356 --- [ulwembu-platform-api] [nio-8081-exec-6] o.s.web.servlet.DispatcherServlet        : Completed 200 OK
2026-10-01T09:30:40.546+02:00 DEBUG 20356 --- [ulwembu-platform-api] [nio-8081-exec-9] org.hibernate.SQL                        : select o1_0.id,o1_0.branding,o1_0.created_at,o1_0.display_name,o1_0.mail_settings,o1_0.profile,o1_0.schema_name,o1_0.sector,o1_0.slug,o1_0.sso_settings,o1_0.status,o1_0.tenant_code from control.organizations o1_0 where o1_0.slug=?
2026-10-01T09:30:40.551+02:00 DEBUG 20356 --- [ulwembu-platform-api] [nio-8081-exec-9] o.s.web.servlet.DispatcherServlet        : GET "/api/v1/public/organization", parameters={}
2026-10-01T09:30:40.551+02:00 DEBUG 20356 --- [ulwembu-platform-api] [nio-8081-exec-9] s.w.s.m.m.a.RequestMappingHandlerMapping : Mapped to co.ehealth.platform.core.tenant.PublicOrganizationController#getPublicOrganization()
2026-10-01T09:30:40.553+02:00 DEBUG 20356 --- [ulwembu-platform-api] [nio-8081-exec-9] org.hibernate.SQL                        : select o1_0.id,o1_0.branding,o1_0.created_at,o1_0.display_name,o1_0.mail_settings,o1_0.profile,o1_0.schema_name,o1_0.sector,o1_0.slug,o1_0.sso_settings,o1_0.status,o1_0.tenant_code from control.organizations o1_0 where o1_0.schema_name=?
2026-10-01T09:30:40.556+02:00 DEBUG 20356 --- [ulwembu-platform-api] [nio-8081-exec-9] o.s.w.s.m.m.a.HttpEntityMethodProcessor  : Using 'application/json', given [*/*] and supported [application/json, application/*+json]
2026-10-01T09:30:40.557+02:00 DEBUG 20356 --- [ulwembu-platform-api] [nio-8081-exec-9] o.s.w.s.m.m.a.HttpEntityMethodProcessor  : Writing [PublicOrganizationResponse[displayName=Demo Community Clinic, slug=demo-clinic, logoUrl=null, primar (truncated)...]
2026-10-01T09:30:40.558+02:00 DEBUG 20356 --- [ulwembu-platform-api] [nio-8081-exec-9] o.s.web.servlet.DispatcherServlet        : Completed 200 OK
2026-10-01T09:30:41.912+02:00 DEBUG 20356 --- [ulwembu-platform-api] [io-8081-exec-10] org.hibernate.SQL                        : select o1_0.id,o1_0.branding,o1_0.created_at,o1_0.display_name,o1_0.mail_settings,o1_0.profile,o1_0.schema_name,o1_0.sector,o1_0.slug,o1_0.sso_settings,o1_0.status,o1_0.tenant_code from control.organizations o1_0 where o1_0.slug=?
2026-10-01T09:30:41.917+02:00 DEBUG 20356 --- [ulwembu-platform-api] [io-8081-exec-10] o.s.web.servlet.DispatcherServlet        : POST "/api/v1/auth/login", parameters={}
2026-10-01T09:30:41.918+02:00 DEBUG 20356 --- [ulwembu-platform-api] [io-8081-exec-10] s.w.s.m.m.a.RequestMappingHandlerMapping : Mapped to co.ehealth.platform.identity.AuthController#login(LoginRequest)
2026-10-01T09:30:41.920+02:00 DEBUG 20356 --- [ulwembu-platform-api] [io-8081-exec-10] m.m.a.RequestResponseBodyMethodProcessor : Read "application/json;charset=UTF-8" to [LoginRequest[email=admin@democlinic.example, password=QPbNcyCn7kBtkUMB]]
2026-10-01T09:30:41.924+02:00 DEBUG 20356 --- [ulwembu-platform-api] [io-8081-exec-10] org.hibernate.SQL                        : select u1_0.id,u1_0.contact_number,u1_0.contact_verified_at,u1_0.date_of_birth,u1_0.department,u1_0.designation,u1_0.email,u1_0.email_verified_at,u1_0.emergency_contact_name,u1_0.emergency_contact_phone,u1_0.emergency_contact_relationship,u1_0.employee_number,u1_0.employment_end_date,u1_0.employment_start_date,u1_0.employment_type,u1_0.facility_id,u1_0.failed_login_count,u1_0.first_name,u1_0.gender,u1_0.hpcsa_expiry_date,u1_0.hpcsa_number,u1_0.id_number,u1_0.last_failed_login_at,u1_0.last_login_at,u1_0.last_name,u1_0.locked_at,u1_0.manager_id,u1_0.must_change_password,u1_0.password_hash,u1_0.profile_photo_url,u1_0.sanc_expiry_date,u1_0.sanc_number,u1_0.sapc_expiry_date,u1_0.sapc_number,u1_0.status,u1_0.token_version from users u1_0 where u1_0.email=?
2026-10-01T09:30:42.347+02:00 DEBUG 20356 --- [ulwembu-platform-api] [io-8081-exec-10] org.hibernate.SQL                        : update users set contact_number=?,contact_verified_at=?,date_of_birth=?,department=?,designation=?,email=?,email_verified_at=?,emergency_contact_name=?,emergency_contact_phone=?,emergency_contact_relationship=?,employee_number=?,employment_end_date=?,employment_start_date=?,employment_type=?,facility_id=?,failed_login_count=?,first_name=?,gender=?,hpcsa_expiry_date=?,hpcsa_number=?,id_number=?,last_failed_login_at=?,last_login_at=?,last_name=?,locked_at=?,manager_id=?,must_change_password=?,password_hash=?,profile_photo_url=?,sanc_expiry_date=?,sanc_number=?,sapc_expiry_date=?,sapc_number=?,status=?,token_version=? where id=?
2026-10-01T09:30:42.349+02:00 DEBUG 20356 --- [ulwembu-platform-api] [io-8081-exec-10] org.hibernate.SQL                        : select r.name from roles r, user_roles ur where ur.role_id = r.id and ur.user_id = ?
2026-10-01T09:30:42.353+02:00 DEBUG 20356 --- [ulwembu-platform-api] [io-8081-exec-10] org.hibernate.SQL                        : insert into audit_log (action,after_value,before_value,created_at,device_signature,entity_id,entity_type,facility_id,ip_address,user_id,id) values (?,?,?,?,?,?,?,?,?,?,?)
2026-10-01T09:30:42.358+02:00 DEBUG 20356 --- [ulwembu-platform-api] [io-8081-exec-10] org.hibernate.SQL                        : select u1_0.id,u1_0.contact_number,u1_0.contact_verified_at,u1_0.date_of_birth,u1_0.department,u1_0.designation,u1_0.email,u1_0.email_verified_at,u1_0.emergency_contact_name,u1_0.emergency_contact_phone,u1_0.emergency_contact_relationship,u1_0.employee_number,u1_0.employment_end_date,u1_0.employment_start_date,u1_0.employment_type,u1_0.facility_id,u1_0.failed_login_count,u1_0.first_name,u1_0.gender,u1_0.hpcsa_expiry_date,u1_0.hpcsa_number,u1_0.id_number,u1_0.last_failed_login_at,u1_0.last_login_at,u1_0.last_name,u1_0.locked_at,u1_0.manager_id,u1_0.must_change_password,u1_0.password_hash,u1_0.profile_photo_url,u1_0.sanc_expiry_date,u1_0.sanc_number,u1_0.sapc_expiry_date,u1_0.sapc_number,u1_0.status,u1_0.token_version from users u1_0 where u1_0.email=?
2026-10-01T09:30:42.361+02:00 DEBUG 20356 --- [ulwembu-platform-api] [io-8081-exec-10] o.s.w.s.m.m.a.HttpEntityMethodProcessor  : Using 'application/json', given [*/*] and supported [application/json, application/*+json]
2026-10-01T09:30:42.362+02:00 DEBUG 20356 --- [ulwembu-platform-api] [io-8081-exec-10] o.s.w.s.m.m.a.HttpEntityMethodProcessor  : Writing [LoginResponse[accessToken=eyJhbGciOiJIUzI1NiJ9.eyJqdGkiOiJiNTk0NmY2ZS04NTExLTQ0NGQtYTAzYi1lOGFiMzE4N (truncated)...]
2026-10-01T09:30:42.363+02:00 DEBUG 20356 --- [ulwembu-platform-api] [io-8081-exec-10] o.s.web.servlet.DispatcherServlet        : Completed 200 OK
2026-10-01T09:30:42.443+02:00 DEBUG 20356 --- [ulwembu-platform-api] [nio-8081-exec-4] org.hibernate.SQL                        : select o1_0.id,o1_0.branding,o1_0.created_at,o1_0.display_name,o1_0.mail_settings,o1_0.profile,o1_0.schema_name,o1_0.sector,o1_0.slug,o1_0.sso_settings,o1_0.status,o1_0.tenant_code from control.organizations o1_0 where o1_0.slug=?
2026-10-01T09:30:42.443+02:00 DEBUG 20356 --- [ulwembu-platform-api] [nio-8081-exec-1] org.hibernate.SQL                        : select o1_0.id,o1_0.branding,o1_0.created_at,o1_0.display_name,o1_0.mail_settings,o1_0.profile,o1_0.schema_name,o1_0.sector,o1_0.slug,o1_0.sso_settings,o1_0.status,o1_0.tenant_code from control.organizations o1_0 where o1_0.slug=?
2026-10-01T09:30:42.443+02:00 DEBUG 20356 --- [ulwembu-platform-api] [nio-8081-exec-6] org.hibernate.SQL                        : select o1_0.id,o1_0.branding,o1_0.created_at,o1_0.display_name,o1_0.mail_settings,o1_0.profile,o1_0.schema_name,o1_0.sector,o1_0.slug,o1_0.sso_settings,o1_0.status,o1_0.tenant_code from control.organizations o1_0 where o1_0.slug=?
2026-10-01T09:30:42.448+02:00 DEBUG 20356 --- [ulwembu-platform-api] [nio-8081-exec-6] org.hibernate.SQL                        : select u1_0.id,u1_0.contact_number,u1_0.contact_verified_at,u1_0.date_of_birth,u1_0.department,u1_0.designation,u1_0.email,u1_0.email_verified_at,u1_0.emergency_contact_name,u1_0.emergency_contact_phone,u1_0.emergency_contact_relationship,u1_0.employee_number,u1_0.employment_end_date,u1_0.employment_start_date,u1_0.employment_type,u1_0.facility_id,u1_0.failed_login_count,u1_0.first_name,u1_0.gender,u1_0.hpcsa_expiry_date,u1_0.hpcsa_number,u1_0.id_number,u1_0.last_failed_login_at,u1_0.last_login_at,u1_0.last_name,u1_0.locked_at,u1_0.manager_id,u1_0.must_change_password,u1_0.password_hash,u1_0.profile_photo_url,u1_0.sanc_expiry_date,u1_0.sanc_number,u1_0.sapc_expiry_date,u1_0.sapc_number,u1_0.status,u1_0.token_version from users u1_0 where u1_0.id=?
2026-10-01T09:30:42.448+02:00 DEBUG 20356 --- [ulwembu-platform-api] [nio-8081-exec-4] org.hibernate.SQL                        : select u1_0.id,u1_0.contact_number,u1_0.contact_verified_at,u1_0.date_of_birth,u1_0.department,u1_0.designation,u1_0.email,u1_0.email_verified_at,u1_0.emergency_contact_name,u1_0.emergency_contact_phone,u1_0.emergency_contact_relationship,u1_0.employee_number,u1_0.employment_end_date,u1_0.employment_start_date,u1_0.employment_type,u1_0.facility_id,u1_0.failed_login_count,u1_0.first_name,u1_0.gender,u1_0.hpcsa_expiry_date,u1_0.hpcsa_number,u1_0.id_number,u1_0.last_failed_login_at,u1_0.last_login_at,u1_0.last_name,u1_0.locked_at,u1_0.manager_id,u1_0.must_change_password,u1_0.password_hash,u1_0.profile_photo_url,u1_0.sanc_expiry_date,u1_0.sanc_number,u1_0.sapc_expiry_date,u1_0.sapc_number,u1_0.status,u1_0.token_version from users u1_0 where u1_0.id=?
2026-10-01T09:30:42.448+02:00 DEBUG 20356 --- [ulwembu-platform-api] [nio-8081-exec-1] org.hibernate.SQL                        : select u1_0.id,u1_0.contact_number,u1_0.contact_verified_at,u1_0.date_of_birth,u1_0.department,u1_0.designation,u1_0.email,u1_0.email_verified_at,u1_0.emergency_contact_name,u1_0.emergency_contact_phone,u1_0.emergency_contact_relationship,u1_0.employee_number,u1_0.employment_end_date,u1_0.employment_start_date,u1_0.employment_type,u1_0.facility_id,u1_0.failed_login_count,u1_0.first_name,u1_0.gender,u1_0.hpcsa_expiry_date,u1_0.hpcsa_number,u1_0.id_number,u1_0.last_failed_login_at,u1_0.last_login_at,u1_0.last_name,u1_0.locked_at,u1_0.manager_id,u1_0.must_change_password,u1_0.password_hash,u1_0.profile_photo_url,u1_0.sanc_expiry_date,u1_0.sanc_number,u1_0.sapc_expiry_date,u1_0.sapc_number,u1_0.status,u1_0.token_version from users u1_0 where u1_0.id=?
2026-10-01T09:30:42.451+02:00 DEBUG 20356 --- [ulwembu-platform-api] [nio-8081-exec-1] o.s.web.servlet.DispatcherServlet        : GET "/api/v1/admin/staff", parameters={}
2026-10-01T09:30:42.451+02:00 DEBUG 20356 --- [ulwembu-platform-api] [nio-8081-exec-6] o.s.web.servlet.DispatcherServlet        : GET "/api/v1/organization/modules", parameters={}
2026-10-01T09:30:42.451+02:00 DEBUG 20356 --- [ulwembu-platform-api] [nio-8081-exec-4] o.s.web.servlet.DispatcherServlet        : GET "/api/v1/organization", parameters={}
2026-10-01T09:30:42.451+02:00 DEBUG 20356 --- [ulwembu-platform-api] [nio-8081-exec-1] s.w.s.m.m.a.RequestMappingHandlerMapping : Mapped to co.ehealth.platform.identity.StaffController#list()
2026-10-01T09:30:42.451+02:00 DEBUG 20356 --- [ulwembu-platform-api] [nio-8081-exec-6] s.w.s.m.m.a.RequestMappingHandlerMapping : Mapped to co.ehealth.platform.core.tenant.OrganizationBrandingController#getModules()
2026-10-01T09:30:42.453+02:00 DEBUG 20356 --- [ulwembu-platform-api] [nio-8081-exec-4] s.w.s.m.m.a.RequestMappingHandlerMapping : Mapped to co.ehealth.platform.core.tenant.OrganizationBrandingController#getOrganization()
2026-10-01T09:30:42.455+02:00 DEBUG 20356 --- [ulwembu-platform-api] [nio-8081-exec-6] org.hibernate.SQL                        : select o1_0.id,o1_0.branding,o1_0.created_at,o1_0.display_name,o1_0.mail_settings,o1_0.profile,o1_0.schema_name,o1_0.sector,o1_0.slug,o1_0.sso_settings,o1_0.status,o1_0.tenant_code from control.organizations o1_0 where o1_0.schema_name=?
2026-10-01T09:30:42.455+02:00 DEBUG 20356 --- [ulwembu-platform-api] [nio-8081-exec-4] org.hibernate.SQL                        : select o1_0.id,o1_0.branding,o1_0.created_at,o1_0.display_name,o1_0.mail_settings,o1_0.profile,o1_0.schema_name,o1_0.sector,o1_0.slug,o1_0.sso_settings,o1_0.status,o1_0.tenant_code from control.organizations o1_0 where o1_0.schema_name=?
2026-10-01T09:30:42.455+02:00 DEBUG 20356 --- [ulwembu-platform-api] [nio-8081-exec-1] org.hibernate.SQL                        : select u1_0.id,u1_0.contact_number,u1_0.contact_verified_at,u1_0.date_of_birth,u1_0.department,u1_0.designation,u1_0.email,u1_0.email_verified_at,u1_0.emergency_contact_name,u1_0.emergency_contact_phone,u1_0.emergency_contact_relationship,u1_0.employee_number,u1_0.employment_end_date,u1_0.employment_start_date,u1_0.employment_type,u1_0.facility_id,u1_0.failed_login_count,u1_0.first_name,u1_0.gender,u1_0.hpcsa_expiry_date,u1_0.hpcsa_number,u1_0.id_number,u1_0.last_failed_login_at,u1_0.last_login_at,u1_0.last_name,u1_0.locked_at,u1_0.manager_id,u1_0.must_change_password,u1_0.password_hash,u1_0.profile_photo_url,u1_0.sanc_expiry_date,u1_0.sanc_number,u1_0.sapc_expiry_date,u1_0.sapc_number,u1_0.status,u1_0.token_version from users u1_0
2026-10-01T09:30:42.457+02:00 DEBUG 20356 --- [ulwembu-platform-api] [nio-8081-exec-4] o.s.w.s.m.m.a.HttpEntityMethodProcessor  : Using 'application/json', given [*/*] and supported [application/json, application/*+json]
2026-10-01T09:30:42.458+02:00 DEBUG 20356 --- [ulwembu-platform-api] [nio-8081-exec-4] o.s.w.s.m.m.a.HttpEntityMethodProcessor  : Writing [OrganizationSelfResponse[displayName=Demo Community Clinic, slug=demo-clinic, status=ACTIVE, sector= (truncated)...]
2026-10-01T09:30:42.458+02:00 DEBUG 20356 --- [ulwembu-platform-api] [nio-8081-exec-6] org.hibernate.SQL                        : select me1_0.id,me1_0.enabled,me1_0.module_code,me1_0.organization_id,me1_0.updated_at from control.module_entitlements me1_0 where me1_0.organization_id=?
2026-10-01T09:30:42.458+02:00 DEBUG 20356 --- [ulwembu-platform-api] [nio-8081-exec-4] o.s.web.servlet.DispatcherServlet        : Completed 200 OK
2026-10-01T09:30:42.459+02:00 DEBUG 20356 --- [ulwembu-platform-api] [nio-8081-exec-1] org.hibernate.SQL                        : select r.name from roles r, user_roles ur where ur.role_id = r.id and ur.user_id = ?
2026-10-01T09:30:42.462+02:00 DEBUG 20356 --- [ulwembu-platform-api] [nio-8081-exec-6] o.s.w.s.m.m.a.HttpEntityMethodProcessor  : Using 'application/json', given [*/*] and supported [application/json, application/*+json]
2026-10-01T09:30:42.462+02:00 DEBUG 20356 --- [ulwembu-platform-api] [nio-8081-exec-1] org.hibernate.SQL                        : select r.name from roles r, user_roles ur where ur.role_id = r.id and ur.user_id = ?
2026-10-01T09:30:42.462+02:00 DEBUG 20356 --- [ulwembu-platform-api] [nio-8081-exec-6] o.s.w.s.m.m.a.HttpEntityMethodProcessor  : Writing [{items=[ModuleEntitlementView[code=SADM, displayName=Platform Administration & Tenant Lifecycle, pha (truncated)...]
2026-10-01T09:30:42.465+02:00 DEBUG 20356 --- [ulwembu-platform-api] [nio-8081-exec-6] o.s.web.servlet.DispatcherServlet        : Completed 200 OK
2026-10-01T09:30:42.466+02:00 DEBUG 20356 --- [ulwembu-platform-api] [nio-8081-exec-1] org.hibernate.SQL                        : select r.name from roles r, user_roles ur where ur.role_id = r.id and ur.user_id = ?
2026-10-01T09:30:42.468+02:00 DEBUG 20356 --- [ulwembu-platform-api] [nio-8081-exec-1] org.hibernate.SQL                        : select r.name from roles r, user_roles ur where ur.role_id = r.id and ur.user_id = ?
2026-10-01T09:30:42.470+02:00 DEBUG 20356 --- [ulwembu-platform-api] [nio-8081-exec-1] org.hibernate.SQL                        : select r.name from roles r, user_roles ur where ur.role_id = r.id and ur.user_id = ?
2026-10-01T09:30:42.472+02:00 DEBUG 20356 --- [ulwembu-platform-api] [nio-8081-exec-1] org.hibernate.SQL                        : select r.name from roles r, user_roles ur where ur.role_id = r.id and ur.user_id = ?
2026-10-01T09:30:42.476+02:00 DEBUG 20356 --- [ulwembu-platform-api] [nio-8081-exec-1] org.hibernate.SQL                        : select r.name from roles r, user_roles ur where ur.role_id = r.id and ur.user_id = ?
2026-10-01T09:30:42.479+02:00 DEBUG 20356 --- [ulwembu-platform-api] [nio-8081-exec-1] o.s.w.s.m.m.a.HttpEntityMethodProcessor  : Using 'application/json', given [*/*] and supported [application/json, application/*+json]
2026-10-01T09:30:42.479+02:00 DEBUG 20356 --- [ulwembu-platform-api] [nio-8081-exec-1] o.s.w.s.m.m.a.HttpEntityMethodProcessor  : Writing [{items=[StaffRosterEntry[id=b5f7b3c2-a88d-48bf-89e1-90139f9aec42, employeeNumber=EMP-1001, firstName (truncated)...]
2026-10-01T09:30:42.482+02:00 DEBUG 20356 --- [ulwembu-platform-api] [nio-8081-exec-1] o.s.web.servlet.DispatcherServlet        : Completed 200 OK
2026-10-01T09:30:45.775+02:00 DEBUG 20356 --- [ulwembu-platform-api] [nio-8081-exec-9] org.hibernate.SQL                        : select o1_0.id,o1_0.branding,o1_0.created_at,o1_0.display_name,o1_0.mail_settings,o1_0.profile,o1_0.schema_name,o1_0.sector,o1_0.slug,o1_0.sso_settings,o1_0.status,o1_0.tenant_code from control.organizations o1_0 where o1_0.slug=?
2026-10-01T09:30:45.779+02:00 DEBUG 20356 --- [ulwembu-platform-api] [nio-8081-exec-3] org.hibernate.SQL                        : select o1_0.id,o1_0.branding,o1_0.created_at,o1_0.display_name,o1_0.mail_settings,o1_0.profile,o1_0.schema_name,o1_0.sector,o1_0.slug,o1_0.sso_settings,o1_0.status,o1_0.tenant_code from control.organizations o1_0 where o1_0.slug=?
2026-10-01T09:30:45.784+02:00 DEBUG 20356 --- [ulwembu-platform-api] [nio-8081-exec-9] org.hibernate.SQL                        : select u1_0.id,u1_0.contact_number,u1_0.contact_verified_at,u1_0.date_of_birth,u1_0.department,u1_0.designation,u1_0.email,u1_0.email_verified_at,u1_0.emergency_contact_name,u1_0.emergency_contact_phone,u1_0.emergency_contact_relationship,u1_0.employee_number,u1_0.employment_end_date,u1_0.employment_start_date,u1_0.employment_type,u1_0.facility_id,u1_0.failed_login_count,u1_0.first_name,u1_0.gender,u1_0.hpcsa_expiry_date,u1_0.hpcsa_number,u1_0.id_number,u1_0.last_failed_login_at,u1_0.last_login_at,u1_0.last_name,u1_0.locked_at,u1_0.manager_id,u1_0.must_change_password,u1_0.password_hash,u1_0.profile_photo_url,u1_0.sanc_expiry_date,u1_0.sanc_number,u1_0.sapc_expiry_date,u1_0.sapc_number,u1_0.status,u1_0.token_version from users u1_0 where u1_0.id=?
2026-10-01T09:30:45.784+02:00 DEBUG 20356 --- [ulwembu-platform-api] [nio-8081-exec-3] org.hibernate.SQL                        : select u1_0.id,u1_0.contact_number,u1_0.contact_verified_at,u1_0.date_of_birth,u1_0.department,u1_0.designation,u1_0.email,u1_0.email_verified_at,u1_0.emergency_contact_name,u1_0.emergency_contact_phone,u1_0.emergency_contact_relationship,u1_0.employee_number,u1_0.employment_end_date,u1_0.employment_start_date,u1_0.employment_type,u1_0.facility_id,u1_0.failed_login_count,u1_0.first_name,u1_0.gender,u1_0.hpcsa_expiry_date,u1_0.hpcsa_number,u1_0.id_number,u1_0.last_failed_login_at,u1_0.last_login_at,u1_0.last_name,u1_0.locked_at,u1_0.manager_id,u1_0.must_change_password,u1_0.password_hash,u1_0.profile_photo_url,u1_0.sanc_expiry_date,u1_0.sanc_number,u1_0.sapc_expiry_date,u1_0.sapc_number,u1_0.status,u1_0.token_version from users u1_0 where u1_0.id=?
2026-10-01T09:30:45.789+02:00 DEBUG 20356 --- [ulwembu-platform-api] [nio-8081-exec-3] o.s.web.servlet.DispatcherServlet        : GET "/api/v1/facilities", parameters={}
2026-10-01T09:30:45.791+02:00 DEBUG 20356 --- [ulwembu-platform-api] [nio-8081-exec-3] s.w.s.m.m.a.RequestMappingHandlerMapping : Mapped to co.ehealth.platform.facility.FacilityController#list()
2026-10-01T09:30:45.791+02:00 DEBUG 20356 --- [ulwembu-platform-api] [nio-8081-exec-9] o.s.web.servlet.DispatcherServlet        : GET "/api/v1/admin/staff", parameters={}
2026-10-01T09:30:45.792+02:00 DEBUG 20356 --- [ulwembu-platform-api] [nio-8081-exec-9] s.w.s.m.m.a.RequestMappingHandlerMapping : Mapped to co.ehealth.platform.identity.StaffController#list()
2026-10-01T09:30:45.794+02:00 DEBUG 20356 --- [ulwembu-platform-api] [nio-8081-exec-3] org.hibernate.SQL                        : select f1_0.id,f1_0.active,f1_0.address,f1_0.code,f1_0.daily_appointment_limit,f1_0.name,f1_0.operating_hours,f1_0.phone,f1_0.timezone,f1_0.type from facilities f1_0 where f1_0.active order by f1_0.name
2026-10-01T09:30:45.794+02:00 DEBUG 20356 --- [ulwembu-platform-api] [nio-8081-exec-9] org.hibernate.SQL                        : select u1_0.id,u1_0.contact_number,u1_0.contact_verified_at,u1_0.date_of_birth,u1_0.department,u1_0.designation,u1_0.email,u1_0.email_verified_at,u1_0.emergency_contact_name,u1_0.emergency_contact_phone,u1_0.emergency_contact_relationship,u1_0.employee_number,u1_0.employment_end_date,u1_0.employment_start_date,u1_0.employment_type,u1_0.facility_id,u1_0.failed_login_count,u1_0.first_name,u1_0.gender,u1_0.hpcsa_expiry_date,u1_0.hpcsa_number,u1_0.id_number,u1_0.last_failed_login_at,u1_0.last_login_at,u1_0.last_name,u1_0.locked_at,u1_0.manager_id,u1_0.must_change_password,u1_0.password_hash,u1_0.profile_photo_url,u1_0.sanc_expiry_date,u1_0.sanc_number,u1_0.sapc_expiry_date,u1_0.sapc_number,u1_0.status,u1_0.token_version from users u1_0
2026-10-01T09:30:45.796+02:00 DEBUG 20356 --- [ulwembu-platform-api] [nio-8081-exec-3] m.m.a.RequestResponseBodyMethodProcessor : Using 'application/json', given [*/*] and supported [application/json, application/*+json]
2026-10-01T09:30:45.797+02:00 DEBUG 20356 --- [ulwembu-platform-api] [nio-8081-exec-3] m.m.a.RequestResponseBodyMethodProcessor : Writing [{items=[{id=a7ee88e2-3a54-4d1f-8c46-59075756ae12, name=Demo Main Clinic}, {id=aa7942b0-2bd2-4e25-95c (truncated)...]
2026-10-01T09:30:45.798+02:00 DEBUG 20356 --- [ulwembu-platform-api] [nio-8081-exec-3] o.s.web.servlet.DispatcherServlet        : Completed 200 OK
2026-10-01T09:30:45.805+02:00 DEBUG 20356 --- [ulwembu-platform-api] [nio-8081-exec-9] org.hibernate.SQL                        : select r.name from roles r, user_roles ur where ur.role_id = r.id and ur.user_id = ?
2026-10-01T09:30:45.816+02:00 DEBUG 20356 --- [ulwembu-platform-api] [nio-8081-exec-9] org.hibernate.SQL                        : select r.name from roles r, user_roles ur where ur.role_id = r.id and ur.user_id = ?
2026-10-01T09:30:45.819+02:00 DEBUG 20356 --- [ulwembu-platform-api] [nio-8081-exec-9] org.hibernate.SQL                        : select r.name from roles r, user_roles ur where ur.role_id = r.id and ur.user_id = ?
2026-10-01T09:30:45.826+02:00 DEBUG 20356 --- [ulwembu-platform-api] [nio-8081-exec-9] org.hibernate.SQL                        : select r.name from roles r, user_roles ur where ur.role_id = r.id and ur.user_id = ?
2026-10-01T09:30:45.828+02:00 DEBUG 20356 --- [ulwembu-platform-api] [nio-8081-exec-9] org.hibernate.SQL                        : select r.name from roles r, user_roles ur where ur.role_id = r.id and ur.user_id = ?
2026-10-01T09:30:45.830+02:00 DEBUG 20356 --- [ulwembu-platform-api] [nio-8081-exec-9] org.hibernate.SQL                        : select r.name from roles r, user_roles ur where ur.role_id = r.id and ur.user_id = ?
2026-10-01T09:30:45.831+02:00 DEBUG 20356 --- [ulwembu-platform-api] [nio-8081-exec-9] org.hibernate.SQL                        : select r.name from roles r, user_roles ur where ur.role_id = r.id and ur.user_id = ?
2026-10-01T09:30:45.834+02:00 DEBUG 20356 --- [ulwembu-platform-api] [nio-8081-exec-9] o.s.w.s.m.m.a.HttpEntityMethodProcessor  : Using 'application/json', given [*/*] and supported [application/json, application/*+json]
2026-10-01T09:30:45.834+02:00 DEBUG 20356 --- [ulwembu-platform-api] [nio-8081-exec-9] o.s.w.s.m.m.a.HttpEntityMethodProcessor  : Writing [{items=[StaffRosterEntry[id=b5f7b3c2-a88d-48bf-89e1-90139f9aec42, employeeNumber=EMP-1001, firstName (truncated)...]
2026-10-01T09:30:45.836+02:00 DEBUG 20356 --- [ulwembu-platform-api] [nio-8081-exec-9] o.s.web.servlet.DispatcherServlet        : Completed 200 OK
2026-10-01T09:30:47.910+02:00 DEBUG 20356 --- [ulwembu-platform-api] [io-8081-exec-10] org.hibernate.SQL                        : select o1_0.id,o1_0.branding,o1_0.created_at,o1_0.display_name,o1_0.mail_settings,o1_0.profile,o1_0.schema_name,o1_0.sector,o1_0.slug,o1_0.sso_settings,o1_0.status,o1_0.tenant_code from control.organizations o1_0 where o1_0.slug=?
2026-10-01T09:30:47.919+02:00 DEBUG 20356 --- [ulwembu-platform-api] [io-8081-exec-10] org.hibernate.SQL                        : select u1_0.id,u1_0.contact_number,u1_0.contact_verified_at,u1_0.date_of_birth,u1_0.department,u1_0.designation,u1_0.email,u1_0.email_verified_at,u1_0.emergency_contact_name,u1_0.emergency_contact_phone,u1_0.emergency_contact_relationship,u1_0.employee_number,u1_0.employment_end_date,u1_0.employment_start_date,u1_0.employment_type,u1_0.facility_id,u1_0.failed_login_count,u1_0.first_name,u1_0.gender,u1_0.hpcsa_expiry_date,u1_0.hpcsa_number,u1_0.id_number,u1_0.last_failed_login_at,u1_0.last_login_at,u1_0.last_name,u1_0.locked_at,u1_0.manager_id,u1_0.must_change_password,u1_0.password_hash,u1_0.profile_photo_url,u1_0.sanc_expiry_date,u1_0.sanc_number,u1_0.sapc_expiry_date,u1_0.sapc_number,u1_0.status,u1_0.token_version from users u1_0 where u1_0.id=?
2026-10-01T09:30:47.927+02:00 DEBUG 20356 --- [ulwembu-platform-api] [io-8081-exec-10] o.s.web.servlet.DispatcherServlet        : GET "/api/v1/facilities", parameters={}
2026-10-01T09:30:47.928+02:00 DEBUG 20356 --- [ulwembu-platform-api] [io-8081-exec-10] s.w.s.m.m.a.RequestMappingHandlerMapping : Mapped to co.ehealth.platform.facility.FacilityController#list()
2026-10-01T09:30:47.929+02:00 DEBUG 20356 --- [ulwembu-platform-api] [io-8081-exec-10] org.hibernate.SQL                        : select f1_0.id,f1_0.active,f1_0.address,f1_0.code,f1_0.daily_appointment_limit,f1_0.name,f1_0.operating_hours,f1_0.phone,f1_0.timezone,f1_0.type from facilities f1_0 where f1_0.active order by f1_0.name
2026-10-01T09:30:47.929+02:00 DEBUG 20356 --- [ulwembu-platform-api] [nio-8081-exec-2] org.hibernate.SQL                        : select o1_0.id,o1_0.branding,o1_0.created_at,o1_0.display_name,o1_0.mail_settings,o1_0.profile,o1_0.schema_name,o1_0.sector,o1_0.slug,o1_0.sso_settings,o1_0.status,o1_0.tenant_code from control.organizations o1_0 where o1_0.slug=?
2026-10-01T09:30:47.933+02:00 DEBUG 20356 --- [ulwembu-platform-api] [io-8081-exec-10] m.m.a.RequestResponseBodyMethodProcessor : Using 'application/json', given [*/*] and supported [application/json, application/*+json]
2026-10-01T09:30:47.934+02:00 DEBUG 20356 --- [ulwembu-platform-api] [io-8081-exec-10] m.m.a.RequestResponseBodyMethodProcessor : Writing [{items=[{id=a7ee88e2-3a54-4d1f-8c46-59075756ae12, name=Demo Main Clinic}, {id=aa7942b0-2bd2-4e25-95c (truncated)...]
2026-10-01T09:30:47.935+02:00 DEBUG 20356 --- [ulwembu-platform-api] [io-8081-exec-10] o.s.web.servlet.DispatcherServlet        : Completed 200 OK
2026-10-01T09:30:47.936+02:00 DEBUG 20356 --- [ulwembu-platform-api] [nio-8081-exec-2] org.hibernate.SQL                        : select u1_0.id,u1_0.contact_number,u1_0.contact_verified_at,u1_0.date_of_birth,u1_0.department,u1_0.designation,u1_0.email,u1_0.email_verified_at,u1_0.emergency_contact_name,u1_0.emergency_contact_phone,u1_0.emergency_contact_relationship,u1_0.employee_number,u1_0.employment_end_date,u1_0.employment_start_date,u1_0.employment_type,u1_0.facility_id,u1_0.failed_login_count,u1_0.first_name,u1_0.gender,u1_0.hpcsa_expiry_date,u1_0.hpcsa_number,u1_0.id_number,u1_0.last_failed_login_at,u1_0.last_login_at,u1_0.last_name,u1_0.locked_at,u1_0.manager_id,u1_0.must_change_password,u1_0.password_hash,u1_0.profile_photo_url,u1_0.sanc_expiry_date,u1_0.sanc_number,u1_0.sapc_expiry_date,u1_0.sapc_number,u1_0.status,u1_0.token_version from users u1_0 where u1_0.id=?
2026-10-01T09:30:47.938+02:00 DEBUG 20356 --- [ulwembu-platform-api] [nio-8081-exec-2] o.s.web.servlet.DispatcherServlet        : GET "/api/v1/queue?facilityId=a7ee88e2-3a54-4d1f-8c46-59075756ae12&status=ISSUED&status=CALLED&status=MISSED&date=2026-10-01&page=0&pageSize=25", parameters={masked}
2026-10-01T09:30:47.939+02:00 DEBUG 20356 --- [ulwembu-platform-api] [nio-8081-exec-2] s.w.s.m.m.a.RequestMappingHandlerMapping : Mapped to co.ehealth.platform.visit.QueueController#list(UUID, String, Set, TokenPriority, LocalDate, int, int)
2026-10-01T09:30:47.942+02:00 DEBUG 20356 --- [ulwembu-platform-api] [nio-8081-exec-2] org.hibernate.SQL                        : SELECT DISTINCT p.code FROM permissions p
JOIN role_permissions rp ON rp.permission_id = p.id
JOIN roles r ON r.id = rp.role_id
WHERE r.name IN (?)

2026-10-01T09:30:47.946+02:00 DEBUG 20356 --- [ulwembu-platform-api] [nio-8081-exec-2] org.hibernate.SQL                        : select f1_0.id,f1_0.active,f1_0.address,f1_0.code,f1_0.daily_appointment_limit,f1_0.name,f1_0.operating_hours,f1_0.phone,f1_0.timezone,f1_0.type from facilities f1_0 where f1_0.id=?
2026-10-01T09:30:47.950+02:00 DEBUG 20356 --- [ulwembu-platform-api] [nio-8081-exec-2] org.hibernate.SQL                        : select qt1_0.id,qt1_0.called_at,qt1_0.cancel_reason,qt1_0.cancelled_at,qt1_0.cancelled_by_user_id,qt1_0.completed_at,qt1_0.facility_id,qt1_0.issued_at,qt1_0.issued_by_user_id,qt1_0.is_manual,qt1_0.missed_at,qt1_0.priority,qt1_0.status,qt1_0.token_number,qt1_0.visit_id from queue_tokens qt1_0 where qt1_0.facility_id=? and qt1_0.issued_at>=? and qt1_0.issued_at<? order by case qt1_0.status when 'CALLED' then 0 when 'ISSUED' then 1 else 2 end,case when qt1_0.priority='PRIORITY' then 0 else 1 end,qt1_0.issued_at
2026-10-01T09:30:47.954+02:00 DEBUG 20356 --- [ulwembu-platform-api] [nio-8081-exec-2] o.s.w.s.m.m.a.HttpEntityMethodProcessor  : Using 'application/json', given [*/*] and supported [application/json, application/*+json]
2026-10-01T09:30:47.955+02:00 DEBUG 20356 --- [ulwembu-platform-api] [nio-8081-exec-2] o.s.w.s.m.m.a.HttpEntityMethodProcessor  : Writing [{date=2026-10-01, pageSize=25, totalPages=0, page=0, items=[], totalElements=0}]
2026-10-01T09:30:47.957+02:00 DEBUG 20356 --- [ulwembu-platform-api] [nio-8081-exec-2] o.s.web.servlet.DispatcherServlet        : Completed 200 OK
2026-10-01T09:30:52.972+02:00 DEBUG 20356 --- [ulwembu-platform-api] [nio-8081-exec-4] org.hibernate.SQL                        : select o1_0.id,o1_0.branding,o1_0.created_at,o1_0.display_name,o1_0.mail_settings,o1_0.profile,o1_0.schema_name,o1_0.sector,o1_0.slug,o1_0.sso_settings,o1_0.status,o1_0.tenant_code from control.organizations o1_0 where o1_0.slug=?
2026-10-01T09:30:52.978+02:00 DEBUG 20356 --- [ulwembu-platform-api] [nio-8081-exec-4] org.hibernate.SQL                        : select u1_0.id,u1_0.contact_number,u1_0.contact_verified_at,u1_0.date_of_birth,u1_0.department,u1_0.designation,u1_0.email,u1_0.email_verified_at,u1_0.emergency_contact_name,u1_0.emergency_contact_phone,u1_0.emergency_contact_relationship,u1_0.employee_number,u1_0.employment_end_date,u1_0.employment_start_date,u1_0.employment_type,u1_0.facility_id,u1_0.failed_login_count,u1_0.first_name,u1_0.gender,u1_0.hpcsa_expiry_date,u1_0.hpcsa_number,u1_0.id_number,u1_0.last_failed_login_at,u1_0.last_login_at,u1_0.last_name,u1_0.locked_at,u1_0.manager_id,u1_0.must_change_password,u1_0.password_hash,u1_0.profile_photo_url,u1_0.sanc_expiry_date,u1_0.sanc_number,u1_0.sapc_expiry_date,u1_0.sapc_number,u1_0.status,u1_0.token_version from users u1_0 where u1_0.id=?
2026-10-01T09:30:52.981+02:00 DEBUG 20356 --- [ulwembu-platform-api] [nio-8081-exec-4] o.s.web.servlet.DispatcherServlet        : GET "/api/v1/queue?facilityId=a7ee88e2-3a54-4d1f-8c46-59075756ae12&status=ISSUED&status=CALLED&status=MISSED&date=2026-10-01&page=0&pageSize=25", parameters={masked}
2026-10-01T09:30:52.982+02:00 DEBUG 20356 --- [ulwembu-platform-api] [nio-8081-exec-4] s.w.s.m.m.a.RequestMappingHandlerMapping : Mapped to co.ehealth.platform.visit.QueueController#list(UUID, String, Set, TokenPriority, LocalDate, int, int)
2026-10-01T09:30:52.984+02:00 DEBUG 20356 --- [ulwembu-platform-api] [nio-8081-exec-4] org.hibernate.SQL                        : SELECT DISTINCT p.code FROM permissions p
JOIN role_permissions rp ON rp.permission_id = p.id
JOIN roles r ON r.id = rp.role_id
WHERE r.name IN (?)

2026-10-01T09:30:52.988+02:00 DEBUG 20356 --- [ulwembu-platform-api] [nio-8081-exec-4] org.hibernate.SQL                        : select f1_0.id,f1_0.active,f1_0.address,f1_0.code,f1_0.daily_appointment_limit,f1_0.name,f1_0.operating_hours,f1_0.phone,f1_0.timezone,f1_0.type from facilities f1_0 where f1_0.id=?
2026-10-01T09:30:52.992+02:00 DEBUG 20356 --- [ulwembu-platform-api] [nio-8081-exec-4] org.hibernate.SQL                        : select qt1_0.id,qt1_0.called_at,qt1_0.cancel_reason,qt1_0.cancelled_at,qt1_0.cancelled_by_user_id,qt1_0.completed_at,qt1_0.facility_id,qt1_0.issued_at,qt1_0.issued_by_user_id,qt1_0.is_manual,qt1_0.missed_at,qt1_0.priority,qt1_0.status,qt1_0.token_number,qt1_0.visit_id from queue_tokens qt1_0 where qt1_0.facility_id=? and qt1_0.issued_at>=? and qt1_0.issued_at<? order by case qt1_0.status when 'CALLED' then 0 when 'ISSUED' then 1 else 2 end,case when qt1_0.priority='PRIORITY' then 0 else 1 end,qt1_0.issued_at
2026-10-01T09:30:52.996+02:00 DEBUG 20356 --- [ulwembu-platform-api] [nio-8081-exec-4] o.s.w.s.m.m.a.HttpEntityMethodProcessor  : Using 'application/json', given [*/*] and supported [application/json, application/*+json]
2026-10-01T09:30:52.997+02:00 DEBUG 20356 --- [ulwembu-platform-api] [nio-8081-exec-4] o.s.w.s.m.m.a.HttpEntityMethodProcessor  : Writing [{date=2026-10-01, pageSize=25, totalPages=0, page=0, items=[], totalElements=0}]
2026-10-01T09:30:52.997+02:00 DEBUG 20356 --- [ulwembu-platform-api] [nio-8081-exec-4] o.s.web.servlet.DispatcherServlet        : Completed 200 OK
2026-10-01T09:30:58.018+02:00 DEBUG 20356 --- [ulwembu-platform-api] [nio-8081-exec-1] org.hibernate.SQL                        : select o1_0.id,o1_0.branding,o1_0.created_at,o1_0.display_name,o1_0.mail_settings,o1_0.profile,o1_0.schema_name,o1_0.sector,o1_0.slug,o1_0.sso_settings,o1_0.status,o1_0.tenant_code from control.organizations o1_0 where o1_0.slug=?
2026-10-01T09:30:58.024+02:00 DEBUG 20356 --- [ulwembu-platform-api] [nio-8081-exec-1] org.hibernate.SQL                        : select u1_0.id,u1_0.contact_number,u1_0.contact_verified_at,u1_0.date_of_birth,u1_0.department,u1_0.designation,u1_0.email,u1_0.email_verified_at,u1_0.emergency_contact_name,u1_0.emergency_contact_phone,u1_0.emergency_contact_relationship,u1_0.employee_number,u1_0.employment_end_date,u1_0.employment_start_date,u1_0.employment_type,u1_0.facility_id,u1_0.failed_login_count,u1_0.first_name,u1_0.gender,u1_0.hpcsa_expiry_date,u1_0.hpcsa_number,u1_0.id_number,u1_0.last_failed_login_at,u1_0.last_login_at,u1_0.last_name,u1_0.locked_at,u1_0.manager_id,u1_0.must_change_password,u1_0.password_hash,u1_0.profile_photo_url,u1_0.sanc_expiry_date,u1_0.sanc_number,u1_0.sapc_expiry_date,u1_0.sapc_number,u1_0.status,u1_0.token_version from users u1_0 where u1_0.id=?
2026-10-01T09:30:58.027+02:00 DEBUG 20356 --- [ulwembu-platform-api] [nio-8081-exec-1] o.s.web.servlet.DispatcherServlet        : GET "/api/v1/queue?facilityId=a7ee88e2-3a54-4d1f-8c46-59075756ae12&status=ISSUED&status=CALLED&status=MISSED&date=2026-10-01&page=0&pageSize=25", parameters={masked}
2026-10-01T09:30:58.028+02:00 DEBUG 20356 --- [ulwembu-platform-api] [nio-8081-exec-1] s.w.s.m.m.a.RequestMappingHandlerMapping : Mapped to co.ehealth.platform.visit.QueueController#list(UUID, String, Set, TokenPriority, LocalDate, int, int)
2026-10-01T09:30:58.030+02:00 DEBUG 20356 --- [ulwembu-platform-api] [nio-8081-exec-1] org.hibernate.SQL                        : SELECT DISTINCT p.code FROM permissions p
JOIN role_permissions rp ON rp.permission_id = p.id
JOIN roles r ON r.id = rp.role_id
WHERE r.name IN (?)

2026-10-01T09:30:58.034+02:00 DEBUG 20356 --- [ulwembu-platform-api] [nio-8081-exec-1] org.hibernate.SQL                        : select f1_0.id,f1_0.active,f1_0.address,f1_0.code,f1_0.daily_appointment_limit,f1_0.name,f1_0.operating_hours,f1_0.phone,f1_0.timezone,f1_0.type from facilities f1_0 where f1_0.id=?
2026-10-01T09:30:58.037+02:00 DEBUG 20356 --- [ulwembu-platform-api] [nio-8081-exec-1] org.hibernate.SQL                        : select qt1_0.id,qt1_0.called_at,qt1_0.cancel_reason,qt1_0.cancelled_at,qt1_0.cancelled_by_user_id,qt1_0.completed_at,qt1_0.facility_id,qt1_0.issued_at,qt1_0.issued_by_user_id,qt1_0.is_manual,qt1_0.missed_at,qt1_0.priority,qt1_0.status,qt1_0.token_number,qt1_0.visit_id from queue_tokens qt1_0 where qt1_0.facility_id=? and qt1_0.issued_at>=? and qt1_0.issued_at<? order by case qt1_0.status when 'CALLED' then 0 when 'ISSUED' then 1 else 2 end,case when qt1_0.priority='PRIORITY' then 0 else 1 end,qt1_0.issued_at
2026-10-01T09:30:58.040+02:00 DEBUG 20356 --- [ulwembu-platform-api] [nio-8081-exec-1] o.s.w.s.m.m.a.HttpEntityMethodProcessor  : Using 'application/json', given [*/*] and supported [application/json, application/*+json]
2026-10-01T09:30:58.040+02:00 DEBUG 20356 --- [ulwembu-platform-api] [nio-8081-exec-1] o.s.w.s.m.m.a.HttpEntityMethodProcessor  : Writing [{date=2026-10-01, pageSize=25, totalPages=0, page=0, items=[], totalElements=0}]
2026-10-01T09:30:58.042+02:00 DEBUG 20356 --- [ulwembu-platform-api] [nio-8081-exec-1] o.s.web.servlet.DispatcherServlet        : Completed 200 OK
2026-10-01T09:30:58.205+02:00 DEBUG 20356 --- [ulwembu-platform-api] [nio-8081-exec-2] org.hibernate.SQL                        : select o1_0.id,o1_0.branding,o1_0.created_at,o1_0.display_name,o1_0.mail_settings,o1_0.profile,o1_0.schema_name,o1_0.sector,o1_0.slug,o1_0.sso_settings,o1_0.status,o1_0.tenant_code from control.organizations o1_0 where o1_0.slug=?
2026-10-01T09:30:58.205+02:00 DEBUG 20356 --- [ulwembu-platform-api] [nio-8081-exec-5] org.hibernate.SQL                        : select o1_0.id,o1_0.branding,o1_0.created_at,o1_0.display_name,o1_0.mail_settings,o1_0.profile,o1_0.schema_name,o1_0.sector,o1_0.slug,o1_0.sso_settings,o1_0.status,o1_0.tenant_code from control.organizations o1_0 where o1_0.slug=?
2026-10-01T09:30:58.205+02:00 DEBUG 20356 --- [ulwembu-platform-api] [io-8081-exec-10] org.hibernate.SQL                        : select o1_0.id,o1_0.branding,o1_0.created_at,o1_0.display_name,o1_0.mail_settings,o1_0.profile,o1_0.schema_name,o1_0.sector,o1_0.slug,o1_0.sso_settings,o1_0.status,o1_0.tenant_code from control.organizations o1_0 where o1_0.slug=?
2026-10-01T09:30:58.211+02:00 DEBUG 20356 --- [ulwembu-platform-api] [nio-8081-exec-5] org.hibernate.SQL                        : select u1_0.id,u1_0.contact_number,u1_0.contact_verified_at,u1_0.date_of_birth,u1_0.department,u1_0.designation,u1_0.email,u1_0.email_verified_at,u1_0.emergency_contact_name,u1_0.emergency_contact_phone,u1_0.emergency_contact_relationship,u1_0.employee_number,u1_0.employment_end_date,u1_0.employment_start_date,u1_0.employment_type,u1_0.facility_id,u1_0.failed_login_count,u1_0.first_name,u1_0.gender,u1_0.hpcsa_expiry_date,u1_0.hpcsa_number,u1_0.id_number,u1_0.last_failed_login_at,u1_0.last_login_at,u1_0.last_name,u1_0.locked_at,u1_0.manager_id,u1_0.must_change_password,u1_0.password_hash,u1_0.profile_photo_url,u1_0.sanc_expiry_date,u1_0.sanc_number,u1_0.sapc_expiry_date,u1_0.sapc_number,u1_0.status,u1_0.token_version from users u1_0 where u1_0.id=?
2026-10-01T09:30:58.211+02:00 DEBUG 20356 --- [ulwembu-platform-api] [io-8081-exec-10] org.hibernate.SQL                        : select u1_0.id,u1_0.contact_number,u1_0.contact_verified_at,u1_0.date_of_birth,u1_0.department,u1_0.designation,u1_0.email,u1_0.email_verified_at,u1_0.emergency_contact_name,u1_0.emergency_contact_phone,u1_0.emergency_contact_relationship,u1_0.employee_number,u1_0.employment_end_date,u1_0.employment_start_date,u1_0.employment_type,u1_0.facility_id,u1_0.failed_login_count,u1_0.first_name,u1_0.gender,u1_0.hpcsa_expiry_date,u1_0.hpcsa_number,u1_0.id_number,u1_0.last_failed_login_at,u1_0.last_login_at,u1_0.last_name,u1_0.locked_at,u1_0.manager_id,u1_0.must_change_password,u1_0.password_hash,u1_0.profile_photo_url,u1_0.sanc_expiry_date,u1_0.sanc_number,u1_0.sapc_expiry_date,u1_0.sapc_number,u1_0.status,u1_0.token_version from users u1_0 where u1_0.id=?
2026-10-01T09:30:58.211+02:00 DEBUG 20356 --- [ulwembu-platform-api] [nio-8081-exec-2] org.hibernate.SQL                        : select u1_0.id,u1_0.contact_number,u1_0.contact_verified_at,u1_0.date_of_birth,u1_0.department,u1_0.designation,u1_0.email,u1_0.email_verified_at,u1_0.emergency_contact_name,u1_0.emergency_contact_phone,u1_0.emergency_contact_relationship,u1_0.employee_number,u1_0.employment_end_date,u1_0.employment_start_date,u1_0.employment_type,u1_0.facility_id,u1_0.failed_login_count,u1_0.first_name,u1_0.gender,u1_0.hpcsa_expiry_date,u1_0.hpcsa_number,u1_0.id_number,u1_0.last_failed_login_at,u1_0.last_login_at,u1_0.last_name,u1_0.locked_at,u1_0.manager_id,u1_0.must_change_password,u1_0.password_hash,u1_0.profile_photo_url,u1_0.sanc_expiry_date,u1_0.sanc_number,u1_0.sapc_expiry_date,u1_0.sapc_number,u1_0.status,u1_0.token_version from users u1_0 where u1_0.id=?
2026-10-01T09:30:58.214+02:00 DEBUG 20356 --- [ulwembu-platform-api] [io-8081-exec-10] o.s.web.servlet.DispatcherServlet        : GET "/api/v1/facilities", parameters={}
2026-10-01T09:30:58.214+02:00 DEBUG 20356 --- [ulwembu-platform-api] [nio-8081-exec-5] o.s.web.servlet.DispatcherServlet        : GET "/api/v1/prescriptions/dispensing-capabilities", parameters={}
2026-10-01T09:30:58.214+02:00 DEBUG 20356 --- [ulwembu-platform-api] [nio-8081-exec-2] o.s.web.servlet.DispatcherServlet        : GET "/api/v1/prescriptions/queue?facilityId=a7ee88e2-3a54-4d1f-8c46-59075756ae12", parameters={masked}
2026-10-01T09:30:58.215+02:00 DEBUG 20356 --- [ulwembu-platform-api] [io-8081-exec-10] s.w.s.m.m.a.RequestMappingHandlerMapping : Mapped to co.ehealth.platform.facility.FacilityController#list()
2026-10-01T09:30:58.215+02:00 DEBUG 20356 --- [ulwembu-platform-api] [nio-8081-exec-5] s.w.s.m.m.a.RequestMappingHandlerMapping : Mapped to co.ehealth.platform.pharmacy.PrescriptionController#dispensingCapabilities(AuthenticatedPrincipal)
2026-10-01T09:30:58.216+02:00 DEBUG 20356 --- [ulwembu-platform-api] [nio-8081-exec-2] s.w.s.m.m.a.RequestMappingHandlerMapping : Mapped to co.ehealth.platform.pharmacy.PrescriptionController#queue(UUID)
2026-10-01T09:30:58.217+02:00 DEBUG 20356 --- [ulwembu-platform-api] [nio-8081-exec-5] org.hibernate.SQL                        : SELECT DISTINCT p.code FROM permissions p
JOIN role_permissions rp ON rp.permission_id = p.id
JOIN roles r ON r.id = rp.role_id
WHERE r.name IN (?)

2026-10-01T09:30:58.217+02:00 DEBUG 20356 --- [ulwembu-platform-api] [nio-8081-exec-2] org.hibernate.SQL                        : SELECT DISTINCT p.code FROM permissions p
JOIN role_permissions rp ON rp.permission_id = p.id
JOIN roles r ON r.id = rp.role_id
WHERE r.name IN (?)

2026-10-01T09:30:58.217+02:00 DEBUG 20356 --- [ulwembu-platform-api] [io-8081-exec-10] org.hibernate.SQL                        : select f1_0.id,f1_0.active,f1_0.address,f1_0.code,f1_0.daily_appointment_limit,f1_0.name,f1_0.operating_hours,f1_0.phone,f1_0.timezone,f1_0.type from facilities f1_0 where f1_0.active order by f1_0.name
2026-10-01T09:30:58.221+02:00 DEBUG 20356 --- [ulwembu-platform-api] [io-8081-exec-10] m.m.a.RequestResponseBodyMethodProcessor : Using 'application/json', given [*/*] and supported [application/json, application/*+json]
2026-10-01T09:30:58.222+02:00 DEBUG 20356 --- [ulwembu-platform-api] [nio-8081-exec-5] org.hibernate.SQL                        : select u1_0.id,u1_0.contact_number,u1_0.contact_verified_at,u1_0.date_of_birth,u1_0.department,u1_0.designation,u1_0.email,u1_0.email_verified_at,u1_0.emergency_contact_name,u1_0.emergency_contact_phone,u1_0.emergency_contact_relationship,u1_0.employee_number,u1_0.employment_end_date,u1_0.employment_start_date,u1_0.employment_type,u1_0.facility_id,u1_0.failed_login_count,u1_0.first_name,u1_0.gender,u1_0.hpcsa_expiry_date,u1_0.hpcsa_number,u1_0.id_number,u1_0.last_failed_login_at,u1_0.last_login_at,u1_0.last_name,u1_0.locked_at,u1_0.manager_id,u1_0.must_change_password,u1_0.password_hash,u1_0.profile_photo_url,u1_0.sanc_expiry_date,u1_0.sanc_number,u1_0.sapc_expiry_date,u1_0.sapc_number,u1_0.status,u1_0.token_version from users u1_0 where u1_0.id=?
2026-10-01T09:30:58.223+02:00 DEBUG 20356 --- [ulwembu-platform-api] [io-8081-exec-10] m.m.a.RequestResponseBodyMethodProcessor : Writing [{items=[{id=a7ee88e2-3a54-4d1f-8c46-59075756ae12, name=Demo Main Clinic}, {id=aa7942b0-2bd2-4e25-95c (truncated)...]
2026-10-01T09:30:58.225+02:00 DEBUG 20356 --- [ulwembu-platform-api] [nio-8081-exec-2] org.hibernate.SQL                        : select p1_0.id,p1_0.consultation_id,p1_0.created_at,p1_0.facility_id,p1_0.patient_id,p1_0.prescriber_id,p1_0.serial_number,p1_0.status,p1_0.visit_id from prescriptions p1_0 where p1_0.facility_id=? and p1_0.status in (?,?) order by p1_0.created_at
2026-10-01T09:30:58.226+02:00 DEBUG 20356 --- [ulwembu-platform-api] [io-8081-exec-10] o.s.web.servlet.DispatcherServlet        : Completed 200 OK
2026-10-01T09:30:58.228+02:00 DEBUG 20356 --- [ulwembu-platform-api] [nio-8081-exec-5] org.hibernate.SQL                        : SELECT DISTINCT p.code FROM permissions p
JOIN role_permissions rp ON rp.permission_id = p.id
JOIN roles r ON r.id = rp.role_id
WHERE r.name IN (?)

2026-10-01T09:30:58.228+02:00 DEBUG 20356 --- [ulwembu-platform-api] [nio-8081-exec-2] o.s.w.s.m.m.a.HttpEntityMethodProcessor  : Using 'application/json', given [*/*] and supported [application/json, application/*+json]
2026-10-01T09:30:58.229+02:00 DEBUG 20356 --- [ulwembu-platform-api] [nio-8081-exec-2] o.s.w.s.m.m.a.HttpEntityMethodProcessor  : Writing [{items=[]}]
2026-10-01T09:30:58.231+02:00 DEBUG 20356 --- [ulwembu-platform-api] [nio-8081-exec-2] o.s.web.servlet.DispatcherServlet        : Completed 200 OK
2026-10-01T09:30:58.232+02:00 DEBUG 20356 --- [ulwembu-platform-api] [nio-8081-exec-5] o.s.w.s.m.m.a.HttpEntityMethodProcessor  : Using 'application/json', given [*/*] and supported [application/json, application/*+json]
2026-10-01T09:30:58.233+02:00 DEBUG 20356 --- [ulwembu-platform-api] [nio-8081-exec-5] o.s.w.s.m.m.a.HttpEntityMethodProcessor  : Writing [DispensingCapabilitiesResponse[canDispense=false, canPrescribe=false]]
2026-10-01T09:30:58.233+02:00 DEBUG 20356 --- [ulwembu-platform-api] [nio-8081-exec-5] o.s.web.servlet.DispatcherServlet        : Completed 200 OK
2026-10-01T09:31:00.410+02:00 DEBUG 20356 --- [ulwembu-platform-api] [nio-8081-exec-7] org.hibernate.SQL                        : select o1_0.id,o1_0.branding,o1_0.created_at,o1_0.display_name,o1_0.mail_settings,o1_0.profile,o1_0.schema_name,o1_0.sector,o1_0.slug,o1_0.sso_settings,o1_0.status,o1_0.tenant_code from control.organizations o1_0 where o1_0.slug=?
2026-10-01T09:31:00.422+02:00 DEBUG 20356 --- [ulwembu-platform-api] [nio-8081-exec-7] org.hibernate.SQL                        : select u1_0.id,u1_0.contact_number,u1_0.contact_verified_at,u1_0.date_of_birth,u1_0.department,u1_0.designation,u1_0.email,u1_0.email_verified_at,u1_0.emergency_contact_name,u1_0.emergency_contact_phone,u1_0.emergency_contact_relationship,u1_0.employee_number,u1_0.employment_end_date,u1_0.employment_start_date,u1_0.employment_type,u1_0.facility_id,u1_0.failed_login_count,u1_0.first_name,u1_0.gender,u1_0.hpcsa_expiry_date,u1_0.hpcsa_number,u1_0.id_number,u1_0.last_failed_login_at,u1_0.last_login_at,u1_0.last_name,u1_0.locked_at,u1_0.manager_id,u1_0.must_change_password,u1_0.password_hash,u1_0.profile_photo_url,u1_0.sanc_expiry_date,u1_0.sanc_number,u1_0.sapc_expiry_date,u1_0.sapc_number,u1_0.status,u1_0.token_version from users u1_0 where u1_0.id=?
2026-10-01T09:31:00.425+02:00 DEBUG 20356 --- [ulwembu-platform-api] [nio-8081-exec-7] o.s.web.servlet.DispatcherServlet        : GET "/api/v1/facilities", parameters={}
2026-10-01T09:31:00.425+02:00 DEBUG 20356 --- [ulwembu-platform-api] [nio-8081-exec-1] org.hibernate.SQL                        : select o1_0.id,o1_0.branding,o1_0.created_at,o1_0.display_name,o1_0.mail_settings,o1_0.profile,o1_0.schema_name,o1_0.sector,o1_0.slug,o1_0.sso_settings,o1_0.status,o1_0.tenant_code from control.organizations o1_0 where o1_0.slug=?
2026-10-01T09:31:00.425+02:00 DEBUG 20356 --- [ulwembu-platform-api] [nio-8081-exec-3] org.hibernate.SQL                        : select o1_0.id,o1_0.branding,o1_0.created_at,o1_0.display_name,o1_0.mail_settings,o1_0.profile,o1_0.schema_name,o1_0.sector,o1_0.slug,o1_0.sso_settings,o1_0.status,o1_0.tenant_code from control.organizations o1_0 where o1_0.slug=?
2026-10-01T09:31:00.425+02:00 DEBUG 20356 --- [ulwembu-platform-api] [nio-8081-exec-7] s.w.s.m.m.a.RequestMappingHandlerMapping : Mapped to co.ehealth.platform.facility.FacilityController#list()
2026-10-01T09:31:00.428+02:00 DEBUG 20356 --- [ulwembu-platform-api] [nio-8081-exec-7] org.hibernate.SQL                        : select f1_0.id,f1_0.active,f1_0.address,f1_0.code,f1_0.daily_appointment_limit,f1_0.name,f1_0.operating_hours,f1_0.phone,f1_0.timezone,f1_0.type from facilities f1_0 where f1_0.active order by f1_0.name
2026-10-01T09:31:00.430+02:00 DEBUG 20356 --- [ulwembu-platform-api] [nio-8081-exec-7] m.m.a.RequestResponseBodyMethodProcessor : Using 'application/json', given [*/*] and supported [application/json, application/*+json]
2026-10-01T09:31:00.431+02:00 DEBUG 20356 --- [ulwembu-platform-api] [nio-8081-exec-3] org.hibernate.SQL                        : select u1_0.id,u1_0.contact_number,u1_0.contact_verified_at,u1_0.date_of_birth,u1_0.department,u1_0.designation,u1_0.email,u1_0.email_verified_at,u1_0.emergency_contact_name,u1_0.emergency_contact_phone,u1_0.emergency_contact_relationship,u1_0.employee_number,u1_0.employment_end_date,u1_0.employment_start_date,u1_0.employment_type,u1_0.facility_id,u1_0.failed_login_count,u1_0.first_name,u1_0.gender,u1_0.hpcsa_expiry_date,u1_0.hpcsa_number,u1_0.id_number,u1_0.last_failed_login_at,u1_0.last_login_at,u1_0.last_name,u1_0.locked_at,u1_0.manager_id,u1_0.must_change_password,u1_0.password_hash,u1_0.profile_photo_url,u1_0.sanc_expiry_date,u1_0.sanc_number,u1_0.sapc_expiry_date,u1_0.sapc_number,u1_0.status,u1_0.token_version from users u1_0 where u1_0.id=?
2026-10-01T09:31:00.431+02:00 DEBUG 20356 --- [ulwembu-platform-api] [nio-8081-exec-1] org.hibernate.SQL                        : select u1_0.id,u1_0.contact_number,u1_0.contact_verified_at,u1_0.date_of_birth,u1_0.department,u1_0.designation,u1_0.email,u1_0.email_verified_at,u1_0.emergency_contact_name,u1_0.emergency_contact_phone,u1_0.emergency_contact_relationship,u1_0.employee_number,u1_0.employment_end_date,u1_0.employment_start_date,u1_0.employment_type,u1_0.facility_id,u1_0.failed_login_count,u1_0.first_name,u1_0.gender,u1_0.hpcsa_expiry_date,u1_0.hpcsa_number,u1_0.id_number,u1_0.last_failed_login_at,u1_0.last_login_at,u1_0.last_name,u1_0.locked_at,u1_0.manager_id,u1_0.must_change_password,u1_0.password_hash,u1_0.profile_photo_url,u1_0.sanc_expiry_date,u1_0.sanc_number,u1_0.sapc_expiry_date,u1_0.sapc_number,u1_0.status,u1_0.token_version from users u1_0 where u1_0.id=?
2026-10-01T09:31:00.431+02:00 DEBUG 20356 --- [ulwembu-platform-api] [nio-8081-exec-7] m.m.a.RequestResponseBodyMethodProcessor : Writing [{items=[{id=a7ee88e2-3a54-4d1f-8c46-59075756ae12, name=Demo Main Clinic}, {id=aa7942b0-2bd2-4e25-95c (truncated)...]
2026-10-01T09:31:00.432+02:00 DEBUG 20356 --- [ulwembu-platform-api] [nio-8081-exec-7] o.s.web.servlet.DispatcherServlet        : Completed 200 OK
2026-10-01T09:31:00.434+02:00 DEBUG 20356 --- [ulwembu-platform-api] [nio-8081-exec-3] o.s.web.servlet.DispatcherServlet        : GET "/api/v1/pharmacy/stock/alerts?facilityId=a7ee88e2-3a54-4d1f-8c46-59075756ae12", parameters={masked}
2026-10-01T09:31:00.434+02:00 DEBUG 20356 --- [ulwembu-platform-api] [nio-8081-exec-1] o.s.web.servlet.DispatcherServlet        : GET "/api/v1/pharmacy/stock?facilityId=a7ee88e2-3a54-4d1f-8c46-59075756ae12", parameters={masked}
2026-10-01T09:31:00.434+02:00 DEBUG 20356 --- [ulwembu-platform-api] [nio-8081-exec-1] s.w.s.m.m.a.RequestMappingHandlerMapping : Mapped to co.ehealth.platform.pharmacy.stock.PharmacyStockController#listStock(UUID)
2026-10-01T09:31:00.434+02:00 DEBUG 20356 --- [ulwembu-platform-api] [nio-8081-exec-3] s.w.s.m.m.a.RequestMappingHandlerMapping : Mapped to co.ehealth.platform.pharmacy.stock.PharmacyStockControlController#alerts(UUID)
2026-10-01T09:31:00.436+02:00 DEBUG 20356 --- [ulwembu-platform-api] [nio-8081-exec-1] org.hibernate.SQL                        : SELECT DISTINCT p.code FROM permissions p
JOIN role_permissions rp ON rp.permission_id = p.id
JOIN roles r ON r.id = rp.role_id
WHERE r.name IN (?)

2026-10-01T09:31:00.436+02:00 DEBUG 20356 --- [ulwembu-platform-api] [nio-8081-exec-3] org.hibernate.SQL                        : SELECT DISTINCT p.code FROM permissions p
JOIN role_permissions rp ON rp.permission_id = p.id
JOIN roles r ON r.id = rp.role_id
WHERE r.name IN (?)

2026-10-01T09:31:00.441+02:00 DEBUG 20356 --- [ulwembu-platform-api] [nio-8081-exec-1] org.hibernate.SQL                        : select psa1_0.id,psa1_0.batch_id,psa1_0.bucket,psa1_0.location_id,psa1_0.product_id,psa1_0.quantity from pharmacy_stock_accounts psa1_0,pharmacy_stock_locations psl1_0 where psa1_0.location_id=psl1_0.id and psl1_0.facility_id=? and psa1_0.quantity>0 and psa1_0.bucket='AVAILABLE'
2026-10-01T09:31:00.442+02:00 DEBUG 20356 --- [ulwembu-platform-api] [nio-8081-exec-3] org.hibernate.SQL                        : select psa1_0.id,psa1_0.batch_id,psa1_0.bucket,psa1_0.location_id,psa1_0.product_id,psa1_0.quantity from pharmacy_stock_accounts psa1_0,pharmacy_stock_locations psl1_0 where psa1_0.location_id=psl1_0.id and psl1_0.facility_id=? and psa1_0.quantity>0 and psa1_0.bucket='AVAILABLE'
2026-10-01T09:31:00.443+02:00 DEBUG 20356 --- [ulwembu-platform-api] [nio-8081-exec-1] org.hibernate.SQL                        : select pfp1_0.id,pfp1_0.active,pfp1_0.created_at,pfp1_0.facility_id,pfp1_0.product_id,pfp1_0.reorder_threshold,pfp1_0.target_quantity from pharmacy_facility_products pfp1_0 where pfp1_0.facility_id=? and pfp1_0.active
2026-10-01T09:31:00.444+02:00 DEBUG 20356 --- [ulwembu-platform-api] [nio-8081-exec-3] org.hibernate.SQL                        : select pfp1_0.id,pfp1_0.active,pfp1_0.created_at,pfp1_0.facility_id,pfp1_0.product_id,pfp1_0.reorder_threshold,pfp1_0.target_quantity from pharmacy_facility_products pfp1_0 where pfp1_0.facility_id=? and pfp1_0.active
2026-10-01T09:31:00.445+02:00 DEBUG 20356 --- [ulwembu-platform-api] [nio-8081-exec-1] org.hibernate.SQL                        : select pp1_0.id,pp1_0.active,pp1_0.barcode,pp1_0.base_unit,pp1_0.batch_tracked,pp1_0.category,pp1_0.code,pp1_0.created_at,pp1_0.created_by,pp1_0.created_by_name,pp1_0.display_name,pp1_0.dosage_form,pp1_0.expiry_tracked,pp1_0.generic_name,pp1_0.manufacturer,pp1_0.pack_size,pp1_0.storage_instructions,pp1_0.strength,pp1_0.updated_at,pp1_0.updated_by,pp1_0.updated_by_name,pp1_0.version from pharmacy_products pp1_0 where pp1_0.id=?
2026-10-01T09:31:00.445+02:00 DEBUG 20356 --- [ulwembu-platform-api] [nio-8081-exec-3] org.hibernate.SQL                        : select pp1_0.id,pp1_0.active,pp1_0.barcode,pp1_0.base_unit,pp1_0.batch_tracked,pp1_0.category,pp1_0.code,pp1_0.created_at,pp1_0.created_by,pp1_0.created_by_name,pp1_0.display_name,pp1_0.dosage_form,pp1_0.expiry_tracked,pp1_0.generic_name,pp1_0.manufacturer,pp1_0.pack_size,pp1_0.storage_instructions,pp1_0.strength,pp1_0.updated_at,pp1_0.updated_by,pp1_0.updated_by_name,pp1_0.version from pharmacy_products pp1_0 where pp1_0.id=?
2026-10-01T09:31:00.446+02:00 DEBUG 20356 --- [ulwembu-platform-api] [nio-8081-exec-1] org.hibernate.SQL                        : select pp1_0.id,pp1_0.active,pp1_0.barcode,pp1_0.base_unit,pp1_0.batch_tracked,pp1_0.category,pp1_0.code,pp1_0.created_at,pp1_0.created_by,pp1_0.created_by_name,pp1_0.display_name,pp1_0.dosage_form,pp1_0.expiry_tracked,pp1_0.generic_name,pp1_0.manufacturer,pp1_0.pack_size,pp1_0.storage_instructions,pp1_0.strength,pp1_0.updated_at,pp1_0.updated_by,pp1_0.updated_by_name,pp1_0.version from pharmacy_products pp1_0 where pp1_0.id=?
2026-10-01T09:31:00.447+02:00 DEBUG 20356 --- [ulwembu-platform-api] [nio-8081-exec-3] org.hibernate.SQL                        : select pp1_0.id,pp1_0.active,pp1_0.barcode,pp1_0.base_unit,pp1_0.batch_tracked,pp1_0.category,pp1_0.code,pp1_0.created_at,pp1_0.created_by,pp1_0.created_by_name,pp1_0.display_name,pp1_0.dosage_form,pp1_0.expiry_tracked,pp1_0.generic_name,pp1_0.manufacturer,pp1_0.pack_size,pp1_0.storage_instructions,pp1_0.strength,pp1_0.updated_at,pp1_0.updated_by,pp1_0.updated_by_name,pp1_0.version from pharmacy_products pp1_0 where pp1_0.id=?
2026-10-01T09:31:00.447+02:00 DEBUG 20356 --- [ulwembu-platform-api] [nio-8081-exec-1] o.s.w.s.m.m.a.HttpEntityMethodProcessor  : Using 'application/json', given [*/*] and supported [application/json, application/*+json]
2026-10-01T09:31:00.448+02:00 DEBUG 20356 --- [ulwembu-platform-api] [nio-8081-exec-3] m.m.a.RequestResponseBodyMethodProcessor : Using 'application/json', given [*/*] and supported [application/json, application/*+json]
2026-10-01T09:31:00.448+02:00 DEBUG 20356 --- [ulwembu-platform-api] [nio-8081-exec-1] o.s.w.s.m.m.a.HttpEntityMethodProcessor  : Writing [{items=[StockRow[productId=50871aa0-c2ff-4090-8784-94401ccb7ac6, code=PARA, displayName=ethnol, base (truncated)...]
2026-10-01T09:31:00.448+02:00 DEBUG 20356 --- [ulwembu-platform-api] [nio-8081-exec-3] m.m.a.RequestResponseBodyMethodProcessor : Writing [{items=[]}]
2026-10-01T09:31:00.449+02:00 DEBUG 20356 --- [ulwembu-platform-api] [nio-8081-exec-3] o.s.web.servlet.DispatcherServlet        : Completed 200 OK
2026-10-01T09:31:00.449+02:00 DEBUG 20356 --- [ulwembu-platform-api] [nio-8081-exec-1] o.s.web.servlet.DispatcherServlet        : Completed 200 OK
2026-10-01T09:31:03.173+02:00 DEBUG 20356 --- [ulwembu-platform-api] [nio-8081-exec-8] org.hibernate.SQL                        : select o1_0.id,o1_0.branding,o1_0.created_at,o1_0.display_name,o1_0.mail_settings,o1_0.profile,o1_0.schema_name,o1_0.sector,o1_0.slug,o1_0.sso_settings,o1_0.status,o1_0.tenant_code from control.organizations o1_0 where o1_0.slug=?
2026-10-01T09:31:03.181+02:00 DEBUG 20356 --- [ulwembu-platform-api] [nio-8081-exec-8] org.hibernate.SQL                        : select u1_0.id,u1_0.contact_number,u1_0.contact_verified_at,u1_0.date_of_birth,u1_0.department,u1_0.designation,u1_0.email,u1_0.email_verified_at,u1_0.emergency_contact_name,u1_0.emergency_contact_phone,u1_0.emergency_contact_relationship,u1_0.employee_number,u1_0.employment_end_date,u1_0.employment_start_date,u1_0.employment_type,u1_0.facility_id,u1_0.failed_login_count,u1_0.first_name,u1_0.gender,u1_0.hpcsa_expiry_date,u1_0.hpcsa_number,u1_0.id_number,u1_0.last_failed_login_at,u1_0.last_login_at,u1_0.last_name,u1_0.locked_at,u1_0.manager_id,u1_0.must_change_password,u1_0.password_hash,u1_0.profile_photo_url,u1_0.sanc_expiry_date,u1_0.sanc_number,u1_0.sapc_expiry_date,u1_0.sapc_number,u1_0.status,u1_0.token_version from users u1_0 where u1_0.id=?
2026-10-01T09:31:03.184+02:00 DEBUG 20356 --- [ulwembu-platform-api] [io-8081-exec-10] org.hibernate.SQL                        : select o1_0.id,o1_0.branding,o1_0.created_at,o1_0.display_name,o1_0.mail_settings,o1_0.profile,o1_0.schema_name,o1_0.sector,o1_0.slug,o1_0.sso_settings,o1_0.status,o1_0.tenant_code from control.organizations o1_0 where o1_0.slug=?
2026-10-01T09:31:03.186+02:00 DEBUG 20356 --- [ulwembu-platform-api] [nio-8081-exec-8] o.s.web.servlet.DispatcherServlet        : GET "/api/v1/facilities", parameters={}
2026-10-01T09:31:03.186+02:00 DEBUG 20356 --- [ulwembu-platform-api] [nio-8081-exec-8] s.w.s.m.m.a.RequestMappingHandlerMapping : Mapped to co.ehealth.platform.facility.FacilityController#list()
2026-10-01T09:31:03.188+02:00 DEBUG 20356 --- [ulwembu-platform-api] [nio-8081-exec-8] org.hibernate.SQL                        : select f1_0.id,f1_0.active,f1_0.address,f1_0.code,f1_0.daily_appointment_limit,f1_0.name,f1_0.operating_hours,f1_0.phone,f1_0.timezone,f1_0.type from facilities f1_0 where f1_0.active order by f1_0.name
2026-10-01T09:31:03.189+02:00 DEBUG 20356 --- [ulwembu-platform-api] [io-8081-exec-10] org.hibernate.SQL                        : select u1_0.id,u1_0.contact_number,u1_0.contact_verified_at,u1_0.date_of_birth,u1_0.department,u1_0.designation,u1_0.email,u1_0.email_verified_at,u1_0.emergency_contact_name,u1_0.emergency_contact_phone,u1_0.emergency_contact_relationship,u1_0.employee_number,u1_0.employment_end_date,u1_0.employment_start_date,u1_0.employment_type,u1_0.facility_id,u1_0.failed_login_count,u1_0.first_name,u1_0.gender,u1_0.hpcsa_expiry_date,u1_0.hpcsa_number,u1_0.id_number,u1_0.last_failed_login_at,u1_0.last_login_at,u1_0.last_name,u1_0.locked_at,u1_0.manager_id,u1_0.must_change_password,u1_0.password_hash,u1_0.profile_photo_url,u1_0.sanc_expiry_date,u1_0.sanc_number,u1_0.sapc_expiry_date,u1_0.sapc_number,u1_0.status,u1_0.token_version from users u1_0 where u1_0.id=?
2026-10-01T09:31:03.191+02:00 DEBUG 20356 --- [ulwembu-platform-api] [nio-8081-exec-8] m.m.a.RequestResponseBodyMethodProcessor : Using 'application/json', given [*/*] and supported [application/json, application/*+json]
2026-10-01T09:31:03.191+02:00 DEBUG 20356 --- [ulwembu-platform-api] [nio-8081-exec-8] m.m.a.RequestResponseBodyMethodProcessor : Writing [{items=[{id=a7ee88e2-3a54-4d1f-8c46-59075756ae12, name=Demo Main Clinic}, {id=aa7942b0-2bd2-4e25-95c (truncated)...]
2026-10-01T09:31:03.192+02:00 DEBUG 20356 --- [ulwembu-platform-api] [io-8081-exec-10] o.s.web.servlet.DispatcherServlet        : GET "/api/v1/queue?facilityId=a7ee88e2-3a54-4d1f-8c46-59075756ae12&status=ISSUED&status=CALLED&status=MISSED&date=2026-10-01&page=0&pageSize=25", parameters={masked}
2026-10-01T09:31:03.192+02:00 DEBUG 20356 --- [ulwembu-platform-api] [nio-8081-exec-8] o.s.web.servlet.DispatcherServlet        : Completed 200 OK
2026-10-01T09:31:03.192+02:00 DEBUG 20356 --- [ulwembu-platform-api] [io-8081-exec-10] s.w.s.m.m.a.RequestMappingHandlerMapping : Mapped to co.ehealth.platform.visit.QueueController#list(UUID, String, Set, TokenPriority, LocalDate, int, int)
2026-10-01T09:31:03.195+02:00 DEBUG 20356 --- [ulwembu-platform-api] [io-8081-exec-10] org.hibernate.SQL                        : SELECT DISTINCT p.code FROM permissions p
JOIN role_permissions rp ON rp.permission_id = p.id
JOIN roles r ON r.id = rp.role_id
WHERE r.name IN (?)

2026-10-01T09:31:03.198+02:00 DEBUG 20356 --- [ulwembu-platform-api] [io-8081-exec-10] org.hibernate.SQL                        : select f1_0.id,f1_0.active,f1_0.address,f1_0.code,f1_0.daily_appointment_limit,f1_0.name,f1_0.operating_hours,f1_0.phone,f1_0.timezone,f1_0.type from facilities f1_0 where f1_0.id=?
2026-10-01T09:31:03.200+02:00 DEBUG 20356 --- [ulwembu-platform-api] [io-8081-exec-10] org.hibernate.SQL                        : select qt1_0.id,qt1_0.called_at,qt1_0.cancel_reason,qt1_0.cancelled_at,qt1_0.cancelled_by_user_id,qt1_0.completed_at,qt1_0.facility_id,qt1_0.issued_at,qt1_0.issued_by_user_id,qt1_0.is_manual,qt1_0.missed_at,qt1_0.priority,qt1_0.status,qt1_0.token_number,qt1_0.visit_id from queue_tokens qt1_0 where qt1_0.facility_id=? and qt1_0.issued_at>=? and qt1_0.issued_at<? order by case qt1_0.status when 'CALLED' then 0 when 'ISSUED' then 1 else 2 end,case when qt1_0.priority='PRIORITY' then 0 else 1 end,qt1_0.issued_at
2026-10-01T09:31:03.205+02:00 DEBUG 20356 --- [ulwembu-platform-api] [io-8081-exec-10] o.s.w.s.m.m.a.HttpEntityMethodProcessor  : Using 'application/json', given [*/*] and supported [application/json, application/*+json]
2026-10-01T09:31:03.205+02:00 DEBUG 20356 --- [ulwembu-platform-api] [io-8081-exec-10] o.s.w.s.m.m.a.HttpEntityMethodProcessor  : Writing [{date=2026-10-01, pageSize=25, totalPages=0, page=0, items=[], totalElements=0}]
2026-10-01T09:31:03.207+02:00 DEBUG 20356 --- [ulwembu-platform-api] [io-8081-exec-10] o.s.web.servlet.DispatcherServlet        : Completed 200 OK
2026-10-01T09:31:08.220+02:00 DEBUG 20356 --- [ulwembu-platform-api] [nio-8081-exec-5] org.hibernate.SQL                        : select o1_0.id,o1_0.branding,o1_0.created_at,o1_0.display_name,o1_0.mail_settings,o1_0.profile,o1_0.schema_name,o1_0.sector,o1_0.slug,o1_0.sso_settings,o1_0.status,o1_0.tenant_code from control.organizations o1_0 where o1_0.slug=?
2026-10-01T09:31:08.225+02:00 DEBUG 20356 --- [ulwembu-platform-api] [nio-8081-exec-5] org.hibernate.SQL                        : select u1_0.id,u1_0.contact_number,u1_0.contact_verified_at,u1_0.date_of_birth,u1_0.department,u1_0.designation,u1_0.email,u1_0.email_verified_at,u1_0.emergency_contact_name,u1_0.emergency_contact_phone,u1_0.emergency_contact_relationship,u1_0.employee_number,u1_0.employment_end_date,u1_0.employment_start_date,u1_0.employment_type,u1_0.facility_id,u1_0.failed_login_count,u1_0.first_name,u1_0.gender,u1_0.hpcsa_expiry_date,u1_0.hpcsa_number,u1_0.id_number,u1_0.last_failed_login_at,u1_0.last_login_at,u1_0.last_name,u1_0.locked_at,u1_0.manager_id,u1_0.must_change_password,u1_0.password_hash,u1_0.profile_photo_url,u1_0.sanc_expiry_date,u1_0.sanc_number,u1_0.sapc_expiry_date,u1_0.sapc_number,u1_0.status,u1_0.token_version from users u1_0 where u1_0.id=?
2026-10-01T09:31:08.227+02:00 DEBUG 20356 --- [ulwembu-platform-api] [nio-8081-exec-5] o.s.web.servlet.DispatcherServlet        : GET "/api/v1/queue?facilityId=a7ee88e2-3a54-4d1f-8c46-59075756ae12&status=ISSUED&status=CALLED&status=MISSED&date=2026-10-01&page=0&pageSize=25", parameters={masked}
2026-10-01T09:31:08.228+02:00 DEBUG 20356 --- [ulwembu-platform-api] [nio-8081-exec-5] s.w.s.m.m.a.RequestMappingHandlerMapping : Mapped to co.ehealth.platform.visit.QueueController#list(UUID, String, Set, TokenPriority, LocalDate, int, int)
2026-10-01T09:31:08.230+02:00 DEBUG 20356 --- [ulwembu-platform-api] [nio-8081-exec-5] org.hibernate.SQL                        : SELECT DISTINCT p.code FROM permissions p
JOIN role_permissions rp ON rp.permission_id = p.id
JOIN roles r ON r.id = rp.role_id
WHERE r.name IN (?)

2026-10-01T09:31:08.233+02:00 DEBUG 20356 --- [ulwembu-platform-api] [nio-8081-exec-5] org.hibernate.SQL                        : select f1_0.id,f1_0.active,f1_0.address,f1_0.code,f1_0.daily_appointment_limit,f1_0.name,f1_0.operating_hours,f1_0.phone,f1_0.timezone,f1_0.type from facilities f1_0 where f1_0.id=?
2026-10-01T09:31:08.236+02:00 DEBUG 20356 --- [ulwembu-platform-api] [nio-8081-exec-5] org.hibernate.SQL                        : select qt1_0.id,qt1_0.called_at,qt1_0.cancel_reason,qt1_0.cancelled_at,qt1_0.cancelled_by_user_id,qt1_0.completed_at,qt1_0.facility_id,qt1_0.issued_at,qt1_0.issued_by_user_id,qt1_0.is_manual,qt1_0.missed_at,qt1_0.priority,qt1_0.status,qt1_0.token_number,qt1_0.visit_id from queue_tokens qt1_0 where qt1_0.facility_id=? and qt1_0.issued_at>=? and qt1_0.issued_at<? order by case qt1_0.status when 'CALLED' then 0 when 'ISSUED' then 1 else 2 end,case when qt1_0.priority='PRIORITY' then 0 else 1 end,qt1_0.issued_at
2026-10-01T09:31:08.237+02:00 DEBUG 20356 --- [ulwembu-platform-api] [nio-8081-exec-5] o.s.w.s.m.m.a.HttpEntityMethodProcessor  : Using 'application/json', given [*/*] and supported [application/json, application/*+json]
2026-10-01T09:31:08.239+02:00 DEBUG 20356 --- [ulwembu-platform-api] [nio-8081-exec-5] o.s.w.s.m.m.a.HttpEntityMethodProcessor  : Writing [{date=2026-10-01, pageSize=25, totalPages=0, page=0, items=[], totalElements=0}]
2026-10-01T09:31:08.240+02:00 DEBUG 20356 --- [ulwembu-platform-api] [nio-8081-exec-5] o.s.web.servlet.DispatcherServlet        : Completed 200 OK
2026-10-01T09:32:08.256+02:00 DEBUG 20356 --- [ulwembu-platform-api] [nio-8081-exec-1] org.hibernate.SQL                        : select o1_0.id,o1_0.branding,o1_0.created_at,o1_0.display_name,o1_0.mail_settings,o1_0.profile,o1_0.schema_name,o1_0.sector,o1_0.slug,o1_0.sso_settings,o1_0.status,o1_0.tenant_code from control.organizations o1_0 where o1_0.slug=?
2026-10-01T09:32:08.262+02:00 DEBUG 20356 --- [ulwembu-platform-api] [nio-8081-exec-1] org.hibernate.SQL                        : select u1_0.id,u1_0.contact_number,u1_0.contact_verified_at,u1_0.date_of_birth,u1_0.department,u1_0.designation,u1_0.email,u1_0.email_verified_at,u1_0.emergency_contact_name,u1_0.emergency_contact_phone,u1_0.emergency_contact_relationship,u1_0.employee_number,u1_0.employment_end_date,u1_0.employment_start_date,u1_0.employment_type,u1_0.facility_id,u1_0.failed_login_count,u1_0.first_name,u1_0.gender,u1_0.hpcsa_expiry_date,u1_0.hpcsa_number,u1_0.id_number,u1_0.last_failed_login_at,u1_0.last_login_at,u1_0.last_name,u1_0.locked_at,u1_0.manager_id,u1_0.must_change_password,u1_0.password_hash,u1_0.profile_photo_url,u1_0.sanc_expiry_date,u1_0.sanc_number,u1_0.sapc_expiry_date,u1_0.sapc_number,u1_0.status,u1_0.token_version from users u1_0 where u1_0.id=?
2026-10-01T09:32:08.264+02:00 DEBUG 20356 --- [ulwembu-platform-api] [nio-8081-exec-1] o.s.web.servlet.DispatcherServlet        : GET "/api/v1/queue?facilityId=a7ee88e2-3a54-4d1f-8c46-59075756ae12&status=ISSUED&status=CALLED&status=MISSED&date=2026-10-01&page=0&pageSize=25", parameters={masked}
2026-10-01T09:32:08.265+02:00 DEBUG 20356 --- [ulwembu-platform-api] [nio-8081-exec-1] s.w.s.m.m.a.RequestMappingHandlerMapping : Mapped to co.ehealth.platform.visit.QueueController#list(UUID, String, Set, TokenPriority, LocalDate, int, int)
2026-10-01T09:32:08.266+02:00 DEBUG 20356 --- [ulwembu-platform-api] [nio-8081-exec-1] org.hibernate.SQL                        : SELECT DISTINCT p.code FROM permissions p
JOIN role_permissions rp ON rp.permission_id = p.id
JOIN roles r ON r.id = rp.role_id
WHERE r.name IN (?)

2026-10-01T09:32:08.269+02:00 DEBUG 20356 --- [ulwembu-platform-api] [nio-8081-exec-1] org.hibernate.SQL                        : select f1_0.id,f1_0.active,f1_0.address,f1_0.code,f1_0.daily_appointment_limit,f1_0.name,f1_0.operating_hours,f1_0.phone,f1_0.timezone,f1_0.type from facilities f1_0 where f1_0.id=?
2026-10-01T09:32:08.272+02:00 DEBUG 20356 --- [ulwembu-platform-api] [nio-8081-exec-1] org.hibernate.SQL                        : select qt1_0.id,qt1_0.called_at,qt1_0.cancel_reason,qt1_0.cancelled_at,qt1_0.cancelled_by_user_id,qt1_0.completed_at,qt1_0.facility_id,qt1_0.issued_at,qt1_0.issued_by_user_id,qt1_0.is_manual,qt1_0.missed_at,qt1_0.priority,qt1_0.status,qt1_0.token_number,qt1_0.visit_id from queue_tokens qt1_0 where qt1_0.facility_id=? and qt1_0.issued_at>=? and qt1_0.issued_at<? order by case qt1_0.status when 'CALLED' then 0 when 'ISSUED' then 1 else 2 end,case when qt1_0.priority='PRIORITY' then 0 else 1 end,qt1_0.issued_at
2026-10-01T09:32:08.274+02:00 DEBUG 20356 --- [ulwembu-platform-api] [nio-8081-exec-1] o.s.w.s.m.m.a.HttpEntityMethodProcessor  : Using 'application/json', given [*/*] and supported [application/json, application/*+json]
2026-10-01T09:32:08.275+02:00 DEBUG 20356 --- [ulwembu-platform-api] [nio-8081-exec-1] o.s.w.s.m.m.a.HttpEntityMethodProcessor  : Writing [{date=2026-10-01, pageSize=25, totalPages=0, page=0, items=[], totalElements=0}]
2026-10-01T09:32:08.276+02:00 DEBUG 20356 --- [ulwembu-platform-api] [nio-8081-exec-1] o.s.web.servlet.DispatcherServlet        : Completed 200 OK
2026-10-01T09:35:08.361+02:00 DEBUG 20356 --- [ulwembu-platform-api] [io-8081-exec-10] org.hibernate.SQL                        : select o1_0.id,o1_0.branding,o1_0.created_at,o1_0.display_name,o1_0.mail_settings,o1_0.profile,o1_0.schema_name,o1_0.sector,o1_0.slug,o1_0.sso_settings,o1_0.status,o1_0.tenant_code from control.organizations o1_0 where o1_0.slug=?
2026-10-01T09:35:08.372+02:00 DEBUG 20356 --- [ulwembu-platform-api] [nio-8081-exec-2] org.hibernate.SQL                        : select o1_0.id,o1_0.branding,o1_0.created_at,o1_0.display_name,o1_0.mail_settings,o1_0.profile,o1_0.schema_name,o1_0.sector,o1_0.slug,o1_0.sso_settings,o1_0.status,o1_0.tenant_code from control.organizations o1_0 where o1_0.slug=?
2026-10-01T09:35:08.420+02:00 DEBUG 20356 --- [ulwembu-platform-api] [nio-8081-exec-4] org.hibernate.SQL                        : select o1_0.id,o1_0.branding,o1_0.created_at,o1_0.display_name,o1_0.mail_settings,o1_0.profile,o1_0.schema_name,o1_0.sector,o1_0.slug,o1_0.sso_settings,o1_0.status,o1_0.tenant_code from control.organizations o1_0 where o1_0.slug=?
2026-10-01T09:35:08.426+02:00 DEBUG 20356 --- [ulwembu-platform-api] [nio-8081-exec-4] o.s.web.servlet.DispatcherServlet        : GET "/api/v1/public/organization", parameters={}
2026-10-01T09:35:08.427+02:00 DEBUG 20356 --- [ulwembu-platform-api] [nio-8081-exec-4] s.w.s.m.m.a.RequestMappingHandlerMapping : Mapped to co.ehealth.platform.core.tenant.PublicOrganizationController#getPublicOrganization()
2026-10-01T09:35:08.428+02:00 DEBUG 20356 --- [ulwembu-platform-api] [nio-8081-exec-4] org.hibernate.SQL                        : select o1_0.id,o1_0.branding,o1_0.created_at,o1_0.display_name,o1_0.mail_settings,o1_0.profile,o1_0.schema_name,o1_0.sector,o1_0.slug,o1_0.sso_settings,o1_0.status,o1_0.tenant_code from control.organizations o1_0 where o1_0.schema_name=?
2026-10-01T09:35:08.431+02:00 DEBUG 20356 --- [ulwembu-platform-api] [nio-8081-exec-4] o.s.w.s.m.m.a.HttpEntityMethodProcessor  : Using 'application/json', given [*/*] and supported [application/json, application/*+json]
2026-10-01T09:35:08.432+02:00 DEBUG 20356 --- [ulwembu-platform-api] [nio-8081-exec-4] o.s.w.s.m.m.a.HttpEntityMethodProcessor  : Writing [PublicOrganizationResponse[displayName=Demo Community Clinic, slug=demo-clinic, logoUrl=null, primar (truncated)...]
2026-10-01T09:35:08.433+02:00 DEBUG 20356 --- [ulwembu-platform-api] [nio-8081-exec-4] o.s.web.servlet.DispatcherServlet        : Completed 200 OK
2026-10-01T09:35:14.480+02:00 DEBUG 20356 --- [ulwembu-platform-api] [nio-8081-exec-7] org.hibernate.SQL                        : select o1_0.id,o1_0.branding,o1_0.created_at,o1_0.display_name,o1_0.mail_settings,o1_0.profile,o1_0.schema_name,o1_0.sector,o1_0.slug,o1_0.sso_settings,o1_0.status,o1_0.tenant_code from control.organizations o1_0 where o1_0.slug=?
2026-10-01T09:35:14.483+02:00 DEBUG 20356 --- [ulwembu-platform-api] [nio-8081-exec-7] o.s.web.servlet.DispatcherServlet        : POST "/api/v1/auth/login", parameters={}
2026-10-01T09:35:14.484+02:00 DEBUG 20356 --- [ulwembu-platform-api] [nio-8081-exec-7] s.w.s.m.m.a.RequestMappingHandlerMapping : Mapped to co.ehealth.platform.identity.AuthController#login(LoginRequest)
2026-10-01T09:35:14.485+02:00 DEBUG 20356 --- [ulwembu-platform-api] [nio-8081-exec-7] m.m.a.RequestResponseBodyMethodProcessor : Read "application/json;charset=UTF-8" to [LoginRequest[email=admin@democlinic.example, password=QPbNcyCn7kBtkUMB]]
2026-10-01T09:35:14.487+02:00 DEBUG 20356 --- [ulwembu-platform-api] [nio-8081-exec-7] org.hibernate.SQL                        : select u1_0.id,u1_0.contact_number,u1_0.contact_verified_at,u1_0.date_of_birth,u1_0.department,u1_0.designation,u1_0.email,u1_0.email_verified_at,u1_0.emergency_contact_name,u1_0.emergency_contact_phone,u1_0.emergency_contact_relationship,u1_0.employee_number,u1_0.employment_end_date,u1_0.employment_start_date,u1_0.employment_type,u1_0.facility_id,u1_0.failed_login_count,u1_0.first_name,u1_0.gender,u1_0.hpcsa_expiry_date,u1_0.hpcsa_number,u1_0.id_number,u1_0.last_failed_login_at,u1_0.last_login_at,u1_0.last_name,u1_0.locked_at,u1_0.manager_id,u1_0.must_change_password,u1_0.password_hash,u1_0.profile_photo_url,u1_0.sanc_expiry_date,u1_0.sanc_number,u1_0.sapc_expiry_date,u1_0.sapc_number,u1_0.status,u1_0.token_version from users u1_0 where u1_0.email=?
2026-10-01T09:35:14.790+02:00 DEBUG 20356 --- [ulwembu-platform-api] [nio-8081-exec-7] org.hibernate.SQL                        : update users set contact_number=?,contact_verified_at=?,date_of_birth=?,department=?,designation=?,email=?,email_verified_at=?,emergency_contact_name=?,emergency_contact_phone=?,emergency_contact_relationship=?,employee_number=?,employment_end_date=?,employment_start_date=?,employment_type=?,facility_id=?,failed_login_count=?,first_name=?,gender=?,hpcsa_expiry_date=?,hpcsa_number=?,id_number=?,last_failed_login_at=?,last_login_at=?,last_name=?,locked_at=?,manager_id=?,must_change_password=?,password_hash=?,profile_photo_url=?,sanc_expiry_date=?,sanc_number=?,sapc_expiry_date=?,sapc_number=?,status=?,token_version=? where id=?
2026-10-01T09:35:14.792+02:00 DEBUG 20356 --- [ulwembu-platform-api] [nio-8081-exec-7] org.hibernate.SQL                        : select r.name from roles r, user_roles ur where ur.role_id = r.id and ur.user_id = ?
2026-10-01T09:35:14.794+02:00 DEBUG 20356 --- [ulwembu-platform-api] [nio-8081-exec-7] org.hibernate.SQL                        : insert into audit_log (action,after_value,before_value,created_at,device_signature,entity_id,entity_type,facility_id,ip_address,user_id,id) values (?,?,?,?,?,?,?,?,?,?,?)
2026-10-01T09:35:14.803+02:00 DEBUG 20356 --- [ulwembu-platform-api] [nio-8081-exec-7] org.hibernate.SQL                        : select u1_0.id,u1_0.contact_number,u1_0.contact_verified_at,u1_0.date_of_birth,u1_0.department,u1_0.designation,u1_0.email,u1_0.email_verified_at,u1_0.emergency_contact_name,u1_0.emergency_contact_phone,u1_0.emergency_contact_relationship,u1_0.employee_number,u1_0.employment_end_date,u1_0.employment_start_date,u1_0.employment_type,u1_0.facility_id,u1_0.failed_login_count,u1_0.first_name,u1_0.gender,u1_0.hpcsa_expiry_date,u1_0.hpcsa_number,u1_0.id_number,u1_0.last_failed_login_at,u1_0.last_login_at,u1_0.last_name,u1_0.locked_at,u1_0.manager_id,u1_0.must_change_password,u1_0.password_hash,u1_0.profile_photo_url,u1_0.sanc_expiry_date,u1_0.sanc_number,u1_0.sapc_expiry_date,u1_0.sapc_number,u1_0.status,u1_0.token_version from users u1_0 where u1_0.email=?
2026-10-01T09:35:14.805+02:00 DEBUG 20356 --- [ulwembu-platform-api] [nio-8081-exec-7] o.s.w.s.m.m.a.HttpEntityMethodProcessor  : Using 'application/json', given [*/*] and supported [application/json, application/*+json]
2026-10-01T09:35:14.805+02:00 DEBUG 20356 --- [ulwembu-platform-api] [nio-8081-exec-7] o.s.w.s.m.m.a.HttpEntityMethodProcessor  : Writing [LoginResponse[accessToken=eyJhbGciOiJIUzI1NiJ9.eyJqdGkiOiJiMzE1MDczMS1mZGIxLTQ0ZDgtODBkNS03MThmMTA1Y (truncated)...]
2026-10-01T09:35:14.806+02:00 DEBUG 20356 --- [ulwembu-platform-api] [nio-8081-exec-7] o.s.web.servlet.DispatcherServlet        : Completed 200 OK
2026-10-01T09:35:14.871+02:00 DEBUG 20356 --- [ulwembu-platform-api] [io-8081-exec-10] org.hibernate.SQL                        : select o1_0.id,o1_0.branding,o1_0.created_at,o1_0.display_name,o1_0.mail_settings,o1_0.profile,o1_0.schema_name,o1_0.sector,o1_0.slug,o1_0.sso_settings,o1_0.status,o1_0.tenant_code from control.organizations o1_0 where o1_0.slug=?
2026-10-01T09:35:14.871+02:00 DEBUG 20356 --- [ulwembu-platform-api] [nio-8081-exec-2] org.hibernate.SQL                        : select o1_0.id,o1_0.branding,o1_0.created_at,o1_0.display_name,o1_0.mail_settings,o1_0.profile,o1_0.schema_name,o1_0.sector,o1_0.slug,o1_0.sso_settings,o1_0.status,o1_0.tenant_code from control.organizations o1_0 where o1_0.slug=?
2026-10-01T09:35:14.871+02:00 DEBUG 20356 --- [ulwembu-platform-api] [nio-8081-exec-8] org.hibernate.SQL                        : select o1_0.id,o1_0.branding,o1_0.created_at,o1_0.display_name,o1_0.mail_settings,o1_0.profile,o1_0.schema_name,o1_0.sector,o1_0.slug,o1_0.sso_settings,o1_0.status,o1_0.tenant_code from control.organizations o1_0 where o1_0.slug=?
2026-10-01T09:35:14.876+02:00 DEBUG 20356 --- [ulwembu-platform-api] [io-8081-exec-10] org.hibernate.SQL                        : select u1_0.id,u1_0.contact_number,u1_0.contact_verified_at,u1_0.date_of_birth,u1_0.department,u1_0.designation,u1_0.email,u1_0.email_verified_at,u1_0.emergency_contact_name,u1_0.emergency_contact_phone,u1_0.emergency_contact_relationship,u1_0.employee_number,u1_0.employment_end_date,u1_0.employment_start_date,u1_0.employment_type,u1_0.facility_id,u1_0.failed_login_count,u1_0.first_name,u1_0.gender,u1_0.hpcsa_expiry_date,u1_0.hpcsa_number,u1_0.id_number,u1_0.last_failed_login_at,u1_0.last_login_at,u1_0.last_name,u1_0.locked_at,u1_0.manager_id,u1_0.must_change_password,u1_0.password_hash,u1_0.profile_photo_url,u1_0.sanc_expiry_date,u1_0.sanc_number,u1_0.sapc_expiry_date,u1_0.sapc_number,u1_0.status,u1_0.token_version from users u1_0 where u1_0.id=?
2026-10-01T09:35:14.876+02:00 DEBUG 20356 --- [ulwembu-platform-api] [nio-8081-exec-2] org.hibernate.SQL                        : select u1_0.id,u1_0.contact_number,u1_0.contact_verified_at,u1_0.date_of_birth,u1_0.department,u1_0.designation,u1_0.email,u1_0.email_verified_at,u1_0.emergency_contact_name,u1_0.emergency_contact_phone,u1_0.emergency_contact_relationship,u1_0.employee_number,u1_0.employment_end_date,u1_0.employment_start_date,u1_0.employment_type,u1_0.facility_id,u1_0.failed_login_count,u1_0.first_name,u1_0.gender,u1_0.hpcsa_expiry_date,u1_0.hpcsa_number,u1_0.id_number,u1_0.last_failed_login_at,u1_0.last_login_at,u1_0.last_name,u1_0.locked_at,u1_0.manager_id,u1_0.must_change_password,u1_0.password_hash,u1_0.profile_photo_url,u1_0.sanc_expiry_date,u1_0.sanc_number,u1_0.sapc_expiry_date,u1_0.sapc_number,u1_0.status,u1_0.token_version from users u1_0 where u1_0.id=?
2026-10-01T09:35:14.877+02:00 DEBUG 20356 --- [ulwembu-platform-api] [nio-8081-exec-8] org.hibernate.SQL                        : select u1_0.id,u1_0.contact_number,u1_0.contact_verified_at,u1_0.date_of_birth,u1_0.department,u1_0.designation,u1_0.email,u1_0.email_verified_at,u1_0.emergency_contact_name,u1_0.emergency_contact_phone,u1_0.emergency_contact_relationship,u1_0.employee_number,u1_0.employment_end_date,u1_0.employment_start_date,u1_0.employment_type,u1_0.facility_id,u1_0.failed_login_count,u1_0.first_name,u1_0.gender,u1_0.hpcsa_expiry_date,u1_0.hpcsa_number,u1_0.id_number,u1_0.last_failed_login_at,u1_0.last_login_at,u1_0.last_name,u1_0.locked_at,u1_0.manager_id,u1_0.must_change_password,u1_0.password_hash,u1_0.profile_photo_url,u1_0.sanc_expiry_date,u1_0.sanc_number,u1_0.sapc_expiry_date,u1_0.sapc_number,u1_0.status,u1_0.token_version from users u1_0 where u1_0.id=?
2026-10-01T09:35:14.879+02:00 DEBUG 20356 --- [ulwembu-platform-api] [io-8081-exec-10] o.s.web.servlet.DispatcherServlet        : GET "/api/v1/organization/modules", parameters={}
2026-10-01T09:35:14.879+02:00 DEBUG 20356 --- [ulwembu-platform-api] [nio-8081-exec-2] o.s.web.servlet.DispatcherServlet        : GET "/api/v1/admin/staff", parameters={}
2026-10-01T09:35:14.880+02:00 DEBUG 20356 --- [ulwembu-platform-api] [io-8081-exec-10] s.w.s.m.m.a.RequestMappingHandlerMapping : Mapped to co.ehealth.platform.core.tenant.OrganizationBrandingController#getModules()
2026-10-01T09:35:14.880+02:00 DEBUG 20356 --- [ulwembu-platform-api] [nio-8081-exec-8] o.s.web.servlet.DispatcherServlet        : GET "/api/v1/organization", parameters={}
2026-10-01T09:35:14.880+02:00 DEBUG 20356 --- [ulwembu-platform-api] [nio-8081-exec-2] s.w.s.m.m.a.RequestMappingHandlerMapping : Mapped to co.ehealth.platform.identity.StaffController#list()
2026-10-01T09:35:14.881+02:00 DEBUG 20356 --- [ulwembu-platform-api] [nio-8081-exec-8] s.w.s.m.m.a.RequestMappingHandlerMapping : Mapped to co.ehealth.platform.core.tenant.OrganizationBrandingController#getOrganization()
2026-10-01T09:35:14.882+02:00 DEBUG 20356 --- [ulwembu-platform-api] [io-8081-exec-10] org.hibernate.SQL                        : select o1_0.id,o1_0.branding,o1_0.created_at,o1_0.display_name,o1_0.mail_settings,o1_0.profile,o1_0.schema_name,o1_0.sector,o1_0.slug,o1_0.sso_settings,o1_0.status,o1_0.tenant_code from control.organizations o1_0 where o1_0.schema_name=?
2026-10-01T09:35:14.882+02:00 DEBUG 20356 --- [ulwembu-platform-api] [nio-8081-exec-8] org.hibernate.SQL                        : select o1_0.id,o1_0.branding,o1_0.created_at,o1_0.display_name,o1_0.mail_settings,o1_0.profile,o1_0.schema_name,o1_0.sector,o1_0.slug,o1_0.sso_settings,o1_0.status,o1_0.tenant_code from control.organizations o1_0 where o1_0.schema_name=?
2026-10-01T09:35:14.882+02:00 DEBUG 20356 --- [ulwembu-platform-api] [nio-8081-exec-2] org.hibernate.SQL                        : select u1_0.id,u1_0.contact_number,u1_0.contact_verified_at,u1_0.date_of_birth,u1_0.department,u1_0.designation,u1_0.email,u1_0.email_verified_at,u1_0.emergency_contact_name,u1_0.emergency_contact_phone,u1_0.emergency_contact_relationship,u1_0.employee_number,u1_0.employment_end_date,u1_0.employment_start_date,u1_0.employment_type,u1_0.facility_id,u1_0.failed_login_count,u1_0.first_name,u1_0.gender,u1_0.hpcsa_expiry_date,u1_0.hpcsa_number,u1_0.id_number,u1_0.last_failed_login_at,u1_0.last_login_at,u1_0.last_name,u1_0.locked_at,u1_0.manager_id,u1_0.must_change_password,u1_0.password_hash,u1_0.profile_photo_url,u1_0.sanc_expiry_date,u1_0.sanc_number,u1_0.sapc_expiry_date,u1_0.sapc_number,u1_0.status,u1_0.token_version from users u1_0
2026-10-01T09:35:14.884+02:00 DEBUG 20356 --- [ulwembu-platform-api] [nio-8081-exec-8] o.s.w.s.m.m.a.HttpEntityMethodProcessor  : Using 'application/json', given [*/*] and supported [application/json, application/*+json]
2026-10-01T09:35:14.884+02:00 DEBUG 20356 --- [ulwembu-platform-api] [nio-8081-exec-8] o.s.w.s.m.m.a.HttpEntityMethodProcessor  : Writing [OrganizationSelfResponse[displayName=Demo Community Clinic, slug=demo-clinic, status=ACTIVE, sector= (truncated)...]
2026-10-01T09:35:14.884+02:00 DEBUG 20356 --- [ulwembu-platform-api] [io-8081-exec-10] org.hibernate.SQL                        : select me1_0.id,me1_0.enabled,me1_0.module_code,me1_0.organization_id,me1_0.updated_at from control.module_entitlements me1_0 where me1_0.organization_id=?
2026-10-01T09:35:14.885+02:00 DEBUG 20356 --- [ulwembu-platform-api] [nio-8081-exec-2] org.hibernate.SQL                        : select r.name from roles r, user_roles ur where ur.role_id = r.id and ur.user_id = ?
2026-10-01T09:35:14.885+02:00 DEBUG 20356 --- [ulwembu-platform-api] [nio-8081-exec-8] o.s.web.servlet.DispatcherServlet        : Completed 200 OK
2026-10-01T09:35:14.887+02:00 DEBUG 20356 --- [ulwembu-platform-api] [io-8081-exec-10] o.s.w.s.m.m.a.HttpEntityMethodProcessor  : Using 'application/json', given [*/*] and supported [application/json, application/*+json]
2026-10-01T09:35:14.887+02:00 DEBUG 20356 --- [ulwembu-platform-api] [nio-8081-exec-2] org.hibernate.SQL                        : select r.name from roles r, user_roles ur where ur.role_id = r.id and ur.user_id = ?
2026-10-01T09:35:14.887+02:00 DEBUG 20356 --- [ulwembu-platform-api] [io-8081-exec-10] o.s.w.s.m.m.a.HttpEntityMethodProcessor  : Writing [{items=[ModuleEntitlementView[code=SADM, displayName=Platform Administration & Tenant Lifecycle, pha (truncated)...]
2026-10-01T09:35:14.888+02:00 DEBUG 20356 --- [ulwembu-platform-api] [io-8081-exec-10] o.s.web.servlet.DispatcherServlet        : Completed 200 OK
2026-10-01T09:35:14.889+02:00 DEBUG 20356 --- [ulwembu-platform-api] [nio-8081-exec-2] org.hibernate.SQL                        : select r.name from roles r, user_roles ur where ur.role_id = r.id and ur.user_id = ?
2026-10-01T09:35:14.892+02:00 DEBUG 20356 --- [ulwembu-platform-api] [nio-8081-exec-2] org.hibernate.SQL                        : select r.name from roles r, user_roles ur where ur.role_id = r.id and ur.user_id = ?
2026-10-01T09:35:14.893+02:00 DEBUG 20356 --- [ulwembu-platform-api] [nio-8081-exec-2] org.hibernate.SQL                        : select r.name from roles r, user_roles ur where ur.role_id = r.id and ur.user_id = ?
2026-10-01T09:35:14.896+02:00 DEBUG 20356 --- [ulwembu-platform-api] [nio-8081-exec-2] org.hibernate.SQL                        : select r.name from roles r, user_roles ur where ur.role_id = r.id and ur.user_id = ?
2026-10-01T09:35:14.898+02:00 DEBUG 20356 --- [ulwembu-platform-api] [nio-8081-exec-2] org.hibernate.SQL                        : select r.name from roles r, user_roles ur where ur.role_id = r.id and ur.user_id = ?
2026-10-01T09:35:14.900+02:00 DEBUG 20356 --- [ulwembu-platform-api] [nio-8081-exec-2] o.s.w.s.m.m.a.HttpEntityMethodProcessor  : Using 'application/json', given [*/*] and supported [application/json, application/*+json]
2026-10-01T09:35:14.900+02:00 DEBUG 20356 --- [ulwembu-platform-api] [nio-8081-exec-2] o.s.w.s.m.m.a.HttpEntityMethodProcessor  : Writing [{items=[StaffRosterEntry[id=b5f7b3c2-a88d-48bf-89e1-90139f9aec42, employeeNumber=EMP-1001, firstName (truncated)...]
2026-10-01T09:35:14.901+02:00 DEBUG 20356 --- [ulwembu-platform-api] [nio-8081-exec-2] o.s.web.servlet.DispatcherServlet        : Completed 200 OK
2026-10-01T09:35:18.207+02:00 DEBUG 20356 --- [ulwembu-platform-api] [nio-8081-exec-4] org.hibernate.SQL                        : select o1_0.id,o1_0.branding,o1_0.created_at,o1_0.display_name,o1_0.mail_settings,o1_0.profile,o1_0.schema_name,o1_0.sector,o1_0.slug,o1_0.sso_settings,o1_0.status,o1_0.tenant_code from control.organizations o1_0 where o1_0.slug=?
2026-10-01T09:35:18.215+02:00 DEBUG 20356 --- [ulwembu-platform-api] [nio-8081-exec-4] org.hibernate.SQL                        : select u1_0.id,u1_0.contact_number,u1_0.contact_verified_at,u1_0.date_of_birth,u1_0.department,u1_0.designation,u1_0.email,u1_0.email_verified_at,u1_0.emergency_contact_name,u1_0.emergency_contact_phone,u1_0.emergency_contact_relationship,u1_0.employee_number,u1_0.employment_end_date,u1_0.employment_start_date,u1_0.employment_type,u1_0.facility_id,u1_0.failed_login_count,u1_0.first_name,u1_0.gender,u1_0.hpcsa_expiry_date,u1_0.hpcsa_number,u1_0.id_number,u1_0.last_failed_login_at,u1_0.last_login_at,u1_0.last_name,u1_0.locked_at,u1_0.manager_id,u1_0.must_change_password,u1_0.password_hash,u1_0.profile_photo_url,u1_0.sanc_expiry_date,u1_0.sanc_number,u1_0.sapc_expiry_date,u1_0.sapc_number,u1_0.status,u1_0.token_version from users u1_0 where u1_0.id=?
2026-10-01T09:35:18.220+02:00 DEBUG 20356 --- [ulwembu-platform-api] [nio-8081-exec-4] o.s.web.servlet.DispatcherServlet        : GET "/api/v1/patients?page=0&size=20&sortBy=registered&sortDir=desc", parameters={masked}
2026-10-01T09:35:18.221+02:00 DEBUG 20356 --- [ulwembu-platform-api] [nio-8081-exec-4] s.w.s.m.m.a.RequestMappingHandlerMapping : Mapped to co.ehealth.platform.patient.PatientController#list(int, int, String, String, String, String, String, String, String, String)
2026-10-01T09:35:18.224+02:00 DEBUG 20356 --- [ulwembu-platform-api] [nio-8081-exec-4] org.hibernate.SQL                        : SELECT DISTINCT p.code FROM permissions p
JOIN role_permissions rp ON rp.permission_id = p.id
JOIN roles r ON r.id = rp.role_id
WHERE r.name IN (?)

2026-10-01T09:35:18.230+02:00 DEBUG 20356 --- [ulwembu-platform-api] [nio-8081-exec-4] org.hibernate.SQL                        : select p1_0.id,p1_0.address,p1_0.archived,p1_0.archived_at,p1_0.archived_by_user_id,p1_0.archived_reason,p1_0.citizenship_status,p1_0.contact_number,p1_0.created_at,p1_0.date_of_birth,p1_0.deceased_date,p1_0.email,p1_0.first_name,p1_0.gender,p1_0.id_number,p1_0.last_name,p1_0.medical_aid_number,p1_0.medical_aid_provider,p1_0.mpi_number,p1_0.passport_expiry,p1_0.passport_number,p1_0.registered_by_user_id from patients p1_0 where p1_0.archived=false and (? is null or p1_0.gender=?) and (? is null or (?=true and p1_0.medical_aid_provider is not null) or (?=false and p1_0.medical_aid_provider is null)) and (?='' or lower(p1_0.mpi_number) like lower(('%'||?||'%')) escape '') and (? is null or p1_0.citizenship_status=?) and p1_0.created_at>=? and p1_0.created_at<=? order by p1_0.created_at desc fetch first ? rows only
2026-10-01T09:35:18.238+02:00 DEBUG 20356 --- [ulwembu-platform-api] [nio-8081-exec-4] o.s.w.s.m.m.a.HttpEntityMethodProcessor  : Using 'application/json', given [*/*] and supported [application/json, application/*+json]
2026-10-01T09:35:18.239+02:00 DEBUG 20356 --- [ulwembu-platform-api] [nio-8081-exec-4] o.s.w.s.m.m.a.HttpEntityMethodProcessor  : Writing [{items=[PatientSummary[id=b37a057b-4d40-4c49-a3fa-8b651f79f7a2, mpiNumber=DC-0000005, firstName=Sibu (truncated)...]
2026-10-01T09:35:18.241+02:00 DEBUG 20356 --- [ulwembu-platform-api] [nio-8081-exec-4] o.s.web.servlet.DispatcherServlet        : Completed 200 OK
2026-10-01T09:35:22.941+02:00 DEBUG 20356 --- [ulwembu-platform-api] [nio-8081-exec-7] org.hibernate.SQL                        : select o1_0.id,o1_0.branding,o1_0.created_at,o1_0.display_name,o1_0.mail_settings,o1_0.profile,o1_0.schema_name,o1_0.sector,o1_0.slug,o1_0.sso_settings,o1_0.status,o1_0.tenant_code from control.organizations o1_0 where o1_0.slug=?
2026-10-01T09:35:22.949+02:00 DEBUG 20356 --- [ulwembu-platform-api] [nio-8081-exec-7] org.hibernate.SQL                        : select u1_0.id,u1_0.contact_number,u1_0.contact_verified_at,u1_0.date_of_birth,u1_0.department,u1_0.designation,u1_0.email,u1_0.email_verified_at,u1_0.emergency_contact_name,u1_0.emergency_contact_phone,u1_0.emergency_contact_relationship,u1_0.employee_number,u1_0.employment_end_date,u1_0.employment_start_date,u1_0.employment_type,u1_0.facility_id,u1_0.failed_login_count,u1_0.first_name,u1_0.gender,u1_0.hpcsa_expiry_date,u1_0.hpcsa_number,u1_0.id_number,u1_0.last_failed_login_at,u1_0.last_login_at,u1_0.last_name,u1_0.locked_at,u1_0.manager_id,u1_0.must_change_password,u1_0.password_hash,u1_0.profile_photo_url,u1_0.sanc_expiry_date,u1_0.sanc_number,u1_0.sapc_expiry_date,u1_0.sapc_number,u1_0.status,u1_0.token_version from users u1_0 where u1_0.id=?
2026-10-01T09:35:22.952+02:00 DEBUG 20356 --- [ulwembu-platform-api] [nio-8081-exec-7] o.s.web.servlet.DispatcherServlet        : GET "/api/v1/facilities", parameters={}
2026-10-01T09:35:22.953+02:00 DEBUG 20356 --- [ulwembu-platform-api] [nio-8081-exec-7] s.w.s.m.m.a.RequestMappingHandlerMapping : Mapped to co.ehealth.platform.facility.FacilityController#list()
2026-10-01T09:35:22.955+02:00 DEBUG 20356 --- [ulwembu-platform-api] [nio-8081-exec-7] org.hibernate.SQL                        : select f1_0.id,f1_0.active,f1_0.address,f1_0.code,f1_0.daily_appointment_limit,f1_0.name,f1_0.operating_hours,f1_0.phone,f1_0.timezone,f1_0.type from facilities f1_0 where f1_0.active order by f1_0.name
2026-10-01T09:35:22.957+02:00 DEBUG 20356 --- [ulwembu-platform-api] [nio-8081-exec-7] m.m.a.RequestResponseBodyMethodProcessor : Using 'application/json', given [*/*] and supported [application/json, application/*+json]
2026-10-01T09:35:22.958+02:00 DEBUG 20356 --- [ulwembu-platform-api] [nio-8081-exec-7] m.m.a.RequestResponseBodyMethodProcessor : Writing [{items=[{id=a7ee88e2-3a54-4d1f-8c46-59075756ae12, name=Demo Main Clinic}, {id=aa7942b0-2bd2-4e25-95c (truncated)...]
2026-10-01T09:35:22.959+02:00 DEBUG 20356 --- [ulwembu-platform-api] [nio-8081-exec-7] o.s.web.servlet.DispatcherServlet        : Completed 200 OK
2026-10-01T09:35:22.981+02:00 DEBUG 20356 --- [ulwembu-platform-api] [nio-8081-exec-1] org.hibernate.SQL                        : select o1_0.id,o1_0.branding,o1_0.created_at,o1_0.display_name,o1_0.mail_settings,o1_0.profile,o1_0.schema_name,o1_0.sector,o1_0.slug,o1_0.sso_settings,o1_0.status,o1_0.tenant_code from control.organizations o1_0 where o1_0.slug=?
2026-10-01T09:35:22.986+02:00 DEBUG 20356 --- [ulwembu-platform-api] [nio-8081-exec-1] org.hibernate.SQL                        : select u1_0.id,u1_0.contact_number,u1_0.contact_verified_at,u1_0.date_of_birth,u1_0.department,u1_0.designation,u1_0.email,u1_0.email_verified_at,u1_0.emergency_contact_name,u1_0.emergency_contact_phone,u1_0.emergency_contact_relationship,u1_0.employee_number,u1_0.employment_end_date,u1_0.employment_start_date,u1_0.employment_type,u1_0.facility_id,u1_0.failed_login_count,u1_0.first_name,u1_0.gender,u1_0.hpcsa_expiry_date,u1_0.hpcsa_number,u1_0.id_number,u1_0.last_failed_login_at,u1_0.last_login_at,u1_0.last_name,u1_0.locked_at,u1_0.manager_id,u1_0.must_change_password,u1_0.password_hash,u1_0.profile_photo_url,u1_0.sanc_expiry_date,u1_0.sanc_number,u1_0.sapc_expiry_date,u1_0.sapc_number,u1_0.status,u1_0.token_version from users u1_0 where u1_0.id=?
2026-10-01T09:35:22.990+02:00 DEBUG 20356 --- [ulwembu-platform-api] [nio-8081-exec-1] o.s.web.servlet.DispatcherServlet        : GET "/api/v1/queue?facilityId=a7ee88e2-3a54-4d1f-8c46-59075756ae12&status=ISSUED&status=CALLED&status=MISSED&date=2026-10-01&page=0&pageSize=25", parameters={masked}
2026-10-01T09:35:22.990+02:00 DEBUG 20356 --- [ulwembu-platform-api] [nio-8081-exec-1] s.w.s.m.m.a.RequestMappingHandlerMapping : Mapped to co.ehealth.platform.visit.QueueController#list(UUID, String, Set, TokenPriority, LocalDate, int, int)
2026-10-01T09:35:22.993+02:00 DEBUG 20356 --- [ulwembu-platform-api] [nio-8081-exec-1] org.hibernate.SQL                        : SELECT DISTINCT p.code FROM permissions p
JOIN role_permissions rp ON rp.permission_id = p.id
JOIN roles r ON r.id = rp.role_id
WHERE r.name IN (?)

2026-10-01T09:35:22.998+02:00 DEBUG 20356 --- [ulwembu-platform-api] [nio-8081-exec-1] org.hibernate.SQL                        : select f1_0.id,f1_0.active,f1_0.address,f1_0.code,f1_0.daily_appointment_limit,f1_0.name,f1_0.operating_hours,f1_0.phone,f1_0.timezone,f1_0.type from facilities f1_0 where f1_0.id=?
2026-10-01T09:35:23.001+02:00 DEBUG 20356 --- [ulwembu-platform-api] [nio-8081-exec-1] org.hibernate.SQL                        : select qt1_0.id,qt1_0.called_at,qt1_0.cancel_reason,qt1_0.cancelled_at,qt1_0.cancelled_by_user_id,qt1_0.completed_at,qt1_0.facility_id,qt1_0.issued_at,qt1_0.issued_by_user_id,qt1_0.is_manual,qt1_0.missed_at,qt1_0.priority,qt1_0.status,qt1_0.token_number,qt1_0.visit_id from queue_tokens qt1_0 where qt1_0.facility_id=? and qt1_0.issued_at>=? and qt1_0.issued_at<? order by case qt1_0.status when 'CALLED' then 0 when 'ISSUED' then 1 else 2 end,case when qt1_0.priority='PRIORITY' then 0 else 1 end,qt1_0.issued_at
2026-10-01T09:35:23.005+02:00 DEBUG 20356 --- [ulwembu-platform-api] [nio-8081-exec-1] o.s.w.s.m.m.a.HttpEntityMethodProcessor  : Using 'application/json', given [*/*] and supported [application/json, application/*+json]
2026-10-01T09:35:23.005+02:00 DEBUG 20356 --- [ulwembu-platform-api] [nio-8081-exec-1] o.s.w.s.m.m.a.HttpEntityMethodProcessor  : Writing [{date=2026-10-01, pageSize=25, totalPages=0, page=0, items=[], totalElements=0}]
2026-10-01T09:35:23.006+02:00 DEBUG 20356 --- [ulwembu-platform-api] [nio-8081-exec-1] o.s.web.servlet.DispatcherServlet        : Completed 200 OK
2026-10-01T09:35:24.931+02:00 DEBUG 20356 --- [ulwembu-platform-api] [nio-8081-exec-8] org.hibernate.SQL                        : select o1_0.id,o1_0.branding,o1_0.created_at,o1_0.display_name,o1_0.mail_settings,o1_0.profile,o1_0.schema_name,o1_0.sector,o1_0.slug,o1_0.sso_settings,o1_0.status,o1_0.tenant_code from control.organizations o1_0 where o1_0.slug=?
2026-10-01T09:35:24.940+02:00 DEBUG 20356 --- [ulwembu-platform-api] [io-8081-exec-10] org.hibernate.SQL                        : select o1_0.id,o1_0.branding,o1_0.created_at,o1_0.display_name,o1_0.mail_settings,o1_0.profile,o1_0.schema_name,o1_0.sector,o1_0.slug,o1_0.sso_settings,o1_0.status,o1_0.tenant_code from control.organizations o1_0 where o1_0.slug=?
2026-10-01T09:35:24.941+02:00 DEBUG 20356 --- [ulwembu-platform-api] [nio-8081-exec-8] org.hibernate.SQL                        : select u1_0.id,u1_0.contact_number,u1_0.contact_verified_at,u1_0.date_of_birth,u1_0.department,u1_0.designation,u1_0.email,u1_0.email_verified_at,u1_0.emergency_contact_name,u1_0.emergency_contact_phone,u1_0.emergency_contact_relationship,u1_0.employee_number,u1_0.employment_end_date,u1_0.employment_start_date,u1_0.employment_type,u1_0.facility_id,u1_0.failed_login_count,u1_0.first_name,u1_0.gender,u1_0.hpcsa_expiry_date,u1_0.hpcsa_number,u1_0.id_number,u1_0.last_failed_login_at,u1_0.last_login_at,u1_0.last_name,u1_0.locked_at,u1_0.manager_id,u1_0.must_change_password,u1_0.password_hash,u1_0.profile_photo_url,u1_0.sanc_expiry_date,u1_0.sanc_number,u1_0.sapc_expiry_date,u1_0.sapc_number,u1_0.status,u1_0.token_version from users u1_0 where u1_0.id=?
2026-10-01T09:35:24.944+02:00 DEBUG 20356 --- [ulwembu-platform-api] [nio-8081-exec-5] org.hibernate.SQL                        : select o1_0.id,o1_0.branding,o1_0.created_at,o1_0.display_name,o1_0.mail_settings,o1_0.profile,o1_0.schema_name,o1_0.sector,o1_0.slug,o1_0.sso_settings,o1_0.status,o1_0.tenant_code from control.organizations o1_0 where o1_0.slug=?
2026-10-01T09:35:24.944+02:00 DEBUG 20356 --- [ulwembu-platform-api] [nio-8081-exec-8] o.s.web.servlet.DispatcherServlet        : GET "/api/v1/facilities", parameters={}
2026-10-01T09:35:24.946+02:00 DEBUG 20356 --- [ulwembu-platform-api] [nio-8081-exec-8] s.w.s.m.m.a.RequestMappingHandlerMapping : Mapped to co.ehealth.platform.facility.FacilityController#list()
2026-10-01T09:35:24.947+02:00 DEBUG 20356 --- [ulwembu-platform-api] [io-8081-exec-10] org.hibernate.SQL                        : select u1_0.id,u1_0.contact_number,u1_0.contact_verified_at,u1_0.date_of_birth,u1_0.department,u1_0.designation,u1_0.email,u1_0.email_verified_at,u1_0.emergency_contact_name,u1_0.emergency_contact_phone,u1_0.emergency_contact_relationship,u1_0.employee_number,u1_0.employment_end_date,u1_0.employment_start_date,u1_0.employment_type,u1_0.facility_id,u1_0.failed_login_count,u1_0.first_name,u1_0.gender,u1_0.hpcsa_expiry_date,u1_0.hpcsa_number,u1_0.id_number,u1_0.last_failed_login_at,u1_0.last_login_at,u1_0.last_name,u1_0.locked_at,u1_0.manager_id,u1_0.must_change_password,u1_0.password_hash,u1_0.profile_photo_url,u1_0.sanc_expiry_date,u1_0.sanc_number,u1_0.sapc_expiry_date,u1_0.sapc_number,u1_0.status,u1_0.token_version from users u1_0 where u1_0.id=?
2026-10-01T09:35:24.952+02:00 DEBUG 20356 --- [ulwembu-platform-api] [nio-8081-exec-5] org.hibernate.SQL                        : select u1_0.id,u1_0.contact_number,u1_0.contact_verified_at,u1_0.date_of_birth,u1_0.department,u1_0.designation,u1_0.email,u1_0.email_verified_at,u1_0.emergency_contact_name,u1_0.emergency_contact_phone,u1_0.emergency_contact_relationship,u1_0.employee_number,u1_0.employment_end_date,u1_0.employment_start_date,u1_0.employment_type,u1_0.facility_id,u1_0.failed_login_count,u1_0.first_name,u1_0.gender,u1_0.hpcsa_expiry_date,u1_0.hpcsa_number,u1_0.id_number,u1_0.last_failed_login_at,u1_0.last_login_at,u1_0.last_name,u1_0.locked_at,u1_0.manager_id,u1_0.must_change_password,u1_0.password_hash,u1_0.profile_photo_url,u1_0.sanc_expiry_date,u1_0.sanc_number,u1_0.sapc_expiry_date,u1_0.sapc_number,u1_0.status,u1_0.token_version from users u1_0 where u1_0.id=?
2026-10-01T09:35:24.952+02:00 DEBUG 20356 --- [ulwembu-platform-api] [io-8081-exec-10] o.s.web.servlet.DispatcherServlet        : GET "/api/v1/prescriptions/dispensing-capabilities", parameters={}
2026-10-01T09:35:24.953+02:00 DEBUG 20356 --- [ulwembu-platform-api] [nio-8081-exec-8] org.hibernate.SQL                        : select f1_0.id,f1_0.active,f1_0.address,f1_0.code,f1_0.daily_appointment_limit,f1_0.name,f1_0.operating_hours,f1_0.phone,f1_0.timezone,f1_0.type from facilities f1_0 where f1_0.active order by f1_0.name
2026-10-01T09:35:24.953+02:00 DEBUG 20356 --- [ulwembu-platform-api] [io-8081-exec-10] s.w.s.m.m.a.RequestMappingHandlerMapping : Mapped to co.ehealth.platform.pharmacy.PrescriptionController#dispensingCapabilities(AuthenticatedPrincipal)
2026-10-01T09:35:24.957+02:00 DEBUG 20356 --- [ulwembu-platform-api] [io-8081-exec-10] org.hibernate.SQL                        : SELECT DISTINCT p.code FROM permissions p
JOIN role_permissions rp ON rp.permission_id = p.id
JOIN roles r ON r.id = rp.role_id
WHERE r.name IN (?)

2026-10-01T09:35:24.957+02:00 DEBUG 20356 --- [ulwembu-platform-api] [nio-8081-exec-8] m.m.a.RequestResponseBodyMethodProcessor : Using 'application/json', given [*/*] and supported [application/json, application/*+json]
2026-10-01T09:35:24.958+02:00 DEBUG 20356 --- [ulwembu-platform-api] [nio-8081-exec-5] o.s.web.servlet.DispatcherServlet        : GET "/api/v1/prescriptions/queue?facilityId=a7ee88e2-3a54-4d1f-8c46-59075756ae12", parameters={masked}
2026-10-01T09:35:24.958+02:00 DEBUG 20356 --- [ulwembu-platform-api] [nio-8081-exec-8] m.m.a.RequestResponseBodyMethodProcessor : Writing [{items=[{id=a7ee88e2-3a54-4d1f-8c46-59075756ae12, name=Demo Main Clinic}, {id=aa7942b0-2bd2-4e25-95c (truncated)...]
2026-10-01T09:35:24.958+02:00 DEBUG 20356 --- [ulwembu-platform-api] [nio-8081-exec-5] s.w.s.m.m.a.RequestMappingHandlerMapping : Mapped to co.ehealth.platform.pharmacy.PrescriptionController#queue(UUID)
2026-10-01T09:35:24.960+02:00 DEBUG 20356 --- [ulwembu-platform-api] [nio-8081-exec-8] o.s.web.servlet.DispatcherServlet        : Completed 200 OK
2026-10-01T09:35:24.961+02:00 DEBUG 20356 --- [ulwembu-platform-api] [nio-8081-exec-5] org.hibernate.SQL                        : SELECT DISTINCT p.code FROM permissions p
JOIN role_permissions rp ON rp.permission_id = p.id
JOIN roles r ON r.id = rp.role_id
WHERE r.name IN (?)

2026-10-01T09:35:24.962+02:00 DEBUG 20356 --- [ulwembu-platform-api] [io-8081-exec-10] org.hibernate.SQL                        : select u1_0.id,u1_0.contact_number,u1_0.contact_verified_at,u1_0.date_of_birth,u1_0.department,u1_0.designation,u1_0.email,u1_0.email_verified_at,u1_0.emergency_contact_name,u1_0.emergency_contact_phone,u1_0.emergency_contact_relationship,u1_0.employee_number,u1_0.employment_end_date,u1_0.employment_start_date,u1_0.employment_type,u1_0.facility_id,u1_0.failed_login_count,u1_0.first_name,u1_0.gender,u1_0.hpcsa_expiry_date,u1_0.hpcsa_number,u1_0.id_number,u1_0.last_failed_login_at,u1_0.last_login_at,u1_0.last_name,u1_0.locked_at,u1_0.manager_id,u1_0.must_change_password,u1_0.password_hash,u1_0.profile_photo_url,u1_0.sanc_expiry_date,u1_0.sanc_number,u1_0.sapc_expiry_date,u1_0.sapc_number,u1_0.status,u1_0.token_version from users u1_0 where u1_0.id=?
2026-10-01T09:35:24.967+02:00 DEBUG 20356 --- [ulwembu-platform-api] [io-8081-exec-10] org.hibernate.SQL                        : SELECT DISTINCT p.code FROM permissions p
JOIN role_permissions rp ON rp.permission_id = p.id
JOIN roles r ON r.id = rp.role_id
WHERE r.name IN (?)

2026-10-01T09:35:24.968+02:00 DEBUG 20356 --- [ulwembu-platform-api] [nio-8081-exec-5] org.hibernate.SQL                        : select p1_0.id,p1_0.consultation_id,p1_0.created_at,p1_0.facility_id,p1_0.patient_id,p1_0.prescriber_id,p1_0.serial_number,p1_0.status,p1_0.visit_id from prescriptions p1_0 where p1_0.facility_id=? and p1_0.status in (?,?) order by p1_0.created_at
2026-10-01T09:35:24.970+02:00 DEBUG 20356 --- [ulwembu-platform-api] [io-8081-exec-10] o.s.w.s.m.m.a.HttpEntityMethodProcessor  : Using 'application/json', given [*/*] and supported [application/json, application/*+json]
2026-10-01T09:35:24.970+02:00 DEBUG 20356 --- [ulwembu-platform-api] [io-8081-exec-10] o.s.w.s.m.m.a.HttpEntityMethodProcessor  : Writing [DispensingCapabilitiesResponse[canDispense=false, canPrescribe=false]]
2026-10-01T09:35:24.971+02:00 DEBUG 20356 --- [ulwembu-platform-api] [nio-8081-exec-5] o.s.w.s.m.m.a.HttpEntityMethodProcessor  : Using 'application/json', given [*/*] and supported [application/json, application/*+json]
2026-10-01T09:35:24.971+02:00 DEBUG 20356 --- [ulwembu-platform-api] [io-8081-exec-10] o.s.web.servlet.DispatcherServlet        : Completed 200 OK
2026-10-01T09:35:24.971+02:00 DEBUG 20356 --- [ulwembu-platform-api] [nio-8081-exec-5] o.s.w.s.m.m.a.HttpEntityMethodProcessor  : Writing [{items=[]}]
2026-10-01T09:35:24.973+02:00 DEBUG 20356 --- [ulwembu-platform-api] [nio-8081-exec-5] o.s.web.servlet.DispatcherServlet        : Completed 200 OK
2026-10-01T09:35:27.008+02:00 DEBUG 20356 --- [ulwembu-platform-api] [nio-8081-exec-6] org.hibernate.SQL                        : select o1_0.id,o1_0.branding,o1_0.created_at,o1_0.display_name,o1_0.mail_settings,o1_0.profile,o1_0.schema_name,o1_0.sector,o1_0.slug,o1_0.sso_settings,o1_0.status,o1_0.tenant_code from control.organizations o1_0 where o1_0.slug=?
2026-10-01T09:35:27.016+02:00 DEBUG 20356 --- [ulwembu-platform-api] [nio-8081-exec-6] org.hibernate.SQL                        : select u1_0.id,u1_0.contact_number,u1_0.contact_verified_at,u1_0.date_of_birth,u1_0.department,u1_0.designation,u1_0.email,u1_0.email_verified_at,u1_0.emergency_contact_name,u1_0.emergency_contact_phone,u1_0.emergency_contact_relationship,u1_0.employee_number,u1_0.employment_end_date,u1_0.employment_start_date,u1_0.employment_type,u1_0.facility_id,u1_0.failed_login_count,u1_0.first_name,u1_0.gender,u1_0.hpcsa_expiry_date,u1_0.hpcsa_number,u1_0.id_number,u1_0.last_failed_login_at,u1_0.last_login_at,u1_0.last_name,u1_0.locked_at,u1_0.manager_id,u1_0.must_change_password,u1_0.password_hash,u1_0.profile_photo_url,u1_0.sanc_expiry_date,u1_0.sanc_number,u1_0.sapc_expiry_date,u1_0.sapc_number,u1_0.status,u1_0.token_version from users u1_0 where u1_0.id=?
2026-10-01T09:35:27.022+02:00 DEBUG 20356 --- [ulwembu-platform-api] [nio-8081-exec-6] o.s.web.servlet.DispatcherServlet        : GET "/api/v1/patients?page=0&size=20&sortBy=registered&sortDir=desc", parameters={masked}
2026-10-01T09:35:27.024+02:00 DEBUG 20356 --- [ulwembu-platform-api] [nio-8081-exec-6] s.w.s.m.m.a.RequestMappingHandlerMapping : Mapped to co.ehealth.platform.patient.PatientController#list(int, int, String, String, String, String, String, String, String, String)
2026-10-01T09:35:27.027+02:00 DEBUG 20356 --- [ulwembu-platform-api] [nio-8081-exec-6] org.hibernate.SQL                        : SELECT DISTINCT p.code FROM permissions p
JOIN role_permissions rp ON rp.permission_id = p.id
JOIN roles r ON r.id = rp.role_id
WHERE r.name IN (?)

2026-10-01T09:35:27.032+02:00 DEBUG 20356 --- [ulwembu-platform-api] [nio-8081-exec-6] org.hibernate.SQL                        : select p1_0.id,p1_0.address,p1_0.archived,p1_0.archived_at,p1_0.archived_by_user_id,p1_0.archived_reason,p1_0.citizenship_status,p1_0.contact_number,p1_0.created_at,p1_0.date_of_birth,p1_0.deceased_date,p1_0.email,p1_0.first_name,p1_0.gender,p1_0.id_number,p1_0.last_name,p1_0.medical_aid_number,p1_0.medical_aid_provider,p1_0.mpi_number,p1_0.passport_expiry,p1_0.passport_number,p1_0.registered_by_user_id from patients p1_0 where p1_0.archived=false and (? is null or p1_0.gender=?) and (? is null or (?=true and p1_0.medical_aid_provider is not null) or (?=false and p1_0.medical_aid_provider is null)) and (?='' or lower(p1_0.mpi_number) like lower(('%'||?||'%')) escape '') and (? is null or p1_0.citizenship_status=?) and p1_0.created_at>=? and p1_0.created_at<=? order by p1_0.created_at desc fetch first ? rows only
2026-10-01T09:35:27.036+02:00 DEBUG 20356 --- [ulwembu-platform-api] [nio-8081-exec-6] o.s.w.s.m.m.a.HttpEntityMethodProcessor  : Using 'application/json', given [*/*] and supported [application/json, application/*+json]
2026-10-01T09:35:27.038+02:00 DEBUG 20356 --- [ulwembu-platform-api] [nio-8081-exec-6] o.s.w.s.m.m.a.HttpEntityMethodProcessor  : Writing [{items=[PatientSummary[id=b37a057b-4d40-4c49-a3fa-8b651f79f7a2, mpiNumber=DC-0000005, firstName=Sibu (truncated)...]
2026-10-01T09:35:27.039+02:00 DEBUG 20356 --- [ulwembu-platform-api] [nio-8081-exec-6] o.s.web.servlet.DispatcherServlet        : Completed 200 OK
2026-10-01T09:35:30.120+02:00 DEBUG 20356 --- [ulwembu-platform-api] [nio-8081-exec-3] org.hibernate.SQL                        : select o1_0.id,o1_0.branding,o1_0.created_at,o1_0.display_name,o1_0.mail_settings,o1_0.profile,o1_0.schema_name,o1_0.sector,o1_0.slug,o1_0.sso_settings,o1_0.status,o1_0.tenant_code from control.organizations o1_0 where o1_0.slug=?
2026-10-01T09:35:30.131+02:00 DEBUG 20356 --- [ulwembu-platform-api] [nio-8081-exec-3] org.hibernate.SQL                        : select u1_0.id,u1_0.contact_number,u1_0.contact_verified_at,u1_0.date_of_birth,u1_0.department,u1_0.designation,u1_0.email,u1_0.email_verified_at,u1_0.emergency_contact_name,u1_0.emergency_contact_phone,u1_0.emergency_contact_relationship,u1_0.employee_number,u1_0.employment_end_date,u1_0.employment_start_date,u1_0.employment_type,u1_0.facility_id,u1_0.failed_login_count,u1_0.first_name,u1_0.gender,u1_0.hpcsa_expiry_date,u1_0.hpcsa_number,u1_0.id_number,u1_0.last_failed_login_at,u1_0.last_login_at,u1_0.last_name,u1_0.locked_at,u1_0.manager_id,u1_0.must_change_password,u1_0.password_hash,u1_0.profile_photo_url,u1_0.sanc_expiry_date,u1_0.sanc_number,u1_0.sapc_expiry_date,u1_0.sapc_number,u1_0.status,u1_0.token_version from users u1_0 where u1_0.id=?
2026-10-01T09:35:30.135+02:00 DEBUG 20356 --- [ulwembu-platform-api] [nio-8081-exec-9] org.hibernate.SQL                        : select o1_0.id,o1_0.branding,o1_0.created_at,o1_0.display_name,o1_0.mail_settings,o1_0.profile,o1_0.schema_name,o1_0.sector,o1_0.slug,o1_0.sso_settings,o1_0.status,o1_0.tenant_code from control.organizations o1_0 where o1_0.slug=?
2026-10-01T09:35:30.137+02:00 DEBUG 20356 --- [ulwembu-platform-api] [nio-8081-exec-3] o.s.web.servlet.DispatcherServlet        : GET "/api/v1/facilities", parameters={}
2026-10-01T09:35:30.138+02:00 DEBUG 20356 --- [ulwembu-platform-api] [nio-8081-exec-3] s.w.s.m.m.a.RequestMappingHandlerMapping : Mapped to co.ehealth.platform.facility.FacilityController#list()
2026-10-01T09:35:30.140+02:00 DEBUG 20356 --- [ulwembu-platform-api] [nio-8081-exec-3] org.hibernate.SQL                        : select f1_0.id,f1_0.active,f1_0.address,f1_0.code,f1_0.daily_appointment_limit,f1_0.name,f1_0.operating_hours,f1_0.phone,f1_0.timezone,f1_0.type from facilities f1_0 where f1_0.active order by f1_0.name
2026-10-01T09:35:30.142+02:00 DEBUG 20356 --- [ulwembu-platform-api] [nio-8081-exec-9] org.hibernate.SQL                        : select u1_0.id,u1_0.contact_number,u1_0.contact_verified_at,u1_0.date_of_birth,u1_0.department,u1_0.designation,u1_0.email,u1_0.email_verified_at,u1_0.emergency_contact_name,u1_0.emergency_contact_phone,u1_0.emergency_contact_relationship,u1_0.employee_number,u1_0.employment_end_date,u1_0.employment_start_date,u1_0.employment_type,u1_0.facility_id,u1_0.failed_login_count,u1_0.first_name,u1_0.gender,u1_0.hpcsa_expiry_date,u1_0.hpcsa_number,u1_0.id_number,u1_0.last_failed_login_at,u1_0.last_login_at,u1_0.last_name,u1_0.locked_at,u1_0.manager_id,u1_0.must_change_password,u1_0.password_hash,u1_0.profile_photo_url,u1_0.sanc_expiry_date,u1_0.sanc_number,u1_0.sapc_expiry_date,u1_0.sapc_number,u1_0.status,u1_0.token_version from users u1_0 where u1_0.id=?
2026-10-01T09:35:30.144+02:00 DEBUG 20356 --- [ulwembu-platform-api] [nio-8081-exec-3] m.m.a.RequestResponseBodyMethodProcessor : Using 'application/json', given [*/*] and supported [application/json, application/*+json]
2026-10-01T09:35:30.144+02:00 DEBUG 20356 --- [ulwembu-platform-api] [nio-8081-exec-3] m.m.a.RequestResponseBodyMethodProcessor : Writing [{items=[{id=a7ee88e2-3a54-4d1f-8c46-59075756ae12, name=Demo Main Clinic}, {id=aa7942b0-2bd2-4e25-95c (truncated)...]
2026-10-01T09:35:30.146+02:00 DEBUG 20356 --- [ulwembu-platform-api] [nio-8081-exec-9] o.s.web.servlet.DispatcherServlet        : GET "/api/v1/queue?facilityId=a7ee88e2-3a54-4d1f-8c46-59075756ae12&status=ISSUED&status=CALLED&status=MISSED&date=2026-10-01&page=0&pageSize=25", parameters={masked}
2026-10-01T09:35:30.146+02:00 DEBUG 20356 --- [ulwembu-platform-api] [nio-8081-exec-3] o.s.web.servlet.DispatcherServlet        : Completed 200 OK
2026-10-01T09:35:30.147+02:00 DEBUG 20356 --- [ulwembu-platform-api] [nio-8081-exec-9] s.w.s.m.m.a.RequestMappingHandlerMapping : Mapped to co.ehealth.platform.visit.QueueController#list(UUID, String, Set, TokenPriority, LocalDate, int, int)
2026-10-01T09:35:30.150+02:00 DEBUG 20356 --- [ulwembu-platform-api] [nio-8081-exec-9] org.hibernate.SQL                        : SELECT DISTINCT p.code FROM permissions p
JOIN role_permissions rp ON rp.permission_id = p.id
JOIN roles r ON r.id = rp.role_id
WHERE r.name IN (?)

2026-10-01T09:35:30.157+02:00 DEBUG 20356 --- [ulwembu-platform-api] [nio-8081-exec-9] org.hibernate.SQL                        : select f1_0.id,f1_0.active,f1_0.address,f1_0.code,f1_0.daily_appointment_limit,f1_0.name,f1_0.operating_hours,f1_0.phone,f1_0.timezone,f1_0.type from facilities f1_0 where f1_0.id=?
2026-10-01T09:35:30.160+02:00 DEBUG 20356 --- [ulwembu-platform-api] [nio-8081-exec-9] org.hibernate.SQL                        : select qt1_0.id,qt1_0.called_at,qt1_0.cancel_reason,qt1_0.cancelled_at,qt1_0.cancelled_by_user_id,qt1_0.completed_at,qt1_0.facility_id,qt1_0.issued_at,qt1_0.issued_by_user_id,qt1_0.is_manual,qt1_0.missed_at,qt1_0.priority,qt1_0.status,qt1_0.token_number,qt1_0.visit_id from queue_tokens qt1_0 where qt1_0.facility_id=? and qt1_0.issued_at>=? and qt1_0.issued_at<? order by case qt1_0.status when 'CALLED' then 0 when 'ISSUED' then 1 else 2 end,case when qt1_0.priority='PRIORITY' then 0 else 1 end,qt1_0.issued_at
2026-10-01T09:35:30.164+02:00 DEBUG 20356 --- [ulwembu-platform-api] [nio-8081-exec-9] o.s.w.s.m.m.a.HttpEntityMethodProcessor  : Using 'application/json', given [*/*] and supported [application/json, application/*+json]
2026-10-01T09:35:30.165+02:00 DEBUG 20356 --- [ulwembu-platform-api] [nio-8081-exec-9] o.s.w.s.m.m.a.HttpEntityMethodProcessor  : Writing [{date=2026-10-01, pageSize=25, totalPages=0, page=0, items=[], totalElements=0}]
2026-10-01T09:35:30.167+02:00 DEBUG 20356 --- [ulwembu-platform-api] [nio-8081-exec-9] o.s.web.servlet.DispatcherServlet        : Completed 200 OK
2026-10-01T09:35:33.376+02:00 DEBUG 20356 --- [ulwembu-platform-api] [nio-8081-exec-8] org.hibernate.SQL                        : select o1_0.id,o1_0.branding,o1_0.created_at,o1_0.display_name,o1_0.mail_settings,o1_0.profile,o1_0.schema_name,o1_0.sector,o1_0.slug,o1_0.sso_settings,o1_0.status,o1_0.tenant_code from control.organizations o1_0 where o1_0.slug=?
2026-10-01T09:35:33.385+02:00 DEBUG 20356 --- [ulwembu-platform-api] [nio-8081-exec-5] org.hibernate.SQL                        : select o1_0.id,o1_0.branding,o1_0.created_at,o1_0.display_name,o1_0.mail_settings,o1_0.profile,o1_0.schema_name,o1_0.sector,o1_0.slug,o1_0.sso_settings,o1_0.status,o1_0.tenant_code from control.organizations o1_0 where o1_0.slug=?
2026-10-01T09:35:33.386+02:00 DEBUG 20356 --- [ulwembu-platform-api] [nio-8081-exec-4] org.hibernate.SQL                        : select o1_0.id,o1_0.branding,o1_0.created_at,o1_0.display_name,o1_0.mail_settings,o1_0.profile,o1_0.schema_name,o1_0.sector,o1_0.slug,o1_0.sso_settings,o1_0.status,o1_0.tenant_code from control.organizations o1_0 where o1_0.slug=?
2026-10-01T09:35:33.390+02:00 DEBUG 20356 --- [ulwembu-platform-api] [nio-8081-exec-8] org.hibernate.SQL                        : select u1_0.id,u1_0.contact_number,u1_0.contact_verified_at,u1_0.date_of_birth,u1_0.department,u1_0.designation,u1_0.email,u1_0.email_verified_at,u1_0.emergency_contact_name,u1_0.emergency_contact_phone,u1_0.emergency_contact_relationship,u1_0.employee_number,u1_0.employment_end_date,u1_0.employment_start_date,u1_0.employment_type,u1_0.facility_id,u1_0.failed_login_count,u1_0.first_name,u1_0.gender,u1_0.hpcsa_expiry_date,u1_0.hpcsa_number,u1_0.id_number,u1_0.last_failed_login_at,u1_0.last_login_at,u1_0.last_name,u1_0.locked_at,u1_0.manager_id,u1_0.must_change_password,u1_0.password_hash,u1_0.profile_photo_url,u1_0.sanc_expiry_date,u1_0.sanc_number,u1_0.sapc_expiry_date,u1_0.sapc_number,u1_0.status,u1_0.token_version from users u1_0 where u1_0.id=?
2026-10-01T09:35:33.391+02:00 DEBUG 20356 --- [ulwembu-platform-api] [nio-8081-exec-4] org.hibernate.SQL                        : select u1_0.id,u1_0.contact_number,u1_0.contact_verified_at,u1_0.date_of_birth,u1_0.department,u1_0.designation,u1_0.email,u1_0.email_verified_at,u1_0.emergency_contact_name,u1_0.emergency_contact_phone,u1_0.emergency_contact_relationship,u1_0.employee_number,u1_0.employment_end_date,u1_0.employment_start_date,u1_0.employment_type,u1_0.facility_id,u1_0.failed_login_count,u1_0.first_name,u1_0.gender,u1_0.hpcsa_expiry_date,u1_0.hpcsa_number,u1_0.id_number,u1_0.last_failed_login_at,u1_0.last_login_at,u1_0.last_name,u1_0.locked_at,u1_0.manager_id,u1_0.must_change_password,u1_0.password_hash,u1_0.profile_photo_url,u1_0.sanc_expiry_date,u1_0.sanc_number,u1_0.sapc_expiry_date,u1_0.sapc_number,u1_0.status,u1_0.token_version from users u1_0 where u1_0.id=?
2026-10-01T09:35:33.394+02:00 DEBUG 20356 --- [ulwembu-platform-api] [nio-8081-exec-5] org.hibernate.SQL                        : select u1_0.id,u1_0.contact_number,u1_0.contact_verified_at,u1_0.date_of_birth,u1_0.department,u1_0.designation,u1_0.email,u1_0.email_verified_at,u1_0.emergency_contact_name,u1_0.emergency_contact_phone,u1_0.emergency_contact_relationship,u1_0.employee_number,u1_0.employment_end_date,u1_0.employment_start_date,u1_0.employment_type,u1_0.facility_id,u1_0.failed_login_count,u1_0.first_name,u1_0.gender,u1_0.hpcsa_expiry_date,u1_0.hpcsa_number,u1_0.id_number,u1_0.last_failed_login_at,u1_0.last_login_at,u1_0.last_name,u1_0.locked_at,u1_0.manager_id,u1_0.must_change_password,u1_0.password_hash,u1_0.profile_photo_url,u1_0.sanc_expiry_date,u1_0.sanc_number,u1_0.sapc_expiry_date,u1_0.sapc_number,u1_0.status,u1_0.token_version from users u1_0 where u1_0.id=?
2026-10-01T09:35:33.398+02:00 DEBUG 20356 --- [ulwembu-platform-api] [nio-8081-exec-4] o.s.web.servlet.DispatcherServlet        : GET "/api/v1/prescriptions/queue?facilityId=a7ee88e2-3a54-4d1f-8c46-59075756ae12", parameters={masked}
2026-10-01T09:35:33.398+02:00 DEBUG 20356 --- [ulwembu-platform-api] [nio-8081-exec-8] o.s.web.servlet.DispatcherServlet        : GET "/api/v1/facilities", parameters={}
2026-10-01T09:35:33.399+02:00 DEBUG 20356 --- [ulwembu-platform-api] [nio-8081-exec-4] s.w.s.m.m.a.RequestMappingHandlerMapping : Mapped to co.ehealth.platform.pharmacy.PrescriptionController#queue(UUID)
2026-10-01T09:35:33.399+02:00 DEBUG 20356 --- [ulwembu-platform-api] [nio-8081-exec-8] s.w.s.m.m.a.RequestMappingHandlerMapping : Mapped to co.ehealth.platform.facility.FacilityController#list()
2026-10-01T09:35:33.399+02:00 DEBUG 20356 --- [ulwembu-platform-api] [nio-8081-exec-5] o.s.web.servlet.DispatcherServlet        : GET "/api/v1/prescriptions/dispensing-capabilities", parameters={}
2026-10-01T09:35:33.400+02:00 DEBUG 20356 --- [ulwembu-platform-api] [nio-8081-exec-5] s.w.s.m.m.a.RequestMappingHandlerMapping : Mapped to co.ehealth.platform.pharmacy.PrescriptionController#dispensingCapabilities(AuthenticatedPrincipal)
2026-10-01T09:35:33.400+02:00 DEBUG 20356 --- [ulwembu-platform-api] [nio-8081-exec-4] org.hibernate.SQL                        : SELECT DISTINCT p.code FROM permissions p
JOIN role_permissions rp ON rp.permission_id = p.id
JOIN roles r ON r.id = rp.role_id
WHERE r.name IN (?)

2026-10-01T09:35:33.401+02:00 DEBUG 20356 --- [ulwembu-platform-api] [nio-8081-exec-5] org.hibernate.SQL                        : SELECT DISTINCT p.code FROM permissions p
JOIN role_permissions rp ON rp.permission_id = p.id
JOIN roles r ON r.id = rp.role_id
WHERE r.name IN (?)

2026-10-01T09:35:33.401+02:00 DEBUG 20356 --- [ulwembu-platform-api] [nio-8081-exec-8] org.hibernate.SQL                        : select f1_0.id,f1_0.active,f1_0.address,f1_0.code,f1_0.daily_appointment_limit,f1_0.name,f1_0.operating_hours,f1_0.phone,f1_0.timezone,f1_0.type from facilities f1_0 where f1_0.active order by f1_0.name
2026-10-01T09:35:33.403+02:00 DEBUG 20356 --- [ulwembu-platform-api] [nio-8081-exec-8] m.m.a.RequestResponseBodyMethodProcessor : Using 'application/json', given [*/*] and supported [application/json, application/*+json]
2026-10-01T09:35:33.403+02:00 DEBUG 20356 --- [ulwembu-platform-api] [nio-8081-exec-8] m.m.a.RequestResponseBodyMethodProcessor : Writing [{items=[{id=a7ee88e2-3a54-4d1f-8c46-59075756ae12, name=Demo Main Clinic}, {id=aa7942b0-2bd2-4e25-95c (truncated)...]
2026-10-01T09:35:33.403+02:00 DEBUG 20356 --- [ulwembu-platform-api] [nio-8081-exec-5] org.hibernate.SQL                        : select u1_0.id,u1_0.contact_number,u1_0.contact_verified_at,u1_0.date_of_birth,u1_0.department,u1_0.designation,u1_0.email,u1_0.email_verified_at,u1_0.emergency_contact_name,u1_0.emergency_contact_phone,u1_0.emergency_contact_relationship,u1_0.employee_number,u1_0.employment_end_date,u1_0.employment_start_date,u1_0.employment_type,u1_0.facility_id,u1_0.failed_login_count,u1_0.first_name,u1_0.gender,u1_0.hpcsa_expiry_date,u1_0.hpcsa_number,u1_0.id_number,u1_0.last_failed_login_at,u1_0.last_login_at,u1_0.last_name,u1_0.locked_at,u1_0.manager_id,u1_0.must_change_password,u1_0.password_hash,u1_0.profile_photo_url,u1_0.sanc_expiry_date,u1_0.sanc_number,u1_0.sapc_expiry_date,u1_0.sapc_number,u1_0.status,u1_0.token_version from users u1_0 where u1_0.id=?
2026-10-01T09:35:33.405+02:00 DEBUG 20356 --- [ulwembu-platform-api] [nio-8081-exec-4] org.hibernate.SQL                        : select p1_0.id,p1_0.consultation_id,p1_0.created_at,p1_0.facility_id,p1_0.patient_id,p1_0.prescriber_id,p1_0.serial_number,p1_0.status,p1_0.visit_id from prescriptions p1_0 where p1_0.facility_id=? and p1_0.status in (?,?) order by p1_0.created_at
2026-10-01T09:35:33.406+02:00 DEBUG 20356 --- [ulwembu-platform-api] [nio-8081-exec-8] o.s.web.servlet.DispatcherServlet        : Completed 200 OK
2026-10-01T09:35:33.408+02:00 DEBUG 20356 --- [ulwembu-platform-api] [nio-8081-exec-5] org.hibernate.SQL                        : SELECT DISTINCT p.code FROM permissions p
JOIN role_permissions rp ON rp.permission_id = p.id
JOIN roles r ON r.id = rp.role_id
WHERE r.name IN (?)

2026-10-01T09:35:33.409+02:00 DEBUG 20356 --- [ulwembu-platform-api] [nio-8081-exec-4] o.s.w.s.m.m.a.HttpEntityMethodProcessor  : Using 'application/json', given [*/*] and supported [application/json, application/*+json]
2026-10-01T09:35:33.409+02:00 DEBUG 20356 --- [ulwembu-platform-api] [nio-8081-exec-4] o.s.w.s.m.m.a.HttpEntityMethodProcessor  : Writing [{items=[]}]
2026-10-01T09:35:33.411+02:00 DEBUG 20356 --- [ulwembu-platform-api] [nio-8081-exec-4] o.s.web.servlet.DispatcherServlet        : Completed 200 OK
2026-10-01T09:35:33.415+02:00 DEBUG 20356 --- [ulwembu-platform-api] [nio-8081-exec-5] o.s.w.s.m.m.a.HttpEntityMethodProcessor  : Using 'application/json', given [*/*] and supported [application/json, application/*+json]
2026-10-01T09:35:33.415+02:00 DEBUG 20356 --- [ulwembu-platform-api] [nio-8081-exec-5] o.s.w.s.m.m.a.HttpEntityMethodProcessor  : Writing [DispensingCapabilitiesResponse[canDispense=false, canPrescribe=false]]
2026-10-01T09:35:33.416+02:00 DEBUG 20356 --- [ulwembu-platform-api] [nio-8081-exec-5] o.s.web.servlet.DispatcherServlet        : Completed 200 OK
2026-10-01T09:35:34.934+02:00 DEBUG 20356 --- [ulwembu-platform-api] [nio-8081-exec-6] org.hibernate.SQL                        : select o1_0.id,o1_0.branding,o1_0.created_at,o1_0.display_name,o1_0.mail_settings,o1_0.profile,o1_0.schema_name,o1_0.sector,o1_0.slug,o1_0.sso_settings,o1_0.status,o1_0.tenant_code from control.organizations o1_0 where o1_0.slug=?
2026-10-01T09:35:34.939+02:00 DEBUG 20356 --- [ulwembu-platform-api] [nio-8081-exec-7] org.hibernate.SQL                        : select o1_0.id,o1_0.branding,o1_0.created_at,o1_0.display_name,o1_0.mail_settings,o1_0.profile,o1_0.schema_name,o1_0.sector,o1_0.slug,o1_0.sso_settings,o1_0.status,o1_0.tenant_code from control.organizations o1_0 where o1_0.slug=?
2026-10-01T09:35:34.943+02:00 DEBUG 20356 --- [ulwembu-platform-api] [nio-8081-exec-6] org.hibernate.SQL                        : select u1_0.id,u1_0.contact_number,u1_0.contact_verified_at,u1_0.date_of_birth,u1_0.department,u1_0.designation,u1_0.email,u1_0.email_verified_at,u1_0.emergency_contact_name,u1_0.emergency_contact_phone,u1_0.emergency_contact_relationship,u1_0.employee_number,u1_0.employment_end_date,u1_0.employment_start_date,u1_0.employment_type,u1_0.facility_id,u1_0.failed_login_count,u1_0.first_name,u1_0.gender,u1_0.hpcsa_expiry_date,u1_0.hpcsa_number,u1_0.id_number,u1_0.last_failed_login_at,u1_0.last_login_at,u1_0.last_name,u1_0.locked_at,u1_0.manager_id,u1_0.must_change_password,u1_0.password_hash,u1_0.profile_photo_url,u1_0.sanc_expiry_date,u1_0.sanc_number,u1_0.sapc_expiry_date,u1_0.sapc_number,u1_0.status,u1_0.token_version from users u1_0 where u1_0.id=?
2026-10-01T09:35:34.946+02:00 DEBUG 20356 --- [ulwembu-platform-api] [nio-8081-exec-6] o.s.web.servlet.DispatcherServlet        : GET "/api/v1/facilities", parameters={}
2026-10-01T09:35:34.947+02:00 DEBUG 20356 --- [ulwembu-platform-api] [nio-8081-exec-6] s.w.s.m.m.a.RequestMappingHandlerMapping : Mapped to co.ehealth.platform.facility.FacilityController#list()
2026-10-01T09:35:34.948+02:00 DEBUG 20356 --- [ulwembu-platform-api] [nio-8081-exec-7] org.hibernate.SQL                        : select u1_0.id,u1_0.contact_number,u1_0.contact_verified_at,u1_0.date_of_birth,u1_0.department,u1_0.designation,u1_0.email,u1_0.email_verified_at,u1_0.emergency_contact_name,u1_0.emergency_contact_phone,u1_0.emergency_contact_relationship,u1_0.employee_number,u1_0.employment_end_date,u1_0.employment_start_date,u1_0.employment_type,u1_0.facility_id,u1_0.failed_login_count,u1_0.first_name,u1_0.gender,u1_0.hpcsa_expiry_date,u1_0.hpcsa_number,u1_0.id_number,u1_0.last_failed_login_at,u1_0.last_login_at,u1_0.last_name,u1_0.locked_at,u1_0.manager_id,u1_0.must_change_password,u1_0.password_hash,u1_0.profile_photo_url,u1_0.sanc_expiry_date,u1_0.sanc_number,u1_0.sapc_expiry_date,u1_0.sapc_number,u1_0.status,u1_0.token_version from users u1_0 where u1_0.id=?
2026-10-01T09:35:34.950+02:00 DEBUG 20356 --- [ulwembu-platform-api] [nio-8081-exec-6] org.hibernate.SQL                        : select f1_0.id,f1_0.active,f1_0.address,f1_0.code,f1_0.daily_appointment_limit,f1_0.name,f1_0.operating_hours,f1_0.phone,f1_0.timezone,f1_0.type from facilities f1_0 where f1_0.active order by f1_0.name
2026-10-01T09:35:34.952+02:00 DEBUG 20356 --- [ulwembu-platform-api] [nio-8081-exec-7] o.s.web.servlet.DispatcherServlet        : GET "/api/v1/queue?facilityId=a7ee88e2-3a54-4d1f-8c46-59075756ae12&status=ISSUED&status=CALLED&status=MISSED&date=2026-10-01&page=0&pageSize=25", parameters={masked}
2026-10-01T09:35:34.953+02:00 DEBUG 20356 --- [ulwembu-platform-api] [nio-8081-exec-6] m.m.a.RequestResponseBodyMethodProcessor : Using 'application/json', given [*/*] and supported [application/json, application/*+json]
2026-10-01T09:35:34.953+02:00 DEBUG 20356 --- [ulwembu-platform-api] [nio-8081-exec-7] s.w.s.m.m.a.RequestMappingHandlerMapping : Mapped to co.ehealth.platform.visit.QueueController#list(UUID, String, Set, TokenPriority, LocalDate, int, int)
2026-10-01T09:35:34.953+02:00 DEBUG 20356 --- [ulwembu-platform-api] [nio-8081-exec-6] m.m.a.RequestResponseBodyMethodProcessor : Writing [{items=[{id=a7ee88e2-3a54-4d1f-8c46-59075756ae12, name=Demo Main Clinic}, {id=aa7942b0-2bd2-4e25-95c (truncated)...]
2026-10-01T09:35:34.954+02:00 DEBUG 20356 --- [ulwembu-platform-api] [nio-8081-exec-6] o.s.web.servlet.DispatcherServlet        : Completed 200 OK
2026-10-01T09:35:34.956+02:00 DEBUG 20356 --- [ulwembu-platform-api] [nio-8081-exec-7] org.hibernate.SQL                        : SELECT DISTINCT p.code FROM permissions p
JOIN role_permissions rp ON rp.permission_id = p.id
JOIN roles r ON r.id = rp.role_id
WHERE r.name IN (?)

2026-10-01T09:35:34.963+02:00 DEBUG 20356 --- [ulwembu-platform-api] [nio-8081-exec-7] org.hibernate.SQL                        : select f1_0.id,f1_0.active,f1_0.address,f1_0.code,f1_0.daily_appointment_limit,f1_0.name,f1_0.operating_hours,f1_0.phone,f1_0.timezone,f1_0.type from facilities f1_0 where f1_0.id=?
2026-10-01T09:35:34.968+02:00 DEBUG 20356 --- [ulwembu-platform-api] [nio-8081-exec-7] org.hibernate.SQL                        : select qt1_0.id,qt1_0.called_at,qt1_0.cancel_reason,qt1_0.cancelled_at,qt1_0.cancelled_by_user_id,qt1_0.completed_at,qt1_0.facility_id,qt1_0.issued_at,qt1_0.issued_by_user_id,qt1_0.is_manual,qt1_0.missed_at,qt1_0.priority,qt1_0.status,qt1_0.token_number,qt1_0.visit_id from queue_tokens qt1_0 where qt1_0.facility_id=? and qt1_0.issued_at>=? and qt1_0.issued_at<? order by case qt1_0.status when 'CALLED' then 0 when 'ISSUED' then 1 else 2 end,case when qt1_0.priority='PRIORITY' then 0 else 1 end,qt1_0.issued_at
2026-10-01T09:35:34.971+02:00 DEBUG 20356 --- [ulwembu-platform-api] [nio-8081-exec-7] o.s.w.s.m.m.a.HttpEntityMethodProcessor  : Using 'application/json', given [*/*] and supported [application/json, application/*+json]
2026-10-01T09:35:34.972+02:00 DEBUG 20356 --- [ulwembu-platform-api] [nio-8081-exec-7] o.s.w.s.m.m.a.HttpEntityMethodProcessor  : Writing [{date=2026-10-01, pageSize=25, totalPages=0, page=0, items=[], totalElements=0}]
2026-10-01T09:35:34.973+02:00 DEBUG 20356 --- [ulwembu-platform-api] [nio-8081-exec-7] o.s.web.servlet.DispatcherServlet        : Completed 200 OK
2026-10-01T09:35:37.306+02:00 DEBUG 20356 --- [ulwembu-platform-api] [nio-8081-exec-3] org.hibernate.SQL                        : select o1_0.id,o1_0.branding,o1_0.created_at,o1_0.display_name,o1_0.mail_settings,o1_0.profile,o1_0.schema_name,o1_0.sector,o1_0.slug,o1_0.sso_settings,o1_0.status,o1_0.tenant_code from control.organizations o1_0 where o1_0.slug=?
2026-10-01T09:35:37.314+02:00 DEBUG 20356 --- [ulwembu-platform-api] [nio-8081-exec-3] org.hibernate.SQL                        : select u1_0.id,u1_0.contact_number,u1_0.contact_verified_at,u1_0.date_of_birth,u1_0.department,u1_0.designation,u1_0.email,u1_0.email_verified_at,u1_0.emergency_contact_name,u1_0.emergency_contact_phone,u1_0.emergency_contact_relationship,u1_0.employee_number,u1_0.employment_end_date,u1_0.employment_start_date,u1_0.employment_type,u1_0.facility_id,u1_0.failed_login_count,u1_0.first_name,u1_0.gender,u1_0.hpcsa_expiry_date,u1_0.hpcsa_number,u1_0.id_number,u1_0.last_failed_login_at,u1_0.last_login_at,u1_0.last_name,u1_0.locked_at,u1_0.manager_id,u1_0.must_change_password,u1_0.password_hash,u1_0.profile_photo_url,u1_0.sanc_expiry_date,u1_0.sanc_number,u1_0.sapc_expiry_date,u1_0.sapc_number,u1_0.status,u1_0.token_version from users u1_0 where u1_0.id=?
2026-10-01T09:35:37.317+02:00 DEBUG 20356 --- [ulwembu-platform-api] [nio-8081-exec-3] o.s.web.servlet.DispatcherServlet        : GET "/api/v1/patients?page=0&size=20&sortBy=registered&sortDir=desc", parameters={masked}
2026-10-01T09:35:37.318+02:00 DEBUG 20356 --- [ulwembu-platform-api] [nio-8081-exec-3] s.w.s.m.m.a.RequestMappingHandlerMapping : Mapped to co.ehealth.platform.patient.PatientController#list(int, int, String, String, String, String, String, String, String, String)
2026-10-01T09:35:37.320+02:00 DEBUG 20356 --- [ulwembu-platform-api] [nio-8081-exec-3] org.hibernate.SQL                        : SELECT DISTINCT p.code FROM permissions p
JOIN role_permissions rp ON rp.permission_id = p.id
JOIN roles r ON r.id = rp.role_id
WHERE r.name IN (?)

2026-10-01T09:35:37.323+02:00 DEBUG 20356 --- [ulwembu-platform-api] [nio-8081-exec-3] org.hibernate.SQL                        : select p1_0.id,p1_0.address,p1_0.archived,p1_0.archived_at,p1_0.archived_by_user_id,p1_0.archived_reason,p1_0.citizenship_status,p1_0.contact_number,p1_0.created_at,p1_0.date_of_birth,p1_0.deceased_date,p1_0.email,p1_0.first_name,p1_0.gender,p1_0.id_number,p1_0.last_name,p1_0.medical_aid_number,p1_0.medical_aid_provider,p1_0.mpi_number,p1_0.passport_expiry,p1_0.passport_number,p1_0.registered_by_user_id from patients p1_0 where p1_0.archived=false and (? is null or p1_0.gender=?) and (? is null or (?=true and p1_0.medical_aid_provider is not null) or (?=false and p1_0.medical_aid_provider is null)) and (?='' or lower(p1_0.mpi_number) like lower(('%'||?||'%')) escape '') and (? is null or p1_0.citizenship_status=?) and p1_0.created_at>=? and p1_0.created_at<=? order by p1_0.created_at desc fetch first ? rows only
2026-10-01T09:35:37.333+02:00 DEBUG 20356 --- [ulwembu-platform-api] [nio-8081-exec-3] o.s.w.s.m.m.a.HttpEntityMethodProcessor  : Using 'application/json', given [*/*] and supported [application/json, application/*+json]
2026-10-01T09:35:37.334+02:00 DEBUG 20356 --- [ulwembu-platform-api] [nio-8081-exec-3] o.s.w.s.m.m.a.HttpEntityMethodProcessor  : Writing [{items=[PatientSummary[id=b37a057b-4d40-4c49-a3fa-8b651f79f7a2, mpiNumber=DC-0000005, firstName=Sibu (truncated)...]
2026-10-01T09:35:37.336+02:00 DEBUG 20356 --- [ulwembu-platform-api] [nio-8081-exec-3] o.s.web.servlet.DispatcherServlet        : Completed 200 OK
2026-10-01T09:35:41.782+02:00 DEBUG 20356 --- [ulwembu-platform-api] [nio-8081-exec-8] org.hibernate.SQL                        : select o1_0.id,o1_0.branding,o1_0.created_at,o1_0.display_name,o1_0.mail_settings,o1_0.profile,o1_0.schema_name,o1_0.sector,o1_0.slug,o1_0.sso_settings,o1_0.status,o1_0.tenant_code from control.organizations o1_0 where o1_0.slug=?
2026-10-01T09:35:41.782+02:00 DEBUG 20356 --- [ulwembu-platform-api] [io-8081-exec-10] org.hibernate.SQL                        : select o1_0.id,o1_0.branding,o1_0.created_at,o1_0.display_name,o1_0.mail_settings,o1_0.profile,o1_0.schema_name,o1_0.sector,o1_0.slug,o1_0.sso_settings,o1_0.status,o1_0.tenant_code from control.organizations o1_0 where o1_0.slug=?
2026-10-01T09:35:41.789+02:00 DEBUG 20356 --- [ulwembu-platform-api] [io-8081-exec-10] org.hibernate.SQL                        : select u1_0.id,u1_0.contact_number,u1_0.contact_verified_at,u1_0.date_of_birth,u1_0.department,u1_0.designation,u1_0.email,u1_0.email_verified_at,u1_0.emergency_contact_name,u1_0.emergency_contact_phone,u1_0.emergency_contact_relationship,u1_0.employee_number,u1_0.employment_end_date,u1_0.employment_start_date,u1_0.employment_type,u1_0.facility_id,u1_0.failed_login_count,u1_0.first_name,u1_0.gender,u1_0.hpcsa_expiry_date,u1_0.hpcsa_number,u1_0.id_number,u1_0.last_failed_login_at,u1_0.last_login_at,u1_0.last_name,u1_0.locked_at,u1_0.manager_id,u1_0.must_change_password,u1_0.password_hash,u1_0.profile_photo_url,u1_0.sanc_expiry_date,u1_0.sanc_number,u1_0.sapc_expiry_date,u1_0.sapc_number,u1_0.status,u1_0.token_version from users u1_0 where u1_0.id=?
2026-10-01T09:35:41.789+02:00 DEBUG 20356 --- [ulwembu-platform-api] [nio-8081-exec-8] org.hibernate.SQL                        : select u1_0.id,u1_0.contact_number,u1_0.contact_verified_at,u1_0.date_of_birth,u1_0.department,u1_0.designation,u1_0.email,u1_0.email_verified_at,u1_0.emergency_contact_name,u1_0.emergency_contact_phone,u1_0.emergency_contact_relationship,u1_0.employee_number,u1_0.employment_end_date,u1_0.employment_start_date,u1_0.employment_type,u1_0.facility_id,u1_0.failed_login_count,u1_0.first_name,u1_0.gender,u1_0.hpcsa_expiry_date,u1_0.hpcsa_number,u1_0.id_number,u1_0.last_failed_login_at,u1_0.last_login_at,u1_0.last_name,u1_0.locked_at,u1_0.manager_id,u1_0.must_change_password,u1_0.password_hash,u1_0.profile_photo_url,u1_0.sanc_expiry_date,u1_0.sanc_number,u1_0.sapc_expiry_date,u1_0.sapc_number,u1_0.status,u1_0.token_version from users u1_0 where u1_0.id=?
2026-10-01T09:35:41.793+02:00 DEBUG 20356 --- [ulwembu-platform-api] [io-8081-exec-10] o.s.web.servlet.DispatcherServlet        : GET "/api/v1/patients/b37a057b-4d40-4c49-a3fa-8b651f79f7a2", parameters={}
2026-10-01T09:35:41.793+02:00 DEBUG 20356 --- [ulwembu-platform-api] [nio-8081-exec-8] o.s.web.servlet.DispatcherServlet        : GET "/api/v1/patients/b37a057b-4d40-4c49-a3fa-8b651f79f7a2/documents", parameters={}
2026-10-01T09:35:41.793+02:00 DEBUG 20356 --- [ulwembu-platform-api] [nio-8081-exec-8] s.w.s.m.m.a.RequestMappingHandlerMapping : Mapped to co.ehealth.platform.patient.PatientController#listDocuments(UUID)
2026-10-01T09:35:41.793+02:00 DEBUG 20356 --- [ulwembu-platform-api] [io-8081-exec-10] s.w.s.m.m.a.RequestMappingHandlerMapping : Mapped to co.ehealth.platform.patient.PatientController#get(UUID)
2026-10-01T09:35:41.795+02:00 DEBUG 20356 --- [ulwembu-platform-api] [nio-8081-exec-8] org.hibernate.SQL                        : SELECT DISTINCT p.code FROM permissions p
JOIN role_permissions rp ON rp.permission_id = p.id
JOIN roles r ON r.id = rp.role_id
WHERE r.name IN (?)

2026-10-01T09:35:41.795+02:00 DEBUG 20356 --- [ulwembu-platform-api] [io-8081-exec-10] org.hibernate.SQL                        : SELECT DISTINCT p.code FROM permissions p
JOIN role_permissions rp ON rp.permission_id = p.id
JOIN roles r ON r.id = rp.role_id
WHERE r.name IN (?)

2026-10-01T09:35:41.800+02:00 DEBUG 20356 --- [ulwembu-platform-api] [io-8081-exec-10] org.hibernate.SQL                        : select p1_0.id,p1_0.address,p1_0.archived,p1_0.archived_at,p1_0.archived_by_user_id,p1_0.archived_reason,p1_0.citizenship_status,p1_0.contact_number,p1_0.created_at,p1_0.date_of_birth,p1_0.deceased_date,p1_0.email,p1_0.first_name,p1_0.gender,p1_0.id_number,p1_0.last_name,p1_0.medical_aid_number,p1_0.medical_aid_provider,p1_0.mpi_number,p1_0.passport_expiry,p1_0.passport_number,p1_0.registered_by_user_id from patients p1_0 where p1_0.id=?
2026-10-01T09:35:41.802+02:00 DEBUG 20356 --- [ulwembu-platform-api] [nio-8081-exec-8] org.hibernate.SQL                        : select count(*) from patients p1_0 where p1_0.id=?
2026-10-01T09:35:41.807+02:00 DEBUG 20356 --- [ulwembu-platform-api] [io-8081-exec-10] o.s.w.s.m.m.a.HttpEntityMethodProcessor  : Using 'application/json', given [*/*] and supported [application/json, application/*+json]
2026-10-01T09:35:41.807+02:00 DEBUG 20356 --- [ulwembu-platform-api] [nio-8081-exec-8] org.hibernate.SQL                        : select pd1_0.id,pd1_0.content_type,pd1_0.document_type,pd1_0.file_size,pd1_0.original_filename,pd1_0.patient_id,pd1_0.s3_key,pd1_0.uploaded_at,pd1_0.uploaded_by_user_id from patient_documents pd1_0 where pd1_0.patient_id=? order by pd1_0.uploaded_at desc
2026-10-01T09:35:41.807+02:00 DEBUG 20356 --- [ulwembu-platform-api] [io-8081-exec-10] o.s.w.s.m.m.a.HttpEntityMethodProcessor  : Writing [PatientSummary[id=b37a057b-4d40-4c49-a3fa-8b651f79f7a2, mpiNumber=DC-0000005, firstName=Sibusiso, la (truncated)...]
2026-10-01T09:35:41.809+02:00 DEBUG 20356 --- [ulwembu-platform-api] [io-8081-exec-10] o.s.web.servlet.DispatcherServlet        : Completed 200 OK
2026-10-01T09:35:41.813+02:00 DEBUG 20356 --- [ulwembu-platform-api] [nio-8081-exec-8] o.s.w.s.m.m.a.HttpEntityMethodProcessor  : Using 'application/json', given [*/*] and supported [application/json, application/*+json]
2026-10-01T09:35:41.814+02:00 DEBUG 20356 --- [ulwembu-platform-api] [nio-8081-exec-8] o.s.w.s.m.m.a.HttpEntityMethodProcessor  : Writing [{items=[]}]
2026-10-01T09:35:41.816+02:00 DEBUG 20356 --- [ulwembu-platform-api] [nio-8081-exec-8] o.s.web.servlet.DispatcherServlet        : Completed 200 OK
2026-10-01T09:35:41.832+02:00 DEBUG 20356 --- [ulwembu-platform-api] [nio-8081-exec-5] org.hibernate.SQL                        : select o1_0.id,o1_0.branding,o1_0.created_at,o1_0.display_name,o1_0.mail_settings,o1_0.profile,o1_0.schema_name,o1_0.sector,o1_0.slug,o1_0.sso_settings,o1_0.status,o1_0.tenant_code from control.organizations o1_0 where o1_0.slug=?
2026-10-01T09:35:41.839+02:00 DEBUG 20356 --- [ulwembu-platform-api] [nio-8081-exec-5] org.hibernate.SQL                        : select u1_0.id,u1_0.contact_number,u1_0.contact_verified_at,u1_0.date_of_birth,u1_0.department,u1_0.designation,u1_0.email,u1_0.email_verified_at,u1_0.emergency_contact_name,u1_0.emergency_contact_phone,u1_0.emergency_contact_relationship,u1_0.employee_number,u1_0.employment_end_date,u1_0.employment_start_date,u1_0.employment_type,u1_0.facility_id,u1_0.failed_login_count,u1_0.first_name,u1_0.gender,u1_0.hpcsa_expiry_date,u1_0.hpcsa_number,u1_0.id_number,u1_0.last_failed_login_at,u1_0.last_login_at,u1_0.last_name,u1_0.locked_at,u1_0.manager_id,u1_0.must_change_password,u1_0.password_hash,u1_0.profile_photo_url,u1_0.sanc_expiry_date,u1_0.sanc_number,u1_0.sapc_expiry_date,u1_0.sapc_number,u1_0.status,u1_0.token_version from users u1_0 where u1_0.id=?
2026-10-01T09:35:41.842+02:00 DEBUG 20356 --- [ulwembu-platform-api] [nio-8081-exec-5] o.s.web.servlet.DispatcherServlet        : GET "/api/v1/patients/b37a057b-4d40-4c49-a3fa-8b651f79f7a2/guardians", parameters={}
2026-10-01T09:35:41.843+02:00 DEBUG 20356 --- [ulwembu-platform-api] [nio-8081-exec-5] s.w.s.m.m.a.RequestMappingHandlerMapping : Mapped to co.ehealth.platform.patient.PatientController#listGuardians(UUID)
2026-10-01T09:35:41.845+02:00 DEBUG 20356 --- [ulwembu-platform-api] [nio-8081-exec-5] org.hibernate.SQL                        : SELECT DISTINCT p.code FROM permissions p
JOIN role_permissions rp ON rp.permission_id = p.id
JOIN roles r ON r.id = rp.role_id
WHERE r.name IN (?)

2026-10-01T09:35:41.852+02:00 DEBUG 20356 --- [ulwembu-platform-api] [nio-8081-exec-5] org.hibernate.SQL                        : select count(*) from patients p1_0 where p1_0.id=?
2026-10-01T09:35:41.858+02:00 DEBUG 20356 --- [ulwembu-platform-api] [nio-8081-exec-5] org.hibernate.SQL                        : select pg1_0.id,pg1_0.consented_at,pg1_0.contact_number,pg1_0.created_at,pg1_0.created_by_user_id,pg1_0.email,pg1_0.first_name,pg1_0.id_number,pg1_0.last_name,pg1_0.patient_id,pg1_0.relationship,pg1_0.signature_s3_key from patient_guardians pg1_0 where pg1_0.patient_id=? order by pg1_0.created_at
2026-10-01T09:35:41.864+02:00 DEBUG 20356 --- [ulwembu-platform-api] [nio-8081-exec-5] o.s.w.s.m.m.a.HttpEntityMethodProcessor  : Using 'application/json', given [*/*] and supported [application/json, application/*+json]
2026-10-01T09:35:41.865+02:00 DEBUG 20356 --- [ulwembu-platform-api] [nio-8081-exec-5] o.s.w.s.m.m.a.HttpEntityMethodProcessor  : Writing [{items=[]}]
2026-10-01T09:35:41.865+02:00 DEBUG 20356 --- [ulwembu-platform-api] [nio-8081-exec-5] o.s.web.servlet.DispatcherServlet        : Completed 200 OK
2026-10-01T09:35:47.975+02:00 DEBUG 20356 --- [ulwembu-platform-api] [nio-8081-exec-7] org.hibernate.SQL                        : select o1_0.id,o1_0.branding,o1_0.created_at,o1_0.display_name,o1_0.mail_settings,o1_0.profile,o1_0.schema_name,o1_0.sector,o1_0.slug,o1_0.sso_settings,o1_0.status,o1_0.tenant_code from control.organizations o1_0 where o1_0.slug=?
2026-10-01T09:35:47.995+02:00 DEBUG 20356 --- [ulwembu-platform-api] [nio-8081-exec-7] org.hibernate.SQL                        : select u1_0.id,u1_0.contact_number,u1_0.contact_verified_at,u1_0.date_of_birth,u1_0.department,u1_0.designation,u1_0.email,u1_0.email_verified_at,u1_0.emergency_contact_name,u1_0.emergency_contact_phone,u1_0.emergency_contact_relationship,u1_0.employee_number,u1_0.employment_end_date,u1_0.employment_start_date,u1_0.employment_type,u1_0.facility_id,u1_0.failed_login_count,u1_0.first_name,u1_0.gender,u1_0.hpcsa_expiry_date,u1_0.hpcsa_number,u1_0.id_number,u1_0.last_failed_login_at,u1_0.last_login_at,u1_0.last_name,u1_0.locked_at,u1_0.manager_id,u1_0.must_change_password,u1_0.password_hash,u1_0.profile_photo_url,u1_0.sanc_expiry_date,u1_0.sanc_number,u1_0.sapc_expiry_date,u1_0.sapc_number,u1_0.status,u1_0.token_version from users u1_0 where u1_0.id=?
2026-10-01T09:35:47.999+02:00 DEBUG 20356 --- [ulwembu-platform-api] [nio-8081-exec-7] o.s.web.servlet.DispatcherServlet        : GET "/api/v1/facilities", parameters={}
2026-10-01T09:35:48.000+02:00 DEBUG 20356 --- [ulwembu-platform-api] [nio-8081-exec-7] s.w.s.m.m.a.RequestMappingHandlerMapping : Mapped to co.ehealth.platform.facility.FacilityController#list()
2026-10-01T09:35:48.003+02:00 DEBUG 20356 --- [ulwembu-platform-api] [nio-8081-exec-7] org.hibernate.SQL                        : select f1_0.id,f1_0.active,f1_0.address,f1_0.code,f1_0.daily_appointment_limit,f1_0.name,f1_0.operating_hours,f1_0.phone,f1_0.timezone,f1_0.type from facilities f1_0 where f1_0.active order by f1_0.name
2026-10-01T09:35:48.031+02:00 DEBUG 20356 --- [ulwembu-platform-api] [nio-8081-exec-7] m.m.a.RequestResponseBodyMethodProcessor : Using 'application/json', given [*/*] and supported [application/json, application/*+json]
2026-10-01T09:35:48.032+02:00 DEBUG 20356 --- [ulwembu-platform-api] [nio-8081-exec-7] m.m.a.RequestResponseBodyMethodProcessor : Writing [{items=[{id=a7ee88e2-3a54-4d1f-8c46-59075756ae12, name=Demo Main Clinic}, {id=aa7942b0-2bd2-4e25-95c (truncated)...]
2026-10-01T09:35:48.033+02:00 DEBUG 20356 --- [ulwembu-platform-api] [nio-8081-exec-7] o.s.web.servlet.DispatcherServlet        : Completed 200 OK
2026-10-01T09:36:02.667+02:00 DEBUG 20356 --- [ulwembu-platform-api] [nio-8081-exec-3] org.hibernate.SQL                        : select o1_0.id,o1_0.branding,o1_0.created_at,o1_0.display_name,o1_0.mail_settings,o1_0.profile,o1_0.schema_name,o1_0.sector,o1_0.slug,o1_0.sso_settings,o1_0.status,o1_0.tenant_code from control.organizations o1_0 where o1_0.slug=?
2026-10-01T09:36:02.674+02:00 DEBUG 20356 --- [ulwembu-platform-api] [nio-8081-exec-3] org.hibernate.SQL                        : select u1_0.id,u1_0.contact_number,u1_0.contact_verified_at,u1_0.date_of_birth,u1_0.department,u1_0.designation,u1_0.email,u1_0.email_verified_at,u1_0.emergency_contact_name,u1_0.emergency_contact_phone,u1_0.emergency_contact_relationship,u1_0.employee_number,u1_0.employment_end_date,u1_0.employment_start_date,u1_0.employment_type,u1_0.facility_id,u1_0.failed_login_count,u1_0.first_name,u1_0.gender,u1_0.hpcsa_expiry_date,u1_0.hpcsa_number,u1_0.id_number,u1_0.last_failed_login_at,u1_0.last_login_at,u1_0.last_name,u1_0.locked_at,u1_0.manager_id,u1_0.must_change_password,u1_0.password_hash,u1_0.profile_photo_url,u1_0.sanc_expiry_date,u1_0.sanc_number,u1_0.sapc_expiry_date,u1_0.sapc_number,u1_0.status,u1_0.token_version from users u1_0 where u1_0.id=?
2026-10-01T09:36:02.677+02:00 DEBUG 20356 --- [ulwembu-platform-api] [nio-8081-exec-3] o.s.web.servlet.DispatcherServlet        : POST "/api/v1/visits", parameters={}
2026-10-01T09:36:02.678+02:00 DEBUG 20356 --- [ulwembu-platform-api] [nio-8081-exec-3] s.w.s.m.m.a.RequestMappingHandlerMapping : Mapped to co.ehealth.platform.visit.VisitController#create(CreateVisitRequest, AuthenticatedPrincipal)
2026-10-01T09:36:02.694+02:00 DEBUG 20356 --- [ulwembu-platform-api] [nio-8081-exec-3] m.m.a.RequestResponseBodyMethodProcessor : Read "application/json;charset=UTF-8" to [CreateVisitRequest[patientId=b37a057b-4d40-4c49-a3fa-8b651f79f7a2, facilityId=a7ee88e2-3a54-4d1f-8c4 (truncated)...]
2026-10-01T09:36:02.704+02:00 DEBUG 20356 --- [ulwembu-platform-api] [nio-8081-exec-3] org.hibernate.SQL                        : SELECT DISTINCT p.code FROM permissions p
JOIN role_permissions rp ON rp.permission_id = p.id
JOIN roles r ON r.id = rp.role_id
WHERE r.name IN (?)

2026-10-01T09:36:02.705+02:00 DEBUG 20356 --- [ulwembu-platform-api] [nio-8081-exec-3] org.hibernate.SQL                        : SELECT DISTINCT p.code FROM permissions p
JOIN role_permissions rp ON rp.permission_id = p.id
JOIN roles r ON r.id = rp.role_id
WHERE r.name IN (?)

2026-10-01T09:36:02.708+02:00 DEBUG 20356 --- [ulwembu-platform-api] [nio-8081-exec-3] org.hibernate.SQL                        : select p1_0.id,p1_0.address,p1_0.archived,p1_0.archived_at,p1_0.archived_by_user_id,p1_0.archived_reason,p1_0.citizenship_status,p1_0.contact_number,p1_0.created_at,p1_0.date_of_birth,p1_0.deceased_date,p1_0.email,p1_0.first_name,p1_0.gender,p1_0.id_number,p1_0.last_name,p1_0.medical_aid_number,p1_0.medical_aid_provider,p1_0.mpi_number,p1_0.passport_expiry,p1_0.passport_number,p1_0.registered_by_user_id from patients p1_0 where p1_0.id=?
2026-10-01T09:36:02.710+02:00 DEBUG 20356 --- [ulwembu-platform-api] [nio-8081-exec-3] org.hibernate.SQL                        : select f1_0.id,f1_0.active,f1_0.address,f1_0.code,f1_0.daily_appointment_limit,f1_0.name,f1_0.operating_hours,f1_0.phone,f1_0.timezone,f1_0.type from facilities f1_0 where f1_0.id=?
2026-10-01T09:36:02.720+02:00 DEBUG 20356 --- [ulwembu-platform-api] [nio-8081-exec-3] org.hibernate.SQL                        : select count(qt1_0.id) from queue_tokens qt1_0 where qt1_0.facility_id=? and qt1_0.issued_at between ? and ?
2026-10-01T09:36:02.726+02:00 DEBUG 20356 --- [ulwembu-platform-api] [nio-8081-exec-3] org.hibernate.SQL                        : insert into visits (created_by_user_id,facility_id,patient_id,service_stream,transferred_from_visit_id,visit_datetime,visit_type,id) values (?,?,?,?,?,?,?,?)
2026-10-01T09:36:02.730+02:00 DEBUG 20356 --- [ulwembu-platform-api] [nio-8081-exec-3] org.hibernate.SQL                        : insert into queue_tokens (called_at,cancel_reason,cancelled_at,cancelled_by_user_id,completed_at,facility_id,issued_at,issued_by_user_id,is_manual,missed_at,priority,status,token_number,visit_id,id) values (?,?,?,?,?,?,?,?,?,?,?,?,?,?,?)
2026-10-01T09:36:02.732+02:00 DEBUG 20356 --- [ulwembu-platform-api] [nio-8081-exec-3] org.hibernate.SQL                        : insert into audit_log (action,after_value,before_value,created_at,device_signature,entity_id,entity_type,facility_id,ip_address,user_id,id) values (?,?,?,?,?,?,?,?,?,?,?)
2026-10-01T09:36:02.734+02:00 DEBUG 20356 --- [ulwembu-platform-api] [nio-8081-exec-3] org.hibernate.SQL                        : insert into queue_token_events (event_type,from_priority,from_status,occurred_at,performed_by_user_id,reason_code,reason_note,to_priority,to_status,token_id,id) values (?,?,?,?,?,?,?,?,?,?,?)
2026-10-01T09:36:02.736+02:00 DEBUG 20356 --- [ulwembu-platform-api] [nio-8081-exec-3] org.hibernate.SQL                        : insert into audit_log (action,after_value,before_value,created_at,device_signature,entity_id,entity_type,facility_id,ip_address,user_id,id) values (?,?,?,?,?,?,?,?,?,?,?)
2026-10-01T09:36:02.749+02:00 DEBUG 20356 --- [ulwembu-platform-api] [nio-8081-exec-3] o.s.w.s.m.m.a.HttpEntityMethodProcessor  : Using 'application/json', given [*/*] and supported [application/json, application/*+json]
2026-10-01T09:36:02.767+02:00 DEBUG 20356 --- [ulwembu-platform-api] [nio-8081-exec-3] o.s.w.s.m.m.a.HttpEntityMethodProcessor  : Writing [VisitWithTokenResponse[visit=VisitResponse[id=d11dd35e-7d64-484b-a581-6714d352c796, patientId=b37a05 (truncated)...]
2026-10-01T09:36:02.770+02:00 DEBUG 20356 --- [ulwembu-platform-api] [nio-8081-exec-3] o.s.web.servlet.DispatcherServlet        : Completed 201 CREATED
2026-10-01T09:36:02.792+02:00 DEBUG 20356 --- [ulwembu-platform-api] [nio-8081-exec-9] org.hibernate.SQL                        : select o1_0.id,o1_0.branding,o1_0.created_at,o1_0.display_name,o1_0.mail_settings,o1_0.profile,o1_0.schema_name,o1_0.sector,o1_0.slug,o1_0.sso_settings,o1_0.status,o1_0.tenant_code from control.organizations o1_0 where o1_0.slug=?
2026-10-01T09:36:02.797+02:00 DEBUG 20356 --- [ulwembu-platform-api] [nio-8081-exec-9] org.hibernate.SQL                        : select u1_0.id,u1_0.contact_number,u1_0.contact_verified_at,u1_0.date_of_birth,u1_0.department,u1_0.designation,u1_0.email,u1_0.email_verified_at,u1_0.emergency_contact_name,u1_0.emergency_contact_phone,u1_0.emergency_contact_relationship,u1_0.employee_number,u1_0.employment_end_date,u1_0.employment_start_date,u1_0.employment_type,u1_0.facility_id,u1_0.failed_login_count,u1_0.first_name,u1_0.gender,u1_0.hpcsa_expiry_date,u1_0.hpcsa_number,u1_0.id_number,u1_0.last_failed_login_at,u1_0.last_login_at,u1_0.last_name,u1_0.locked_at,u1_0.manager_id,u1_0.must_change_password,u1_0.password_hash,u1_0.profile_photo_url,u1_0.sanc_expiry_date,u1_0.sanc_number,u1_0.sapc_expiry_date,u1_0.sapc_number,u1_0.status,u1_0.token_version from users u1_0 where u1_0.id=?
2026-10-01T09:36:02.801+02:00 DEBUG 20356 --- [ulwembu-platform-api] [nio-8081-exec-9] o.s.web.servlet.DispatcherServlet        : GET "/api/v1/visits/d11dd35e-7d64-484b-a581-6714d352c796/triage", parameters={}
2026-10-01T09:36:02.802+02:00 DEBUG 20356 --- [ulwembu-platform-api] [nio-8081-exec-9] s.w.s.m.m.a.RequestMappingHandlerMapping : Mapped to co.ehealth.platform.triage.TriageController#history(UUID)
2026-10-01T09:36:02.803+02:00 DEBUG 20356 --- [ulwembu-platform-api] [nio-8081-exec-9] org.hibernate.SQL                        : SELECT DISTINCT p.code FROM permissions p
JOIN role_permissions rp ON rp.permission_id = p.id
JOIN roles r ON r.id = rp.role_id
WHERE r.name IN (?)

2026-10-01T09:36:02.824+02:00 DEBUG 20356 --- [ulwembu-platform-api] [nio-8081-exec-9] org.hibernate.SQL                        : select ta1_0.id,ta1_0.glucose_mmol_l,ta1_0.haemoglobin_gdl,ta1_0.height_cm,ta1_0.pregnancy_test,ta1_0.trauma_present,ta1_0.urine_blood,ta1_0.urine_glucose,ta1_0.urine_ketones,ta1_0.urine_leukocytes,ta1_0.urine_nitrites,ta1_0.urine_protein,ta1_0.weight_kg,ta1_0.avpu,ta1_0.calculated_colour,ta1_0.captured_by_user_id,ta1_0.correction_reason,ta1_0.diastolic_bp,ta1_0.emergency_sign,ta1_0.emergency_sign_note,ta1_0.final_colour,ta1_0.heart_rate,ta1_0.idempotency_key,ta1_0.mobility,ta1_0.observed_at,ta1_0.out_of_range_confirmed,ta1_0.overridden_by_user_id,ta1_0.override_reason,ta1_0.oxygen_device,ta1_0.oxygen_flow_lpm,ta1_0.oxygen_support,ta1_0.pain_scale,ta1_0.pain_score,ta1_0.presenting_complaint,ta1_0.profile_manually_confirmed,ta1_0.recorded_at,ta1_0.respiratory_rate,ta1_0.scoring_profile,ta1_0.scoring_version,ta1_0.spo2_percent,ta1_0.status,ta1_0.supersedes_assessment_id,ta1_0.systolic_bp,ta1_0.temperature_celsius,ta1_0.tews_score,ta1_0.validation_warnings,ta1_0.visit_id from triage_assessments ta1_0 where ta1_0.visit_id=? order by ta1_0.observed_at
2026-10-01T09:36:02.829+02:00 DEBUG 20356 --- [ulwembu-platform-api] [nio-8081-exec-9] o.s.w.s.m.m.a.HttpEntityMethodProcessor  : Using 'application/json', given [*/*] and supported [application/json, application/*+json]
2026-10-01T09:36:02.830+02:00 DEBUG 20356 --- [ulwembu-platform-api] [nio-8081-exec-9] o.s.w.s.m.m.a.HttpEntityMethodProcessor  : Writing [{items=[]}]
2026-10-01T09:36:02.831+02:00 DEBUG 20356 --- [ulwembu-platform-api] [nio-8081-exec-9] o.s.web.servlet.DispatcherServlet        : Completed 200 OK
2026-10-01T09:36:06.999+02:00 DEBUG 20356 --- [ulwembu-platform-api] [nio-8081-exec-4] org.hibernate.SQL                        : select o1_0.id,o1_0.branding,o1_0.created_at,o1_0.display_name,o1_0.mail_settings,o1_0.profile,o1_0.schema_name,o1_0.sector,o1_0.slug,o1_0.sso_settings,o1_0.status,o1_0.tenant_code from control.organizations o1_0 where o1_0.slug=?
2026-10-01T09:36:07.004+02:00 DEBUG 20356 --- [ulwembu-platform-api] [nio-8081-exec-4] org.hibernate.SQL                        : select u1_0.id,u1_0.contact_number,u1_0.contact_verified_at,u1_0.date_of_birth,u1_0.department,u1_0.designation,u1_0.email,u1_0.email_verified_at,u1_0.emergency_contact_name,u1_0.emergency_contact_phone,u1_0.emergency_contact_relationship,u1_0.employee_number,u1_0.employment_end_date,u1_0.employment_start_date,u1_0.employment_type,u1_0.facility_id,u1_0.failed_login_count,u1_0.first_name,u1_0.gender,u1_0.hpcsa_expiry_date,u1_0.hpcsa_number,u1_0.id_number,u1_0.last_failed_login_at,u1_0.last_login_at,u1_0.last_name,u1_0.locked_at,u1_0.manager_id,u1_0.must_change_password,u1_0.password_hash,u1_0.profile_photo_url,u1_0.sanc_expiry_date,u1_0.sanc_number,u1_0.sapc_expiry_date,u1_0.sapc_number,u1_0.status,u1_0.token_version from users u1_0 where u1_0.id=?
2026-10-01T09:36:07.007+02:00 DEBUG 20356 --- [ulwembu-platform-api] [nio-8081-exec-4] o.s.web.servlet.DispatcherServlet        : GET "/api/v1/auth/me", parameters={}
2026-10-01T09:36:07.008+02:00 DEBUG 20356 --- [ulwembu-platform-api] [nio-8081-exec-4] s.w.s.m.m.a.RequestMappingHandlerMapping : Mapped to co.ehealth.platform.identity.AuthController#me(AuthenticatedPrincipal)
2026-10-01T09:36:07.009+02:00 DEBUG 20356 --- [ulwembu-platform-api] [nio-8081-exec-4] org.hibernate.SQL                        : select u1_0.id,u1_0.contact_number,u1_0.contact_verified_at,u1_0.date_of_birth,u1_0.department,u1_0.designation,u1_0.email,u1_0.email_verified_at,u1_0.emergency_contact_name,u1_0.emergency_contact_phone,u1_0.emergency_contact_relationship,u1_0.employee_number,u1_0.employment_end_date,u1_0.employment_start_date,u1_0.employment_type,u1_0.facility_id,u1_0.failed_login_count,u1_0.first_name,u1_0.gender,u1_0.hpcsa_expiry_date,u1_0.hpcsa_number,u1_0.id_number,u1_0.last_failed_login_at,u1_0.last_login_at,u1_0.last_name,u1_0.locked_at,u1_0.manager_id,u1_0.must_change_password,u1_0.password_hash,u1_0.profile_photo_url,u1_0.sanc_expiry_date,u1_0.sanc_number,u1_0.sapc_expiry_date,u1_0.sapc_number,u1_0.status,u1_0.token_version from users u1_0 where u1_0.id=?
2026-10-01T09:36:07.014+02:00 DEBUG 20356 --- [ulwembu-platform-api] [nio-8081-exec-4] o.s.w.s.m.m.a.HttpEntityMethodProcessor  : Using 'application/json', given [*/*] and supported [application/json, application/*+json]
2026-10-01T09:36:07.014+02:00 DEBUG 20356 --- [ulwembu-platform-api] [nio-8081-exec-4] o.s.w.s.m.m.a.HttpEntityMethodProcessor  : Writing [UserSummary[id=f65402f2-8157-4680-831b-8512e4f7da07, email=admin@democlinic.example, firstName=Naled (truncated)...]
2026-10-01T09:36:07.015+02:00 DEBUG 20356 --- [ulwembu-platform-api] [nio-8081-exec-4] o.s.web.servlet.DispatcherServlet        : Completed 200 OK
2026-10-01T09:36:07.018+02:00 DEBUG 20356 --- [ulwembu-platform-api] [nio-8081-exec-5] org.hibernate.SQL                        : select o1_0.id,o1_0.branding,o1_0.created_at,o1_0.display_name,o1_0.mail_settings,o1_0.profile,o1_0.schema_name,o1_0.sector,o1_0.slug,o1_0.sso_settings,o1_0.status,o1_0.tenant_code from control.organizations o1_0 where o1_0.slug=?
2026-10-01T09:36:07.023+02:00 DEBUG 20356 --- [ulwembu-platform-api] [nio-8081-exec-5] org.hibernate.SQL                        : select u1_0.id,u1_0.contact_number,u1_0.contact_verified_at,u1_0.date_of_birth,u1_0.department,u1_0.designation,u1_0.email,u1_0.email_verified_at,u1_0.emergency_contact_name,u1_0.emergency_contact_phone,u1_0.emergency_contact_relationship,u1_0.employee_number,u1_0.employment_end_date,u1_0.employment_start_date,u1_0.employment_type,u1_0.facility_id,u1_0.failed_login_count,u1_0.first_name,u1_0.gender,u1_0.hpcsa_expiry_date,u1_0.hpcsa_number,u1_0.id_number,u1_0.last_failed_login_at,u1_0.last_login_at,u1_0.last_name,u1_0.locked_at,u1_0.manager_id,u1_0.must_change_password,u1_0.password_hash,u1_0.profile_photo_url,u1_0.sanc_expiry_date,u1_0.sanc_number,u1_0.sapc_expiry_date,u1_0.sapc_number,u1_0.status,u1_0.token_version from users u1_0 where u1_0.id=?
2026-10-01T09:36:07.026+02:00 DEBUG 20356 --- [ulwembu-platform-api] [nio-8081-exec-5] o.s.web.servlet.DispatcherServlet        : GET "/api/v1/auth/me", parameters={}
2026-10-01T09:36:07.027+02:00 DEBUG 20356 --- [ulwembu-platform-api] [nio-8081-exec-5] s.w.s.m.m.a.RequestMappingHandlerMapping : Mapped to co.ehealth.platform.identity.AuthController#me(AuthenticatedPrincipal)
2026-10-01T09:36:07.027+02:00 DEBUG 20356 --- [ulwembu-platform-api] [nio-8081-exec-3] org.hibernate.SQL                        : select o1_0.id,o1_0.branding,o1_0.created_at,o1_0.display_name,o1_0.mail_settings,o1_0.profile,o1_0.schema_name,o1_0.sector,o1_0.slug,o1_0.sso_settings,o1_0.status,o1_0.tenant_code from control.organizations o1_0 where o1_0.slug=?
2026-10-01T09:36:07.027+02:00 DEBUG 20356 --- [ulwembu-platform-api] [nio-8081-exec-1] org.hibernate.SQL                        : select o1_0.id,o1_0.branding,o1_0.created_at,o1_0.display_name,o1_0.mail_settings,o1_0.profile,o1_0.schema_name,o1_0.sector,o1_0.slug,o1_0.sso_settings,o1_0.status,o1_0.tenant_code from control.organizations o1_0 where o1_0.slug=?
2026-10-01T09:36:07.028+02:00 DEBUG 20356 --- [ulwembu-platform-api] [nio-8081-exec-5] org.hibernate.SQL                        : select u1_0.id,u1_0.contact_number,u1_0.contact_verified_at,u1_0.date_of_birth,u1_0.department,u1_0.designation,u1_0.email,u1_0.email_verified_at,u1_0.emergency_contact_name,u1_0.emergency_contact_phone,u1_0.emergency_contact_relationship,u1_0.employee_number,u1_0.employment_end_date,u1_0.employment_start_date,u1_0.employment_type,u1_0.facility_id,u1_0.failed_login_count,u1_0.first_name,u1_0.gender,u1_0.hpcsa_expiry_date,u1_0.hpcsa_number,u1_0.id_number,u1_0.last_failed_login_at,u1_0.last_login_at,u1_0.last_name,u1_0.locked_at,u1_0.manager_id,u1_0.must_change_password,u1_0.password_hash,u1_0.profile_photo_url,u1_0.sanc_expiry_date,u1_0.sanc_number,u1_0.sapc_expiry_date,u1_0.sapc_number,u1_0.status,u1_0.token_version from users u1_0 where u1_0.id=?
2026-10-01T09:36:07.030+02:00 DEBUG 20356 --- [ulwembu-platform-api] [nio-8081-exec-5] o.s.w.s.m.m.a.HttpEntityMethodProcessor  : Using 'application/json', given [*/*] and supported [application/json, application/*+json]
2026-10-01T09:36:07.030+02:00 DEBUG 20356 --- [ulwembu-platform-api] [nio-8081-exec-5] o.s.w.s.m.m.a.HttpEntityMethodProcessor  : Writing [UserSummary[id=f65402f2-8157-4680-831b-8512e4f7da07, email=admin@democlinic.example, firstName=Naled (truncated)...]
2026-10-01T09:36:07.030+02:00 DEBUG 20356 --- [ulwembu-platform-api] [nio-8081-exec-3] org.hibernate.SQL                        : select u1_0.id,u1_0.contact_number,u1_0.contact_verified_at,u1_0.date_of_birth,u1_0.department,u1_0.designation,u1_0.email,u1_0.email_verified_at,u1_0.emergency_contact_name,u1_0.emergency_contact_phone,u1_0.emergency_contact_relationship,u1_0.employee_number,u1_0.employment_end_date,u1_0.employment_start_date,u1_0.employment_type,u1_0.facility_id,u1_0.failed_login_count,u1_0.first_name,u1_0.gender,u1_0.hpcsa_expiry_date,u1_0.hpcsa_number,u1_0.id_number,u1_0.last_failed_login_at,u1_0.last_login_at,u1_0.last_name,u1_0.locked_at,u1_0.manager_id,u1_0.must_change_password,u1_0.password_hash,u1_0.profile_photo_url,u1_0.sanc_expiry_date,u1_0.sanc_number,u1_0.sapc_expiry_date,u1_0.sapc_number,u1_0.status,u1_0.token_version from users u1_0 where u1_0.id=?
2026-10-01T09:36:07.030+02:00 DEBUG 20356 --- [ulwembu-platform-api] [nio-8081-exec-1] org.hibernate.SQL                        : select u1_0.id,u1_0.contact_number,u1_0.contact_verified_at,u1_0.date_of_birth,u1_0.department,u1_0.designation,u1_0.email,u1_0.email_verified_at,u1_0.emergency_contact_name,u1_0.emergency_contact_phone,u1_0.emergency_contact_relationship,u1_0.employee_number,u1_0.employment_end_date,u1_0.employment_start_date,u1_0.employment_type,u1_0.facility_id,u1_0.failed_login_count,u1_0.first_name,u1_0.gender,u1_0.hpcsa_expiry_date,u1_0.hpcsa_number,u1_0.id_number,u1_0.last_failed_login_at,u1_0.last_login_at,u1_0.last_name,u1_0.locked_at,u1_0.manager_id,u1_0.must_change_password,u1_0.password_hash,u1_0.profile_photo_url,u1_0.sanc_expiry_date,u1_0.sanc_number,u1_0.sapc_expiry_date,u1_0.sapc_number,u1_0.status,u1_0.token_version from users u1_0 where u1_0.id=?
2026-10-01T09:36:07.031+02:00 DEBUG 20356 --- [ulwembu-platform-api] [nio-8081-exec-5] o.s.web.servlet.DispatcherServlet        : Completed 200 OK
2026-10-01T09:36:07.033+02:00 DEBUG 20356 --- [ulwembu-platform-api] [nio-8081-exec-1] o.s.web.servlet.DispatcherServlet        : GET "/api/v1/facilities", parameters={}
2026-10-01T09:36:07.033+02:00 DEBUG 20356 --- [ulwembu-platform-api] [nio-8081-exec-3] o.s.web.servlet.DispatcherServlet        : GET "/api/v1/queue/tokens/974e8178-5060-4505-96c8-4ac994b69653", parameters={}
2026-10-01T09:36:07.034+02:00 DEBUG 20356 --- [ulwembu-platform-api] [nio-8081-exec-1] s.w.s.m.m.a.RequestMappingHandlerMapping : Mapped to co.ehealth.platform.facility.FacilityController#list()
2026-10-01T09:36:07.034+02:00 DEBUG 20356 --- [ulwembu-platform-api] [nio-8081-exec-3] s.w.s.m.m.a.RequestMappingHandlerMapping : Mapped to co.ehealth.platform.visit.QueueController#get(UUID)
2026-10-01T09:36:07.035+02:00 DEBUG 20356 --- [ulwembu-platform-api] [nio-8081-exec-1] org.hibernate.SQL                        : select f1_0.id,f1_0.active,f1_0.address,f1_0.code,f1_0.daily_appointment_limit,f1_0.name,f1_0.operating_hours,f1_0.phone,f1_0.timezone,f1_0.type from facilities f1_0 where f1_0.active order by f1_0.name
2026-10-01T09:36:07.036+02:00 DEBUG 20356 --- [ulwembu-platform-api] [nio-8081-exec-3] org.hibernate.SQL                        : SELECT DISTINCT p.code FROM permissions p
JOIN role_permissions rp ON rp.permission_id = p.id
JOIN roles r ON r.id = rp.role_id
WHERE r.name IN (?)

2026-10-01T09:36:07.037+02:00 DEBUG 20356 --- [ulwembu-platform-api] [nio-8081-exec-1] m.m.a.RequestResponseBodyMethodProcessor : Using 'application/json', given [*/*] and supported [application/json, application/*+json]
2026-10-01T09:36:07.038+02:00 DEBUG 20356 --- [ulwembu-platform-api] [nio-8081-exec-1] m.m.a.RequestResponseBodyMethodProcessor : Writing [{items=[{id=a7ee88e2-3a54-4d1f-8c46-59075756ae12, name=Demo Main Clinic}, {id=aa7942b0-2bd2-4e25-95c (truncated)...]
2026-10-01T09:36:07.039+02:00 DEBUG 20356 --- [ulwembu-platform-api] [nio-8081-exec-1] o.s.web.servlet.DispatcherServlet        : Completed 200 OK
2026-10-01T09:36:07.040+02:00 DEBUG 20356 --- [ulwembu-platform-api] [nio-8081-exec-3] org.hibernate.SQL                        : select qt1_0.id,qt1_0.called_at,qt1_0.cancel_reason,qt1_0.cancelled_at,qt1_0.cancelled_by_user_id,qt1_0.completed_at,qt1_0.facility_id,qt1_0.issued_at,qt1_0.issued_by_user_id,qt1_0.is_manual,qt1_0.missed_at,qt1_0.priority,qt1_0.status,qt1_0.token_number,qt1_0.visit_id from queue_tokens qt1_0 where qt1_0.id=?
2026-10-01T09:36:07.043+02:00 DEBUG 20356 --- [ulwembu-platform-api] [nio-8081-exec-3] org.hibernate.SQL                        : select v1_0.id,v1_0.created_by_user_id,v1_0.facility_id,v1_0.patient_id,v1_0.service_stream,v1_0.transferred_from_visit_id,v1_0.visit_datetime,v1_0.visit_type from visits v1_0 where v1_0.id=?
2026-10-01T09:36:07.046+02:00 DEBUG 20356 --- [ulwembu-platform-api] [nio-8081-exec-3] org.hibernate.SQL                        : SELECT DISTINCT p.code FROM permissions p
JOIN role_permissions rp ON rp.permission_id = p.id
JOIN roles r ON r.id = rp.role_id
WHERE r.name IN (?)

2026-10-01T09:36:07.050+02:00 DEBUG 20356 --- [ulwembu-platform-api] [nio-8081-exec-3] org.hibernate.SQL                        : select p1_0.id,p1_0.address,p1_0.archived,p1_0.archived_at,p1_0.archived_by_user_id,p1_0.archived_reason,p1_0.citizenship_status,p1_0.contact_number,p1_0.created_at,p1_0.date_of_birth,p1_0.deceased_date,p1_0.email,p1_0.first_name,p1_0.gender,p1_0.id_number,p1_0.last_name,p1_0.medical_aid_number,p1_0.medical_aid_provider,p1_0.mpi_number,p1_0.passport_expiry,p1_0.passport_number,p1_0.registered_by_user_id from patients p1_0 where p1_0.id=?
2026-10-01T09:36:07.054+02:00 DEBUG 20356 --- [ulwembu-platform-api] [nio-8081-exec-3] o.s.w.s.m.m.a.HttpEntityMethodProcessor  : Using 'application/json', given [*/*] and supported [application/json, application/*+json]
2026-10-01T09:36:07.055+02:00 DEBUG 20356 --- [ulwembu-platform-api] [nio-8081-exec-3] o.s.w.s.m.m.a.HttpEntityMethodProcessor  : Writing [QueueEntryResponse[token=QueueTokenResponse[id=974e8178-5060-4505-96c8-4ac994b69653, visitId=d11dd35 (truncated)...]
2026-10-01T09:36:07.056+02:00 DEBUG 20356 --- [ulwembu-platform-api] [nio-8081-exec-3] o.s.web.servlet.DispatcherServlet        : Completed 200 OK
2026-10-01T09:36:28.001+02:00 DEBUG 20356 --- [ulwembu-platform-api] [nio-8081-exec-4] org.hibernate.SQL                        : select o1_0.id,o1_0.branding,o1_0.created_at,o1_0.display_name,o1_0.mail_settings,o1_0.profile,o1_0.schema_name,o1_0.sector,o1_0.slug,o1_0.sso_settings,o1_0.status,o1_0.tenant_code from control.organizations o1_0 where o1_0.slug=?
2026-10-01T09:36:28.003+02:00 DEBUG 20356 --- [ulwembu-platform-api] [nio-8081-exec-9] org.hibernate.SQL                        : select o1_0.id,o1_0.branding,o1_0.created_at,o1_0.display_name,o1_0.mail_settings,o1_0.profile,o1_0.schema_name,o1_0.sector,o1_0.slug,o1_0.sso_settings,o1_0.status,o1_0.tenant_code from control.organizations o1_0 where o1_0.slug=?
2026-10-01T09:36:28.007+02:00 DEBUG 20356 --- [ulwembu-platform-api] [nio-8081-exec-7] org.hibernate.SQL                        : select o1_0.id,o1_0.branding,o1_0.created_at,o1_0.display_name,o1_0.mail_settings,o1_0.profile,o1_0.schema_name,o1_0.sector,o1_0.slug,o1_0.sso_settings,o1_0.status,o1_0.tenant_code from control.organizations o1_0 where o1_0.slug=?
2026-10-01T09:36:28.012+02:00 DEBUG 20356 --- [ulwembu-platform-api] [nio-8081-exec-4] org.hibernate.SQL                        : select u1_0.id,u1_0.contact_number,u1_0.contact_verified_at,u1_0.date_of_birth,u1_0.department,u1_0.designation,u1_0.email,u1_0.email_verified_at,u1_0.emergency_contact_name,u1_0.emergency_contact_phone,u1_0.emergency_contact_relationship,u1_0.employee_number,u1_0.employment_end_date,u1_0.employment_start_date,u1_0.employment_type,u1_0.facility_id,u1_0.failed_login_count,u1_0.first_name,u1_0.gender,u1_0.hpcsa_expiry_date,u1_0.hpcsa_number,u1_0.id_number,u1_0.last_failed_login_at,u1_0.last_login_at,u1_0.last_name,u1_0.locked_at,u1_0.manager_id,u1_0.must_change_password,u1_0.password_hash,u1_0.profile_photo_url,u1_0.sanc_expiry_date,u1_0.sanc_number,u1_0.sapc_expiry_date,u1_0.sapc_number,u1_0.status,u1_0.token_version from users u1_0 where u1_0.id=?
2026-10-01T09:36:28.012+02:00 DEBUG 20356 --- [ulwembu-platform-api] [nio-8081-exec-9] org.hibernate.SQL                        : select u1_0.id,u1_0.contact_number,u1_0.contact_verified_at,u1_0.date_of_birth,u1_0.department,u1_0.designation,u1_0.email,u1_0.email_verified_at,u1_0.emergency_contact_name,u1_0.emergency_contact_phone,u1_0.emergency_contact_relationship,u1_0.employee_number,u1_0.employment_end_date,u1_0.employment_start_date,u1_0.employment_type,u1_0.facility_id,u1_0.failed_login_count,u1_0.first_name,u1_0.gender,u1_0.hpcsa_expiry_date,u1_0.hpcsa_number,u1_0.id_number,u1_0.last_failed_login_at,u1_0.last_login_at,u1_0.last_name,u1_0.locked_at,u1_0.manager_id,u1_0.must_change_password,u1_0.password_hash,u1_0.profile_photo_url,u1_0.sanc_expiry_date,u1_0.sanc_number,u1_0.sapc_expiry_date,u1_0.sapc_number,u1_0.status,u1_0.token_version from users u1_0 where u1_0.id=?
2026-10-01T09:36:28.017+02:00 DEBUG 20356 --- [ulwembu-platform-api] [nio-8081-exec-9] o.s.web.servlet.DispatcherServlet        : GET "/api/v1/facilities", parameters={}
2026-10-01T09:36:28.017+02:00 DEBUG 20356 --- [ulwembu-platform-api] [nio-8081-exec-4] o.s.web.servlet.DispatcherServlet        : GET "/api/v1/prescriptions/dispensing-capabilities", parameters={}
2026-10-01T09:36:28.017+02:00 DEBUG 20356 --- [ulwembu-platform-api] [nio-8081-exec-9] s.w.s.m.m.a.RequestMappingHandlerMapping : Mapped to co.ehealth.platform.facility.FacilityController#list()
2026-10-01T09:36:28.018+02:00 DEBUG 20356 --- [ulwembu-platform-api] [nio-8081-exec-4] s.w.s.m.m.a.RequestMappingHandlerMapping : Mapped to co.ehealth.platform.pharmacy.PrescriptionController#dispensingCapabilities(AuthenticatedPrincipal)
2026-10-01T09:36:28.020+02:00 DEBUG 20356 --- [ulwembu-platform-api] [nio-8081-exec-7] org.hibernate.SQL                        : select u1_0.id,u1_0.contact_number,u1_0.contact_verified_at,u1_0.date_of_birth,u1_0.department,u1_0.designation,u1_0.email,u1_0.email_verified_at,u1_0.emergency_contact_name,u1_0.emergency_contact_phone,u1_0.emergency_contact_relationship,u1_0.employee_number,u1_0.employment_end_date,u1_0.employment_start_date,u1_0.employment_type,u1_0.facility_id,u1_0.failed_login_count,u1_0.first_name,u1_0.gender,u1_0.hpcsa_expiry_date,u1_0.hpcsa_number,u1_0.id_number,u1_0.last_failed_login_at,u1_0.last_login_at,u1_0.last_name,u1_0.locked_at,u1_0.manager_id,u1_0.must_change_password,u1_0.password_hash,u1_0.profile_photo_url,u1_0.sanc_expiry_date,u1_0.sanc_number,u1_0.sapc_expiry_date,u1_0.sapc_number,u1_0.status,u1_0.token_version from users u1_0 where u1_0.id=?
2026-10-01T09:36:28.020+02:00 DEBUG 20356 --- [ulwembu-platform-api] [nio-8081-exec-9] org.hibernate.SQL                        : select f1_0.id,f1_0.active,f1_0.address,f1_0.code,f1_0.daily_appointment_limit,f1_0.name,f1_0.operating_hours,f1_0.phone,f1_0.timezone,f1_0.type from facilities f1_0 where f1_0.active order by f1_0.name
2026-10-01T09:36:28.020+02:00 DEBUG 20356 --- [ulwembu-platform-api] [nio-8081-exec-4] org.hibernate.SQL                        : SELECT DISTINCT p.code FROM permissions p
JOIN role_permissions rp ON rp.permission_id = p.id
JOIN roles r ON r.id = rp.role_id
WHERE r.name IN (?)

2026-10-01T09:36:28.022+02:00 DEBUG 20356 --- [ulwembu-platform-api] [nio-8081-exec-9] m.m.a.RequestResponseBodyMethodProcessor : Using 'application/json', given [*/*] and supported [application/json, application/*+json]
2026-10-01T09:36:28.023+02:00 DEBUG 20356 --- [ulwembu-platform-api] [nio-8081-exec-9] m.m.a.RequestResponseBodyMethodProcessor : Writing [{items=[{id=a7ee88e2-3a54-4d1f-8c46-59075756ae12, name=Demo Main Clinic}, {id=aa7942b0-2bd2-4e25-95c (truncated)...]
2026-10-01T09:36:28.023+02:00 DEBUG 20356 --- [ulwembu-platform-api] [nio-8081-exec-7] o.s.web.servlet.DispatcherServlet        : GET "/api/v1/prescriptions/queue?facilityId=a7ee88e2-3a54-4d1f-8c46-59075756ae12", parameters={masked}
2026-10-01T09:36:28.024+02:00 DEBUG 20356 --- [ulwembu-platform-api] [nio-8081-exec-4] org.hibernate.SQL                        : select u1_0.id,u1_0.contact_number,u1_0.contact_verified_at,u1_0.date_of_birth,u1_0.department,u1_0.designation,u1_0.email,u1_0.email_verified_at,u1_0.emergency_contact_name,u1_0.emergency_contact_phone,u1_0.emergency_contact_relationship,u1_0.employee_number,u1_0.employment_end_date,u1_0.employment_start_date,u1_0.employment_type,u1_0.facility_id,u1_0.failed_login_count,u1_0.first_name,u1_0.gender,u1_0.hpcsa_expiry_date,u1_0.hpcsa_number,u1_0.id_number,u1_0.last_failed_login_at,u1_0.last_login_at,u1_0.last_name,u1_0.locked_at,u1_0.manager_id,u1_0.must_change_password,u1_0.password_hash,u1_0.profile_photo_url,u1_0.sanc_expiry_date,u1_0.sanc_number,u1_0.sapc_expiry_date,u1_0.sapc_number,u1_0.status,u1_0.token_version from users u1_0 where u1_0.id=?
2026-10-01T09:36:28.024+02:00 DEBUG 20356 --- [ulwembu-platform-api] [nio-8081-exec-7] s.w.s.m.m.a.RequestMappingHandlerMapping : Mapped to co.ehealth.platform.pharmacy.PrescriptionController#queue(UUID)
2026-10-01T09:36:28.024+02:00 DEBUG 20356 --- [ulwembu-platform-api] [nio-8081-exec-9] o.s.web.servlet.DispatcherServlet        : Completed 200 OK
2026-10-01T09:36:28.025+02:00 DEBUG 20356 --- [ulwembu-platform-api] [nio-8081-exec-7] org.hibernate.SQL                        : SELECT DISTINCT p.code FROM permissions p
JOIN role_permissions rp ON rp.permission_id = p.id
JOIN roles r ON r.id = rp.role_id
WHERE r.name IN (?)

2026-10-01T09:36:28.026+02:00 DEBUG 20356 --- [ulwembu-platform-api] [nio-8081-exec-4] org.hibernate.SQL                        : SELECT DISTINCT p.code FROM permissions p
JOIN role_permissions rp ON rp.permission_id = p.id
JOIN roles r ON r.id = rp.role_id
WHERE r.name IN (?)

2026-10-01T09:36:28.030+02:00 DEBUG 20356 --- [ulwembu-platform-api] [nio-8081-exec-4] o.s.w.s.m.m.a.HttpEntityMethodProcessor  : Using 'application/json', given [*/*] and supported [application/json, application/*+json]
2026-10-01T09:36:28.030+02:00 DEBUG 20356 --- [ulwembu-platform-api] [nio-8081-exec-7] org.hibernate.SQL                        : select p1_0.id,p1_0.consultation_id,p1_0.created_at,p1_0.facility_id,p1_0.patient_id,p1_0.prescriber_id,p1_0.serial_number,p1_0.status,p1_0.visit_id from prescriptions p1_0 where p1_0.facility_id=? and p1_0.status in (?,?) order by p1_0.created_at
2026-10-01T09:36:28.031+02:00 DEBUG 20356 --- [ulwembu-platform-api] [nio-8081-exec-4] o.s.w.s.m.m.a.HttpEntityMethodProcessor  : Writing [DispensingCapabilitiesResponse[canDispense=false, canPrescribe=false]]
2026-10-01T09:36:28.032+02:00 DEBUG 20356 --- [ulwembu-platform-api] [nio-8081-exec-4] o.s.web.servlet.DispatcherServlet        : Completed 200 OK
2026-10-01T09:36:28.033+02:00 DEBUG 20356 --- [ulwembu-platform-api] [nio-8081-exec-7] o.s.w.s.m.m.a.HttpEntityMethodProcessor  : Using 'application/json', given [*/*] and supported [application/json, application/*+json]
2026-10-01T09:36:28.034+02:00 DEBUG 20356 --- [ulwembu-platform-api] [nio-8081-exec-7] o.s.w.s.m.m.a.HttpEntityMethodProcessor  : Writing [{items=[]}]
2026-10-01T09:36:28.034+02:00 DEBUG 20356 --- [ulwembu-platform-api] [nio-8081-exec-7] o.s.web.servlet.DispatcherServlet        : Completed 200 OK
2026-10-01T09:36:33.049+02:00 DEBUG 20356 --- [ulwembu-platform-api] [nio-8081-exec-5] org.hibernate.SQL                        : select o1_0.id,o1_0.branding,o1_0.created_at,o1_0.display_name,o1_0.mail_settings,o1_0.profile,o1_0.schema_name,o1_0.sector,o1_0.slug,o1_0.sso_settings,o1_0.status,o1_0.tenant_code from control.organizations o1_0 where o1_0.slug=?
2026-10-01T09:36:33.055+02:00 DEBUG 20356 --- [ulwembu-platform-api] [nio-8081-exec-5] org.hibernate.SQL                        : select u1_0.id,u1_0.contact_number,u1_0.contact_verified_at,u1_0.date_of_birth,u1_0.department,u1_0.designation,u1_0.email,u1_0.email_verified_at,u1_0.emergency_contact_name,u1_0.emergency_contact_phone,u1_0.emergency_contact_relationship,u1_0.employee_number,u1_0.employment_end_date,u1_0.employment_start_date,u1_0.employment_type,u1_0.facility_id,u1_0.failed_login_count,u1_0.first_name,u1_0.gender,u1_0.hpcsa_expiry_date,u1_0.hpcsa_number,u1_0.id_number,u1_0.last_failed_login_at,u1_0.last_login_at,u1_0.last_name,u1_0.locked_at,u1_0.manager_id,u1_0.must_change_password,u1_0.password_hash,u1_0.profile_photo_url,u1_0.sanc_expiry_date,u1_0.sanc_number,u1_0.sapc_expiry_date,u1_0.sapc_number,u1_0.status,u1_0.token_version from users u1_0 where u1_0.id=?
2026-10-01T09:36:33.058+02:00 DEBUG 20356 --- [ulwembu-platform-api] [nio-8081-exec-5] o.s.web.servlet.DispatcherServlet        : GET "/api/v1/prescriptions/queue?facilityId=a7ee88e2-3a54-4d1f-8c46-59075756ae12", parameters={masked}
2026-10-01T09:36:33.060+02:00 DEBUG 20356 --- [ulwembu-platform-api] [nio-8081-exec-5] s.w.s.m.m.a.RequestMappingHandlerMapping : Mapped to co.ehealth.platform.pharmacy.PrescriptionController#queue(UUID)
2026-10-01T09:36:33.060+02:00 DEBUG 20356 --- [ulwembu-platform-api] [nio-8081-exec-5] org.hibernate.SQL                        : SELECT DISTINCT p.code FROM permissions p
JOIN role_permissions rp ON rp.permission_id = p.id
JOIN roles r ON r.id = rp.role_id
WHERE r.name IN (?)

2026-10-01T09:36:33.065+02:00 DEBUG 20356 --- [ulwembu-platform-api] [nio-8081-exec-5] org.hibernate.SQL                        : select p1_0.id,p1_0.consultation_id,p1_0.created_at,p1_0.facility_id,p1_0.patient_id,p1_0.prescriber_id,p1_0.serial_number,p1_0.status,p1_0.visit_id from prescriptions p1_0 where p1_0.facility_id=? and p1_0.status in (?,?) order by p1_0.created_at
2026-10-01T09:36:33.067+02:00 DEBUG 20356 --- [ulwembu-platform-api] [nio-8081-exec-5] o.s.w.s.m.m.a.HttpEntityMethodProcessor  : Using 'application/json', given [*/*] and supported [application/json, application/*+json]
2026-10-01T09:36:33.068+02:00 DEBUG 20356 --- [ulwembu-platform-api] [nio-8081-exec-5] o.s.w.s.m.m.a.HttpEntityMethodProcessor  : Writing [{items=[]}]
2026-10-01T09:36:33.070+02:00 DEBUG 20356 --- [ulwembu-platform-api] [nio-8081-exec-5] o.s.web.servlet.DispatcherServlet        : Completed 200 OK
2026-10-01T09:36:35.538+02:00 DEBUG 20356 --- [ulwembu-platform-api] [nio-8081-exec-2] org.hibernate.SQL                        : select o1_0.id,o1_0.branding,o1_0.created_at,o1_0.display_name,o1_0.mail_settings,o1_0.profile,o1_0.schema_name,o1_0.sector,o1_0.slug,o1_0.sso_settings,o1_0.status,o1_0.tenant_code from control.organizations o1_0 where o1_0.slug=?
2026-10-01T09:36:35.539+02:00 DEBUG 20356 --- [ulwembu-platform-api] [nio-8081-exec-8] org.hibernate.SQL                        : select o1_0.id,o1_0.branding,o1_0.created_at,o1_0.display_name,o1_0.mail_settings,o1_0.profile,o1_0.schema_name,o1_0.sector,o1_0.slug,o1_0.sso_settings,o1_0.status,o1_0.tenant_code from control.organizations o1_0 where o1_0.slug=?
2026-10-01T09:36:35.542+02:00 DEBUG 20356 --- [ulwembu-platform-api] [nio-8081-exec-9] org.hibernate.SQL                        : select o1_0.id,o1_0.branding,o1_0.created_at,o1_0.display_name,o1_0.mail_settings,o1_0.profile,o1_0.schema_name,o1_0.sector,o1_0.slug,o1_0.sso_settings,o1_0.status,o1_0.tenant_code from control.organizations o1_0 where o1_0.slug=?
2026-10-01T09:36:35.546+02:00 DEBUG 20356 --- [ulwembu-platform-api] [nio-8081-exec-2] org.hibernate.SQL                        : select u1_0.id,u1_0.contact_number,u1_0.contact_verified_at,u1_0.date_of_birth,u1_0.department,u1_0.designation,u1_0.email,u1_0.email_verified_at,u1_0.emergency_contact_name,u1_0.emergency_contact_phone,u1_0.emergency_contact_relationship,u1_0.employee_number,u1_0.employment_end_date,u1_0.employment_start_date,u1_0.employment_type,u1_0.facility_id,u1_0.failed_login_count,u1_0.first_name,u1_0.gender,u1_0.hpcsa_expiry_date,u1_0.hpcsa_number,u1_0.id_number,u1_0.last_failed_login_at,u1_0.last_login_at,u1_0.last_name,u1_0.locked_at,u1_0.manager_id,u1_0.must_change_password,u1_0.password_hash,u1_0.profile_photo_url,u1_0.sanc_expiry_date,u1_0.sanc_number,u1_0.sapc_expiry_date,u1_0.sapc_number,u1_0.status,u1_0.token_version from users u1_0 where u1_0.id=?
2026-10-01T09:36:35.546+02:00 DEBUG 20356 --- [ulwembu-platform-api] [nio-8081-exec-8] org.hibernate.SQL                        : select u1_0.id,u1_0.contact_number,u1_0.contact_verified_at,u1_0.date_of_birth,u1_0.department,u1_0.designation,u1_0.email,u1_0.email_verified_at,u1_0.emergency_contact_name,u1_0.emergency_contact_phone,u1_0.emergency_contact_relationship,u1_0.employee_number,u1_0.employment_end_date,u1_0.employment_start_date,u1_0.employment_type,u1_0.facility_id,u1_0.failed_login_count,u1_0.first_name,u1_0.gender,u1_0.hpcsa_expiry_date,u1_0.hpcsa_number,u1_0.id_number,u1_0.last_failed_login_at,u1_0.last_login_at,u1_0.last_name,u1_0.locked_at,u1_0.manager_id,u1_0.must_change_password,u1_0.password_hash,u1_0.profile_photo_url,u1_0.sanc_expiry_date,u1_0.sanc_number,u1_0.sapc_expiry_date,u1_0.sapc_number,u1_0.status,u1_0.token_version from users u1_0 where u1_0.id=?
2026-10-01T09:36:35.548+02:00 DEBUG 20356 --- [ulwembu-platform-api] [nio-8081-exec-9] org.hibernate.SQL                        : select u1_0.id,u1_0.contact_number,u1_0.contact_verified_at,u1_0.date_of_birth,u1_0.department,u1_0.designation,u1_0.email,u1_0.email_verified_at,u1_0.emergency_contact_name,u1_0.emergency_contact_phone,u1_0.emergency_contact_relationship,u1_0.employee_number,u1_0.employment_end_date,u1_0.employment_start_date,u1_0.employment_type,u1_0.facility_id,u1_0.failed_login_count,u1_0.first_name,u1_0.gender,u1_0.hpcsa_expiry_date,u1_0.hpcsa_number,u1_0.id_number,u1_0.last_failed_login_at,u1_0.last_login_at,u1_0.last_name,u1_0.locked_at,u1_0.manager_id,u1_0.must_change_password,u1_0.password_hash,u1_0.profile_photo_url,u1_0.sanc_expiry_date,u1_0.sanc_number,u1_0.sapc_expiry_date,u1_0.sapc_number,u1_0.status,u1_0.token_version from users u1_0 where u1_0.id=?
2026-10-01T09:36:35.548+02:00 DEBUG 20356 --- [ulwembu-platform-api] [nio-8081-exec-8] o.s.web.servlet.DispatcherServlet        : GET "/api/v1/pharmacy/stock/alerts?facilityId=a7ee88e2-3a54-4d1f-8c46-59075756ae12", parameters={masked}
2026-10-01T09:36:35.548+02:00 DEBUG 20356 --- [ulwembu-platform-api] [nio-8081-exec-2] o.s.web.servlet.DispatcherServlet        : GET "/api/v1/facilities", parameters={}
2026-10-01T09:36:35.549+02:00 DEBUG 20356 --- [ulwembu-platform-api] [nio-8081-exec-8] s.w.s.m.m.a.RequestMappingHandlerMapping : Mapped to co.ehealth.platform.pharmacy.stock.PharmacyStockControlController#alerts(UUID)
2026-10-01T09:36:35.549+02:00 DEBUG 20356 --- [ulwembu-platform-api] [nio-8081-exec-2] s.w.s.m.m.a.RequestMappingHandlerMapping : Mapped to co.ehealth.platform.facility.FacilityController#list()
2026-10-01T09:36:35.550+02:00 DEBUG 20356 --- [ulwembu-platform-api] [nio-8081-exec-9] o.s.web.servlet.DispatcherServlet        : GET "/api/v1/pharmacy/stock?facilityId=a7ee88e2-3a54-4d1f-8c46-59075756ae12", parameters={masked}
2026-10-01T09:36:35.550+02:00 DEBUG 20356 --- [ulwembu-platform-api] [nio-8081-exec-8] org.hibernate.SQL                        : SELECT DISTINCT p.code FROM permissions p
JOIN role_permissions rp ON rp.permission_id = p.id
JOIN roles r ON r.id = rp.role_id
WHERE r.name IN (?)

2026-10-01T09:36:35.550+02:00 DEBUG 20356 --- [ulwembu-platform-api] [nio-8081-exec-9] s.w.s.m.m.a.RequestMappingHandlerMapping : Mapped to co.ehealth.platform.pharmacy.stock.PharmacyStockController#listStock(UUID)
2026-10-01T09:36:35.551+02:00 DEBUG 20356 --- [ulwembu-platform-api] [nio-8081-exec-2] org.hibernate.SQL                        : select f1_0.id,f1_0.active,f1_0.address,f1_0.code,f1_0.daily_appointment_limit,f1_0.name,f1_0.operating_hours,f1_0.phone,f1_0.timezone,f1_0.type from facilities f1_0 where f1_0.active order by f1_0.name
2026-10-01T09:36:35.552+02:00 DEBUG 20356 --- [ulwembu-platform-api] [nio-8081-exec-9] org.hibernate.SQL                        : SELECT DISTINCT p.code FROM permissions p
JOIN role_permissions rp ON rp.permission_id = p.id
JOIN roles r ON r.id = rp.role_id
WHERE r.name IN (?)

2026-10-01T09:36:35.553+02:00 DEBUG 20356 --- [ulwembu-platform-api] [nio-8081-exec-2] m.m.a.RequestResponseBodyMethodProcessor : Using 'application/json', given [*/*] and supported [application/json, application/*+json]
2026-10-01T09:36:35.554+02:00 DEBUG 20356 --- [ulwembu-platform-api] [nio-8081-exec-2] m.m.a.RequestResponseBodyMethodProcessor : Writing [{items=[{id=a7ee88e2-3a54-4d1f-8c46-59075756ae12, name=Demo Main Clinic}, {id=aa7942b0-2bd2-4e25-95c (truncated)...]
2026-10-01T09:36:35.556+02:00 DEBUG 20356 --- [ulwembu-platform-api] [nio-8081-exec-8] org.hibernate.SQL                        : select psa1_0.id,psa1_0.batch_id,psa1_0.bucket,psa1_0.location_id,psa1_0.product_id,psa1_0.quantity from pharmacy_stock_accounts psa1_0,pharmacy_stock_locations psl1_0 where psa1_0.location_id=psl1_0.id and psl1_0.facility_id=? and psa1_0.quantity>0 and psa1_0.bucket='AVAILABLE'
2026-10-01T09:36:35.556+02:00 DEBUG 20356 --- [ulwembu-platform-api] [nio-8081-exec-2] o.s.web.servlet.DispatcherServlet        : Completed 200 OK
2026-10-01T09:36:35.556+02:00 DEBUG 20356 --- [ulwembu-platform-api] [nio-8081-exec-9] org.hibernate.SQL                        : select psa1_0.id,psa1_0.batch_id,psa1_0.bucket,psa1_0.location_id,psa1_0.product_id,psa1_0.quantity from pharmacy_stock_accounts psa1_0,pharmacy_stock_locations psl1_0 where psa1_0.location_id=psl1_0.id and psl1_0.facility_id=? and psa1_0.quantity>0 and psa1_0.bucket='AVAILABLE'
2026-10-01T09:36:35.561+02:00 DEBUG 20356 --- [ulwembu-platform-api] [nio-8081-exec-8] org.hibernate.SQL                        : select pfp1_0.id,pfp1_0.active,pfp1_0.created_at,pfp1_0.facility_id,pfp1_0.product_id,pfp1_0.reorder_threshold,pfp1_0.target_quantity from pharmacy_facility_products pfp1_0 where pfp1_0.facility_id=? and pfp1_0.active
2026-10-01T09:36:35.564+02:00 DEBUG 20356 --- [ulwembu-platform-api] [nio-8081-exec-8] org.hibernate.SQL                        : select pp1_0.id,pp1_0.active,pp1_0.barcode,pp1_0.base_unit,pp1_0.batch_tracked,pp1_0.category,pp1_0.code,pp1_0.created_at,pp1_0.created_by,pp1_0.created_by_name,pp1_0.display_name,pp1_0.dosage_form,pp1_0.expiry_tracked,pp1_0.generic_name,pp1_0.manufacturer,pp1_0.pack_size,pp1_0.storage_instructions,pp1_0.strength,pp1_0.updated_at,pp1_0.updated_by,pp1_0.updated_by_name,pp1_0.version from pharmacy_products pp1_0 where pp1_0.id=?
2026-10-01T09:36:35.565+02:00 DEBUG 20356 --- [ulwembu-platform-api] [nio-8081-exec-9] org.hibernate.SQL                        : select pfp1_0.id,pfp1_0.active,pfp1_0.created_at,pfp1_0.facility_id,pfp1_0.product_id,pfp1_0.reorder_threshold,pfp1_0.target_quantity from pharmacy_facility_products pfp1_0 where pfp1_0.facility_id=? and pfp1_0.active
2026-10-01T09:36:35.566+02:00 DEBUG 20356 --- [ulwembu-platform-api] [nio-8081-exec-8] org.hibernate.SQL                        : select pp1_0.id,pp1_0.active,pp1_0.barcode,pp1_0.base_unit,pp1_0.batch_tracked,pp1_0.category,pp1_0.code,pp1_0.created_at,pp1_0.created_by,pp1_0.created_by_name,pp1_0.display_name,pp1_0.dosage_form,pp1_0.expiry_tracked,pp1_0.generic_name,pp1_0.manufacturer,pp1_0.pack_size,pp1_0.storage_instructions,pp1_0.strength,pp1_0.updated_at,pp1_0.updated_by,pp1_0.updated_by_name,pp1_0.version from pharmacy_products pp1_0 where pp1_0.id=?
2026-10-01T09:36:35.568+02:00 DEBUG 20356 --- [ulwembu-platform-api] [nio-8081-exec-9] org.hibernate.SQL                        : select pp1_0.id,pp1_0.active,pp1_0.barcode,pp1_0.base_unit,pp1_0.batch_tracked,pp1_0.category,pp1_0.code,pp1_0.created_at,pp1_0.created_by,pp1_0.created_by_name,pp1_0.display_name,pp1_0.dosage_form,pp1_0.expiry_tracked,pp1_0.generic_name,pp1_0.manufacturer,pp1_0.pack_size,pp1_0.storage_instructions,pp1_0.strength,pp1_0.updated_at,pp1_0.updated_by,pp1_0.updated_by_name,pp1_0.version from pharmacy_products pp1_0 where pp1_0.id=?
2026-10-01T09:36:35.568+02:00 DEBUG 20356 --- [ulwembu-platform-api] [nio-8081-exec-8] m.m.a.RequestResponseBodyMethodProcessor : Using 'application/json', given [*/*] and supported [application/json, application/*+json]
2026-10-01T09:36:35.569+02:00 DEBUG 20356 --- [ulwembu-platform-api] [nio-8081-exec-8] m.m.a.RequestResponseBodyMethodProcessor : Writing [{items=[]}]
2026-10-01T09:36:35.570+02:00 DEBUG 20356 --- [ulwembu-platform-api] [nio-8081-exec-9] org.hibernate.SQL                        : select pp1_0.id,pp1_0.active,pp1_0.barcode,pp1_0.base_unit,pp1_0.batch_tracked,pp1_0.category,pp1_0.code,pp1_0.created_at,pp1_0.created_by,pp1_0.created_by_name,pp1_0.display_name,pp1_0.dosage_form,pp1_0.expiry_tracked,pp1_0.generic_name,pp1_0.manufacturer,pp1_0.pack_size,pp1_0.storage_instructions,pp1_0.strength,pp1_0.updated_at,pp1_0.updated_by,pp1_0.updated_by_name,pp1_0.version from pharmacy_products pp1_0 where pp1_0.id=?
2026-10-01T09:36:35.570+02:00 DEBUG 20356 --- [ulwembu-platform-api] [nio-8081-exec-8] o.s.web.servlet.DispatcherServlet        : Completed 200 OK
2026-10-01T09:36:35.573+02:00 DEBUG 20356 --- [ulwembu-platform-api] [nio-8081-exec-9] o.s.w.s.m.m.a.HttpEntityMethodProcessor  : Using 'application/json', given [*/*] and supported [application/json, application/*+json]
2026-10-01T09:36:35.573+02:00 DEBUG 20356 --- [ulwembu-platform-api] [nio-8081-exec-9] o.s.w.s.m.m.a.HttpEntityMethodProcessor  : Writing [{items=[StockRow[productId=50871aa0-c2ff-4090-8784-94401ccb7ac6, code=PARA, displayName=ethnol, base (truncated)...]
2026-10-01T09:36:35.574+02:00 DEBUG 20356 --- [ulwembu-platform-api] [nio-8081-exec-9] o.s.web.servlet.DispatcherServlet        : Completed 200 OK
2026-10-01T09:36:38.563+02:00 DEBUG 20356 --- [ulwembu-platform-api] [nio-8081-exec-7] org.hibernate.SQL                        : select o1_0.id,o1_0.branding,o1_0.created_at,o1_0.display_name,o1_0.mail_settings,o1_0.profile,o1_0.schema_name,o1_0.sector,o1_0.slug,o1_0.sso_settings,o1_0.status,o1_0.tenant_code from control.organizations o1_0 where o1_0.slug=?
2026-10-01T09:36:38.569+02:00 DEBUG 20356 --- [ulwembu-platform-api] [nio-8081-exec-7] org.hibernate.SQL                        : select u1_0.id,u1_0.contact_number,u1_0.contact_verified_at,u1_0.date_of_birth,u1_0.department,u1_0.designation,u1_0.email,u1_0.email_verified_at,u1_0.emergency_contact_name,u1_0.emergency_contact_phone,u1_0.emergency_contact_relationship,u1_0.employee_number,u1_0.employment_end_date,u1_0.employment_start_date,u1_0.employment_type,u1_0.facility_id,u1_0.failed_login_count,u1_0.first_name,u1_0.gender,u1_0.hpcsa_expiry_date,u1_0.hpcsa_number,u1_0.id_number,u1_0.last_failed_login_at,u1_0.last_login_at,u1_0.last_name,u1_0.locked_at,u1_0.manager_id,u1_0.must_change_password,u1_0.password_hash,u1_0.profile_photo_url,u1_0.sanc_expiry_date,u1_0.sanc_number,u1_0.sapc_expiry_date,u1_0.sapc_number,u1_0.status,u1_0.token_version from users u1_0 where u1_0.id=?
2026-10-01T09:36:38.573+02:00 DEBUG 20356 --- [ulwembu-platform-api] [nio-8081-exec-7] o.s.web.servlet.DispatcherServlet        : GET "/api/v1/pharmacy/products?activeOnly=true&page=0&size=50", parameters={masked}
2026-10-01T09:36:38.574+02:00 DEBUG 20356 --- [ulwembu-platform-api] [nio-8081-exec-7] s.w.s.m.m.a.RequestMappingHandlerMapping : Mapped to co.ehealth.platform.pharmacy.stock.PharmacyProductController#search(String, boolean, int, int)
2026-10-01T09:36:38.576+02:00 DEBUG 20356 --- [ulwembu-platform-api] [nio-8081-exec-7] org.hibernate.SQL                        : SELECT DISTINCT p.code FROM permissions p
JOIN role_permissions rp ON rp.permission_id = p.id
JOIN roles r ON r.id = rp.role_id
WHERE r.name IN (?)

2026-10-01T09:36:38.581+02:00 DEBUG 20356 --- [ulwembu-platform-api] [nio-8081-exec-7] org.hibernate.SQL                        : select pp1_0.id,pp1_0.active,pp1_0.barcode,pp1_0.base_unit,pp1_0.batch_tracked,pp1_0.category,pp1_0.code,pp1_0.created_at,pp1_0.created_by,pp1_0.created_by_name,pp1_0.display_name,pp1_0.dosage_form,pp1_0.expiry_tracked,pp1_0.generic_name,pp1_0.manufacturer,pp1_0.pack_size,pp1_0.storage_instructions,pp1_0.strength,pp1_0.updated_at,pp1_0.updated_by,pp1_0.updated_by_name,pp1_0.version from pharmacy_products pp1_0 where (?=false or pp1_0.active=true) and (?='' or lower(pp1_0.display_name) like lower(('%'||?||'%')) escape '' or lower(pp1_0.code) like lower(('%'||?||'%')) escape '' or lower(coalesce(pp1_0.generic_name,'')) like lower(('%'||?||'%')) escape '' or lower(coalesce(pp1_0.barcode,'')) like lower(('%'||?||'%')) escape '') order by pp1_0.display_name,pp1_0.display_name fetch first ? rows only
2026-10-01T09:36:38.584+02:00 DEBUG 20356 --- [ulwembu-platform-api] [nio-8081-exec-7] o.s.w.s.m.m.a.HttpEntityMethodProcessor  : Using 'application/json', given [*/*] and supported [application/json, application/*+json]
2026-10-01T09:36:38.585+02:00 DEBUG 20356 --- [ulwembu-platform-api] [nio-8081-exec-7] o.s.w.s.m.m.a.HttpEntityMethodProcessor  : Writing [{items=[ProductResponse[id=50871aa0-c2ff-4090-8784-94401ccb7ac6, code=PARA, displayName=ethnol, gene (truncated)...]
2026-10-01T09:36:38.587+02:00 DEBUG 20356 --- [ulwembu-platform-api] [nio-8081-exec-7] o.s.web.servlet.DispatcherServlet        : Completed 200 OK
2026-10-01T09:36:40.678+02:00 DEBUG 20356 --- [ulwembu-platform-api] [io-8081-exec-10] org.hibernate.SQL                        : select o1_0.id,o1_0.branding,o1_0.created_at,o1_0.display_name,o1_0.mail_settings,o1_0.profile,o1_0.schema_name,o1_0.sector,o1_0.slug,o1_0.sso_settings,o1_0.status,o1_0.tenant_code from control.organizations o1_0 where o1_0.slug=?
2026-10-01T09:36:40.678+02:00 DEBUG 20356 --- [ulwembu-platform-api] [nio-8081-exec-1] org.hibernate.SQL                        : select o1_0.id,o1_0.branding,o1_0.created_at,o1_0.display_name,o1_0.mail_settings,o1_0.profile,o1_0.schema_name,o1_0.sector,o1_0.slug,o1_0.sso_settings,o1_0.status,o1_0.tenant_code from control.organizations o1_0 where o1_0.slug=?
2026-10-01T09:36:40.683+02:00 DEBUG 20356 --- [ulwembu-platform-api] [nio-8081-exec-1] org.hibernate.SQL                        : select u1_0.id,u1_0.contact_number,u1_0.contact_verified_at,u1_0.date_of_birth,u1_0.department,u1_0.designation,u1_0.email,u1_0.email_verified_at,u1_0.emergency_contact_name,u1_0.emergency_contact_phone,u1_0.emergency_contact_relationship,u1_0.employee_number,u1_0.employment_end_date,u1_0.employment_start_date,u1_0.employment_type,u1_0.facility_id,u1_0.failed_login_count,u1_0.first_name,u1_0.gender,u1_0.hpcsa_expiry_date,u1_0.hpcsa_number,u1_0.id_number,u1_0.last_failed_login_at,u1_0.last_login_at,u1_0.last_name,u1_0.locked_at,u1_0.manager_id,u1_0.must_change_password,u1_0.password_hash,u1_0.profile_photo_url,u1_0.sanc_expiry_date,u1_0.sanc_number,u1_0.sapc_expiry_date,u1_0.sapc_number,u1_0.status,u1_0.token_version from users u1_0 where u1_0.id=?
2026-10-01T09:36:40.683+02:00 DEBUG 20356 --- [ulwembu-platform-api] [io-8081-exec-10] org.hibernate.SQL                        : select u1_0.id,u1_0.contact_number,u1_0.contact_verified_at,u1_0.date_of_birth,u1_0.department,u1_0.designation,u1_0.email,u1_0.email_verified_at,u1_0.emergency_contact_name,u1_0.emergency_contact_phone,u1_0.emergency_contact_relationship,u1_0.employee_number,u1_0.employment_end_date,u1_0.employment_start_date,u1_0.employment_type,u1_0.facility_id,u1_0.failed_login_count,u1_0.first_name,u1_0.gender,u1_0.hpcsa_expiry_date,u1_0.hpcsa_number,u1_0.id_number,u1_0.last_failed_login_at,u1_0.last_login_at,u1_0.last_name,u1_0.locked_at,u1_0.manager_id,u1_0.must_change_password,u1_0.password_hash,u1_0.profile_photo_url,u1_0.sanc_expiry_date,u1_0.sanc_number,u1_0.sapc_expiry_date,u1_0.sapc_number,u1_0.status,u1_0.token_version from users u1_0 where u1_0.id=?
2026-10-01T09:36:40.687+02:00 DEBUG 20356 --- [ulwembu-platform-api] [io-8081-exec-10] o.s.web.servlet.DispatcherServlet        : GET "/api/v1/pharmacy/products/50871aa0-c2ff-4090-8784-94401ccb7ac6/batches", parameters={}
2026-10-01T09:36:40.687+02:00 DEBUG 20356 --- [ulwembu-platform-api] [nio-8081-exec-1] o.s.web.servlet.DispatcherServlet        : GET "/api/v1/pharmacy/products/50871aa0-c2ff-4090-8784-94401ccb7ac6", parameters={}
2026-10-01T09:36:40.689+02:00 DEBUG 20356 --- [ulwembu-platform-api] [io-8081-exec-10] s.w.s.m.m.a.RequestMappingHandlerMapping : Mapped to co.ehealth.platform.pharmacy.stock.PharmacyStockController#listBatches(UUID)
2026-10-01T09:36:40.689+02:00 DEBUG 20356 --- [ulwembu-platform-api] [nio-8081-exec-1] s.w.s.m.m.a.RequestMappingHandlerMapping : Mapped to co.ehealth.platform.pharmacy.stock.PharmacyProductController#get(UUID)
2026-10-01T09:36:40.690+02:00 DEBUG 20356 --- [ulwembu-platform-api] [nio-8081-exec-1] org.hibernate.SQL                        : SELECT DISTINCT p.code FROM permissions p
JOIN role_permissions rp ON rp.permission_id = p.id
JOIN roles r ON r.id = rp.role_id
WHERE r.name IN (?)

2026-10-01T09:36:40.690+02:00 DEBUG 20356 --- [ulwembu-platform-api] [io-8081-exec-10] org.hibernate.SQL                        : SELECT DISTINCT p.code FROM permissions p
JOIN role_permissions rp ON rp.permission_id = p.id
JOIN roles r ON r.id = rp.role_id
WHERE r.name IN (?)

2026-10-01T09:36:40.695+02:00 DEBUG 20356 --- [ulwembu-platform-api] [nio-8081-exec-1] org.hibernate.SQL                        : select pp1_0.id,pp1_0.active,pp1_0.barcode,pp1_0.base_unit,pp1_0.batch_tracked,pp1_0.category,pp1_0.code,pp1_0.created_at,pp1_0.created_by,pp1_0.created_by_name,pp1_0.display_name,pp1_0.dosage_form,pp1_0.expiry_tracked,pp1_0.generic_name,pp1_0.manufacturer,pp1_0.pack_size,pp1_0.storage_instructions,pp1_0.strength,pp1_0.updated_at,pp1_0.updated_by,pp1_0.updated_by_name,pp1_0.version from pharmacy_products pp1_0 where pp1_0.id=?
2026-10-01T09:36:40.695+02:00 DEBUG 20356 --- [ulwembu-platform-api] [io-8081-exec-10] org.hibernate.SQL                        : select psa1_0.id,psa1_0.batch_id,psa1_0.bucket,psa1_0.location_id,psa1_0.product_id,psa1_0.quantity from pharmacy_stock_accounts psa1_0 where psa1_0.product_id=?
2026-10-01T09:36:40.698+02:00 DEBUG 20356 --- [ulwembu-platform-api] [nio-8081-exec-1] o.s.w.s.m.m.a.HttpEntityMethodProcessor  : Using 'application/json', given [*/*] and supported [application/json, application/*+json]
2026-10-01T09:36:40.699+02:00 DEBUG 20356 --- [ulwembu-platform-api] [nio-8081-exec-1] o.s.w.s.m.m.a.HttpEntityMethodProcessor  : Writing [ProductResponse[id=50871aa0-c2ff-4090-8784-94401ccb7ac6, code=PARA, displayName=ethnol, genericName= (truncated)...]
2026-10-01T09:36:40.699+02:00 DEBUG 20356 --- [ulwembu-platform-api] [nio-8081-exec-1] o.s.web.servlet.DispatcherServlet        : Completed 200 OK
2026-10-01T09:36:40.700+02:00 DEBUG 20356 --- [ulwembu-platform-api] [io-8081-exec-10] org.hibernate.SQL                        : select pb1_0.id,pb1_0.created_at,pb1_0.created_by,pb1_0.created_by_name,pb1_0.expiry_date,pb1_0.expiry_precision,pb1_0.lot_number,pb1_0.manufacturer,pb1_0.printed_expiry,pb1_0.product_id from pharmacy_batches pb1_0 where pb1_0.product_id=? order by pb1_0.expiry_date
2026-10-01T09:36:40.705+02:00 DEBUG 20356 --- [ulwembu-platform-api] [io-8081-exec-10] o.s.w.s.m.m.a.HttpEntityMethodProcessor  : Using 'application/json', given [*/*] and supported [application/json, application/*+json]
2026-10-01T09:36:40.705+02:00 DEBUG 20356 --- [ulwembu-platform-api] [io-8081-exec-10] o.s.w.s.m.m.a.HttpEntityMethodProcessor  : Writing [{items=[]}]
2026-10-01T09:36:40.707+02:00 DEBUG 20356 --- [ulwembu-platform-api] [io-8081-exec-10] o.s.web.servlet.DispatcherServlet        : Completed 200 OK
2026-10-01T09:36:46.037+02:00 DEBUG 20356 --- [ulwembu-platform-api] [nio-8081-exec-9] org.hibernate.SQL                        : select o1_0.id,o1_0.branding,o1_0.created_at,o1_0.display_name,o1_0.mail_settings,o1_0.profile,o1_0.schema_name,o1_0.sector,o1_0.slug,o1_0.sso_settings,o1_0.status,o1_0.tenant_code from control.organizations o1_0 where o1_0.slug=?
2026-10-01T09:36:46.038+02:00 DEBUG 20356 --- [ulwembu-platform-api] [nio-8081-exec-7] org.hibernate.SQL                        : select o1_0.id,o1_0.branding,o1_0.created_at,o1_0.display_name,o1_0.mail_settings,o1_0.profile,o1_0.schema_name,o1_0.sector,o1_0.slug,o1_0.sso_settings,o1_0.status,o1_0.tenant_code from control.organizations o1_0 where o1_0.slug=?
2026-10-01T09:36:46.038+02:00 DEBUG 20356 --- [ulwembu-platform-api] [nio-8081-exec-4] org.hibernate.SQL                        : select o1_0.id,o1_0.branding,o1_0.created_at,o1_0.display_name,o1_0.mail_settings,o1_0.profile,o1_0.schema_name,o1_0.sector,o1_0.slug,o1_0.sso_settings,o1_0.status,o1_0.tenant_code from control.organizations o1_0 where o1_0.slug=?
2026-10-01T09:36:46.052+02:00 DEBUG 20356 --- [ulwembu-platform-api] [nio-8081-exec-7] org.hibernate.SQL                        : select u1_0.id,u1_0.contact_number,u1_0.contact_verified_at,u1_0.date_of_birth,u1_0.department,u1_0.designation,u1_0.email,u1_0.email_verified_at,u1_0.emergency_contact_name,u1_0.emergency_contact_phone,u1_0.emergency_contact_relationship,u1_0.employee_number,u1_0.employment_end_date,u1_0.employment_start_date,u1_0.employment_type,u1_0.facility_id,u1_0.failed_login_count,u1_0.first_name,u1_0.gender,u1_0.hpcsa_expiry_date,u1_0.hpcsa_number,u1_0.id_number,u1_0.last_failed_login_at,u1_0.last_login_at,u1_0.last_name,u1_0.locked_at,u1_0.manager_id,u1_0.must_change_password,u1_0.password_hash,u1_0.profile_photo_url,u1_0.sanc_expiry_date,u1_0.sanc_number,u1_0.sapc_expiry_date,u1_0.sapc_number,u1_0.status,u1_0.token_version from users u1_0 where u1_0.id=?
2026-10-01T09:36:46.052+02:00 DEBUG 20356 --- [ulwembu-platform-api] [nio-8081-exec-9] org.hibernate.SQL                        : select u1_0.id,u1_0.contact_number,u1_0.contact_verified_at,u1_0.date_of_birth,u1_0.department,u1_0.designation,u1_0.email,u1_0.email_verified_at,u1_0.emergency_contact_name,u1_0.emergency_contact_phone,u1_0.emergency_contact_relationship,u1_0.employee_number,u1_0.employment_end_date,u1_0.employment_start_date,u1_0.employment_type,u1_0.facility_id,u1_0.failed_login_count,u1_0.first_name,u1_0.gender,u1_0.hpcsa_expiry_date,u1_0.hpcsa_number,u1_0.id_number,u1_0.last_failed_login_at,u1_0.last_login_at,u1_0.last_name,u1_0.locked_at,u1_0.manager_id,u1_0.must_change_password,u1_0.password_hash,u1_0.profile_photo_url,u1_0.sanc_expiry_date,u1_0.sanc_number,u1_0.sapc_expiry_date,u1_0.sapc_number,u1_0.status,u1_0.token_version from users u1_0 where u1_0.id=?
2026-10-01T09:36:46.052+02:00 DEBUG 20356 --- [ulwembu-platform-api] [nio-8081-exec-4] org.hibernate.SQL                        : select u1_0.id,u1_0.contact_number,u1_0.contact_verified_at,u1_0.date_of_birth,u1_0.department,u1_0.designation,u1_0.email,u1_0.email_verified_at,u1_0.emergency_contact_name,u1_0.emergency_contact_phone,u1_0.emergency_contact_relationship,u1_0.employee_number,u1_0.employment_end_date,u1_0.employment_start_date,u1_0.employment_type,u1_0.facility_id,u1_0.failed_login_count,u1_0.first_name,u1_0.gender,u1_0.hpcsa_expiry_date,u1_0.hpcsa_number,u1_0.id_number,u1_0.last_failed_login_at,u1_0.last_login_at,u1_0.last_name,u1_0.locked_at,u1_0.manager_id,u1_0.must_change_password,u1_0.password_hash,u1_0.profile_photo_url,u1_0.sanc_expiry_date,u1_0.sanc_number,u1_0.sapc_expiry_date,u1_0.sapc_number,u1_0.status,u1_0.token_version from users u1_0 where u1_0.id=?
2026-10-01T09:36:46.057+02:00 DEBUG 20356 --- [ulwembu-platform-api] [nio-8081-exec-9] o.s.web.servlet.DispatcherServlet        : GET "/api/v1/pharmacy/products?activeOnly=false&size=100", parameters={masked}
2026-10-01T09:36:46.058+02:00 DEBUG 20356 --- [ulwembu-platform-api] [nio-8081-exec-9] s.w.s.m.m.a.RequestMappingHandlerMapping : Mapped to co.ehealth.platform.pharmacy.stock.PharmacyProductController#search(String, boolean, int, int)
2026-10-01T09:36:46.057+02:00 DEBUG 20356 --- [ulwembu-platform-api] [nio-8081-exec-7] o.s.web.servlet.DispatcherServlet        : GET "/api/v1/facilities", parameters={}
2026-10-01T09:36:46.060+02:00 DEBUG 20356 --- [ulwembu-platform-api] [nio-8081-exec-4] o.s.web.servlet.DispatcherServlet        : GET "/api/v1/pharmacy/ledger?facilityId=a7ee88e2-3a54-4d1f-8c46-59075756ae12&page=0&size=50", parameters={masked}
2026-10-01T09:36:46.061+02:00 DEBUG 20356 --- [ulwembu-platform-api] [nio-8081-exec-4] s.w.s.m.m.a.RequestMappingHandlerMapping : Mapped to co.ehealth.platform.pharmacy.stock.PharmacyStockController#listLedger(UUID, UUID, int, int)
2026-10-01T09:36:46.061+02:00 DEBUG 20356 --- [ulwembu-platform-api] [nio-8081-exec-7] s.w.s.m.m.a.RequestMappingHandlerMapping : Mapped to co.ehealth.platform.facility.FacilityController#list()
2026-10-01T09:36:46.062+02:00 DEBUG 20356 --- [ulwembu-platform-api] [nio-8081-exec-4] org.hibernate.SQL                        : SELECT DISTINCT p.code FROM permissions p
JOIN role_permissions rp ON rp.permission_id = p.id
JOIN roles r ON r.id = rp.role_id
WHERE r.name IN (?)

2026-10-01T09:36:46.063+02:00 DEBUG 20356 --- [ulwembu-platform-api] [nio-8081-exec-9] org.hibernate.SQL                        : SELECT DISTINCT p.code FROM permissions p
JOIN role_permissions rp ON rp.permission_id = p.id
JOIN roles r ON r.id = rp.role_id
WHERE r.name IN (?)

2026-10-01T09:36:46.065+02:00 DEBUG 20356 --- [ulwembu-platform-api] [nio-8081-exec-7] org.hibernate.SQL                        : select f1_0.id,f1_0.active,f1_0.address,f1_0.code,f1_0.daily_appointment_limit,f1_0.name,f1_0.operating_hours,f1_0.phone,f1_0.timezone,f1_0.type from facilities f1_0 where f1_0.active order by f1_0.name
2026-10-01T09:36:46.067+02:00 DEBUG 20356 --- [ulwembu-platform-api] [nio-8081-exec-9] org.hibernate.SQL                        : select pp1_0.id,pp1_0.active,pp1_0.barcode,pp1_0.base_unit,pp1_0.batch_tracked,pp1_0.category,pp1_0.code,pp1_0.created_at,pp1_0.created_by,pp1_0.created_by_name,pp1_0.display_name,pp1_0.dosage_form,pp1_0.expiry_tracked,pp1_0.generic_name,pp1_0.manufacturer,pp1_0.pack_size,pp1_0.storage_instructions,pp1_0.strength,pp1_0.updated_at,pp1_0.updated_by,pp1_0.updated_by_name,pp1_0.version from pharmacy_products pp1_0 where (?=false or pp1_0.active=true) and (?='' or lower(pp1_0.display_name) like lower(('%'||?||'%')) escape '' or lower(pp1_0.code) like lower(('%'||?||'%')) escape '' or lower(coalesce(pp1_0.generic_name,'')) like lower(('%'||?||'%')) escape '' or lower(coalesce(pp1_0.barcode,'')) like lower(('%'||?||'%')) escape '') order by pp1_0.display_name,pp1_0.display_name fetch first ? rows only
2026-10-01T09:36:46.068+02:00 DEBUG 20356 --- [ulwembu-platform-api] [nio-8081-exec-4] org.hibernate.SQL                        : select pse1_0.id,pse1_0.balance_after,pse1_0.balance_before,pse1_0.created_at,pse1_0.quantity_delta,pse1_0.seq,pse1_0.stock_account_id,pse1_0.transaction_id from pharmacy_stock_entries pse1_0,pharmacy_stock_accounts psa1_0,pharmacy_stock_locations psl1_0 where pse1_0.stock_account_id=psa1_0.id and psa1_0.location_id=psl1_0.id and psl1_0.facility_id=? and (? is null or psa1_0.product_id=?) order by pse1_0.seq desc fetch first ? rows only
2026-10-01T09:36:46.069+02:00 DEBUG 20356 --- [ulwembu-platform-api] [nio-8081-exec-7] m.m.a.RequestResponseBodyMethodProcessor : Using 'application/json', given [*/*] and supported [application/json, application/*+json]
2026-10-01T09:36:46.070+02:00 DEBUG 20356 --- [ulwembu-platform-api] [nio-8081-exec-7] m.m.a.RequestResponseBodyMethodProcessor : Writing [{items=[{id=a7ee88e2-3a54-4d1f-8c46-59075756ae12, name=Demo Main Clinic}, {id=aa7942b0-2bd2-4e25-95c (truncated)...]
2026-10-01T09:36:46.072+02:00 DEBUG 20356 --- [ulwembu-platform-api] [nio-8081-exec-7] o.s.web.servlet.DispatcherServlet        : Completed 200 OK
2026-10-01T09:36:46.075+02:00 DEBUG 20356 --- [ulwembu-platform-api] [nio-8081-exec-9] o.s.w.s.m.m.a.HttpEntityMethodProcessor  : Using 'application/json', given [*/*] and supported [application/json, application/*+json]
2026-10-01T09:36:46.076+02:00 DEBUG 20356 --- [ulwembu-platform-api] [nio-8081-exec-9] o.s.w.s.m.m.a.HttpEntityMethodProcessor  : Writing [{items=[ProductResponse[id=50871aa0-c2ff-4090-8784-94401ccb7ac6, code=PARA, displayName=ethnol, gene (truncated)...]
2026-10-01T09:36:46.077+02:00 DEBUG 20356 --- [ulwembu-platform-api] [nio-8081-exec-4] o.s.w.s.m.m.a.HttpEntityMethodProcessor  : Using 'application/json', given [*/*] and supported [application/json, application/*+json]
2026-10-01T09:36:46.077+02:00 DEBUG 20356 --- [ulwembu-platform-api] [nio-8081-exec-4] o.s.w.s.m.m.a.HttpEntityMethodProcessor  : Writing [{items=[], hasMore=false, totalItems=0, page=0, size=50}]
2026-10-01T09:36:46.078+02:00 DEBUG 20356 --- [ulwembu-platform-api] [nio-8081-exec-9] o.s.web.servlet.DispatcherServlet        : Completed 200 OK
2026-10-01T09:36:46.079+02:00 DEBUG 20356 --- [ulwembu-platform-api] [nio-8081-exec-4] o.s.web.servlet.DispatcherServlet        : Completed 200 OK
2026-10-01T09:36:50.312+02:00 DEBUG 20356 --- [ulwembu-platform-api] [nio-8081-exec-6] org.hibernate.SQL                        : select o1_0.id,o1_0.branding,o1_0.created_at,o1_0.display_name,o1_0.mail_settings,o1_0.profile,o1_0.schema_name,o1_0.sector,o1_0.slug,o1_0.sso_settings,o1_0.status,o1_0.tenant_code from control.organizations o1_0 where o1_0.slug=?
2026-10-01T09:36:50.320+02:00 DEBUG 20356 --- [ulwembu-platform-api] [nio-8081-exec-6] org.hibernate.SQL                        : select u1_0.id,u1_0.contact_number,u1_0.contact_verified_at,u1_0.date_of_birth,u1_0.department,u1_0.designation,u1_0.email,u1_0.email_verified_at,u1_0.emergency_contact_name,u1_0.emergency_contact_phone,u1_0.emergency_contact_relationship,u1_0.employee_number,u1_0.employment_end_date,u1_0.employment_start_date,u1_0.employment_type,u1_0.facility_id,u1_0.failed_login_count,u1_0.first_name,u1_0.gender,u1_0.hpcsa_expiry_date,u1_0.hpcsa_number,u1_0.id_number,u1_0.last_failed_login_at,u1_0.last_login_at,u1_0.last_name,u1_0.locked_at,u1_0.manager_id,u1_0.must_change_password,u1_0.password_hash,u1_0.profile_photo_url,u1_0.sanc_expiry_date,u1_0.sanc_number,u1_0.sapc_expiry_date,u1_0.sapc_number,u1_0.status,u1_0.token_version from users u1_0 where u1_0.id=?
2026-10-01T09:36:50.326+02:00 DEBUG 20356 --- [ulwembu-platform-api] [nio-8081-exec-6] o.s.web.servlet.DispatcherServlet        : GET "/api/v1/pharmacy/ledger?facilityId=a7ee88e2-3a54-4d1f-8c46-59075756ae12&productId=50871aa0-c2ff-4090-8784-94401ccb7ac6&page=0&size=50", parameters={masked}
2026-10-01T09:36:50.327+02:00 DEBUG 20356 --- [ulwembu-platform-api] [nio-8081-exec-6] s.w.s.m.m.a.RequestMappingHandlerMapping : Mapped to co.ehealth.platform.pharmacy.stock.PharmacyStockController#listLedger(UUID, UUID, int, int)
2026-10-01T09:36:50.330+02:00 DEBUG 20356 --- [ulwembu-platform-api] [nio-8081-exec-6] org.hibernate.SQL                        : SELECT DISTINCT p.code FROM permissions p
JOIN role_permissions rp ON rp.permission_id = p.id
JOIN roles r ON r.id = rp.role_id
WHERE r.name IN (?)

2026-10-01T09:36:50.334+02:00 DEBUG 20356 --- [ulwembu-platform-api] [nio-8081-exec-6] org.hibernate.SQL                        : select pse1_0.id,pse1_0.balance_after,pse1_0.balance_before,pse1_0.created_at,pse1_0.quantity_delta,pse1_0.seq,pse1_0.stock_account_id,pse1_0.transaction_id from pharmacy_stock_entries pse1_0,pharmacy_stock_accounts psa1_0,pharmacy_stock_locations psl1_0 where pse1_0.stock_account_id=psa1_0.id and psa1_0.location_id=psl1_0.id and psl1_0.facility_id=? and (? is null or psa1_0.product_id=?) order by pse1_0.seq desc fetch first ? rows only
2026-10-01T09:36:50.339+02:00 DEBUG 20356 --- [ulwembu-platform-api] [nio-8081-exec-6] o.s.w.s.m.m.a.HttpEntityMethodProcessor  : Using 'application/json', given [*/*] and supported [application/json, application/*+json]
2026-10-01T09:36:50.339+02:00 DEBUG 20356 --- [ulwembu-platform-api] [nio-8081-exec-6] o.s.w.s.m.m.a.HttpEntityMethodProcessor  : Writing [{items=[], hasMore=false, totalItems=0, page=0, size=50}]
2026-10-01T09:36:50.340+02:00 DEBUG 20356 --- [ulwembu-platform-api] [nio-8081-exec-6] o.s.web.servlet.DispatcherServlet        : Completed 200 OK
2026-10-01T09:36:53.404+02:00 DEBUG 20356 --- [ulwembu-platform-api] [io-8081-exec-10] org.hibernate.SQL                        : select o1_0.id,o1_0.branding,o1_0.created_at,o1_0.display_name,o1_0.mail_settings,o1_0.profile,o1_0.schema_name,o1_0.sector,o1_0.slug,o1_0.sso_settings,o1_0.status,o1_0.tenant_code from control.organizations o1_0 where o1_0.slug=?
2026-10-01T09:36:53.410+02:00 DEBUG 20356 --- [ulwembu-platform-api] [io-8081-exec-10] org.hibernate.SQL                        : select u1_0.id,u1_0.contact_number,u1_0.contact_verified_at,u1_0.date_of_birth,u1_0.department,u1_0.designation,u1_0.email,u1_0.email_verified_at,u1_0.emergency_contact_name,u1_0.emergency_contact_phone,u1_0.emergency_contact_relationship,u1_0.employee_number,u1_0.employment_end_date,u1_0.employment_start_date,u1_0.employment_type,u1_0.facility_id,u1_0.failed_login_count,u1_0.first_name,u1_0.gender,u1_0.hpcsa_expiry_date,u1_0.hpcsa_number,u1_0.id_number,u1_0.last_failed_login_at,u1_0.last_login_at,u1_0.last_name,u1_0.locked_at,u1_0.manager_id,u1_0.must_change_password,u1_0.password_hash,u1_0.profile_photo_url,u1_0.sanc_expiry_date,u1_0.sanc_number,u1_0.sapc_expiry_date,u1_0.sapc_number,u1_0.status,u1_0.token_version from users u1_0 where u1_0.id=?
2026-10-01T09:36:53.414+02:00 DEBUG 20356 --- [ulwembu-platform-api] [io-8081-exec-10] o.s.web.servlet.DispatcherServlet        : GET "/api/v1/pharmacy/ledger?facilityId=aa7942b0-2bd2-4e25-95c5-e5a206bb4f55&productId=50871aa0-c2ff-4090-8784-94401ccb7ac6&page=0&size=50", parameters={masked}
2026-10-01T09:36:53.415+02:00 DEBUG 20356 --- [ulwembu-platform-api] [io-8081-exec-10] s.w.s.m.m.a.RequestMappingHandlerMapping : Mapped to co.ehealth.platform.pharmacy.stock.PharmacyStockController#listLedger(UUID, UUID, int, int)
2026-10-01T09:36:53.418+02:00 DEBUG 20356 --- [ulwembu-platform-api] [io-8081-exec-10] org.hibernate.SQL                        : SELECT DISTINCT p.code FROM permissions p
JOIN role_permissions rp ON rp.permission_id = p.id
JOIN roles r ON r.id = rp.role_id
WHERE r.name IN (?)

2026-10-01T09:36:53.424+02:00 DEBUG 20356 --- [ulwembu-platform-api] [io-8081-exec-10] org.hibernate.SQL                        : select pse1_0.id,pse1_0.balance_after,pse1_0.balance_before,pse1_0.created_at,pse1_0.quantity_delta,pse1_0.seq,pse1_0.stock_account_id,pse1_0.transaction_id from pharmacy_stock_entries pse1_0,pharmacy_stock_accounts psa1_0,pharmacy_stock_locations psl1_0 where pse1_0.stock_account_id=psa1_0.id and psa1_0.location_id=psl1_0.id and psl1_0.facility_id=? and (? is null or psa1_0.product_id=?) order by pse1_0.seq desc fetch first ? rows only
2026-10-01T09:36:53.428+02:00 DEBUG 20356 --- [ulwembu-platform-api] [io-8081-exec-10] o.s.w.s.m.m.a.HttpEntityMethodProcessor  : Using 'application/json', given [*/*] and supported [application/json, application/*+json]
2026-10-01T09:36:53.429+02:00 DEBUG 20356 --- [ulwembu-platform-api] [io-8081-exec-10] o.s.w.s.m.m.a.HttpEntityMethodProcessor  : Writing [{items=[], hasMore=false, totalItems=0, page=0, size=50}]
2026-10-01T09:36:53.430+02:00 DEBUG 20356 --- [ulwembu-platform-api] [io-8081-exec-10] o.s.web.servlet.DispatcherServlet        : Completed 200 OK
2026-10-01T09:36:55.861+02:00 DEBUG 20356 --- [ulwembu-platform-api] [nio-8081-exec-8] org.hibernate.SQL                        : select o1_0.id,o1_0.branding,o1_0.created_at,o1_0.display_name,o1_0.mail_settings,o1_0.profile,o1_0.schema_name,o1_0.sector,o1_0.slug,o1_0.sso_settings,o1_0.status,o1_0.tenant_code from control.organizations o1_0 where o1_0.slug=?
2026-10-01T09:36:55.869+02:00 DEBUG 20356 --- [ulwembu-platform-api] [nio-8081-exec-8] org.hibernate.SQL                        : select u1_0.id,u1_0.contact_number,u1_0.contact_verified_at,u1_0.date_of_birth,u1_0.department,u1_0.designation,u1_0.email,u1_0.email_verified_at,u1_0.emergency_contact_name,u1_0.emergency_contact_phone,u1_0.emergency_contact_relationship,u1_0.employee_number,u1_0.employment_end_date,u1_0.employment_start_date,u1_0.employment_type,u1_0.facility_id,u1_0.failed_login_count,u1_0.first_name,u1_0.gender,u1_0.hpcsa_expiry_date,u1_0.hpcsa_number,u1_0.id_number,u1_0.last_failed_login_at,u1_0.last_login_at,u1_0.last_name,u1_0.locked_at,u1_0.manager_id,u1_0.must_change_password,u1_0.password_hash,u1_0.profile_photo_url,u1_0.sanc_expiry_date,u1_0.sanc_number,u1_0.sapc_expiry_date,u1_0.sapc_number,u1_0.status,u1_0.token_version from users u1_0 where u1_0.id=?
2026-10-01T09:36:55.873+02:00 DEBUG 20356 --- [ulwembu-platform-api] [nio-8081-exec-8] o.s.web.servlet.DispatcherServlet        : GET "/api/v1/pharmacy/ledger?facilityId=b5feba2c-ac4b-412e-8a8f-9acd865d760b&productId=50871aa0-c2ff-4090-8784-94401ccb7ac6&page=0&size=50", parameters={masked}
2026-10-01T09:36:55.874+02:00 DEBUG 20356 --- [ulwembu-platform-api] [nio-8081-exec-8] s.w.s.m.m.a.RequestMappingHandlerMapping : Mapped to co.ehealth.platform.pharmacy.stock.PharmacyStockController#listLedger(UUID, UUID, int, int)
2026-10-01T09:36:55.876+02:00 DEBUG 20356 --- [ulwembu-platform-api] [nio-8081-exec-8] org.hibernate.SQL                        : SELECT DISTINCT p.code FROM permissions p
JOIN role_permissions rp ON rp.permission_id = p.id
JOIN roles r ON r.id = rp.role_id
WHERE r.name IN (?)

2026-10-01T09:36:55.881+02:00 DEBUG 20356 --- [ulwembu-platform-api] [nio-8081-exec-8] org.hibernate.SQL                        : select pse1_0.id,pse1_0.balance_after,pse1_0.balance_before,pse1_0.created_at,pse1_0.quantity_delta,pse1_0.seq,pse1_0.stock_account_id,pse1_0.transaction_id from pharmacy_stock_entries pse1_0,pharmacy_stock_accounts psa1_0,pharmacy_stock_locations psl1_0 where pse1_0.stock_account_id=psa1_0.id and psa1_0.location_id=psl1_0.id and psl1_0.facility_id=? and (? is null or psa1_0.product_id=?) order by pse1_0.seq desc fetch first ? rows only
2026-10-01T09:36:55.885+02:00 DEBUG 20356 --- [ulwembu-platform-api] [nio-8081-exec-8] o.s.w.s.m.m.a.HttpEntityMethodProcessor  : Using 'application/json', given [*/*] and supported [application/json, application/*+json]
2026-10-01T09:36:55.886+02:00 DEBUG 20356 --- [ulwembu-platform-api] [nio-8081-exec-8] o.s.w.s.m.m.a.HttpEntityMethodProcessor  : Writing [{items=[], hasMore=false, totalItems=0, page=0, size=50}]
2026-10-01T09:36:55.886+02:00 DEBUG 20356 --- [ulwembu-platform-api] [nio-8081-exec-8] o.s.web.servlet.DispatcherServlet        : Completed 200 OK
2026-10-01T09:37:01.214+02:00 DEBUG 20356 --- [ulwembu-platform-api] [nio-8081-exec-7] org.hibernate.SQL                        : select o1_0.id,o1_0.branding,o1_0.created_at,o1_0.display_name,o1_0.mail_settings,o1_0.profile,o1_0.schema_name,o1_0.sector,o1_0.slug,o1_0.sso_settings,o1_0.status,o1_0.tenant_code from control.organizations o1_0 where o1_0.slug=?
2026-10-01T09:37:01.219+02:00 DEBUG 20356 --- [ulwembu-platform-api] [nio-8081-exec-7] org.hibernate.SQL                        : select u1_0.id,u1_0.contact_number,u1_0.contact_verified_at,u1_0.date_of_birth,u1_0.department,u1_0.designation,u1_0.email,u1_0.email_verified_at,u1_0.emergency_contact_name,u1_0.emergency_contact_phone,u1_0.emergency_contact_relationship,u1_0.employee_number,u1_0.employment_end_date,u1_0.employment_start_date,u1_0.employment_type,u1_0.facility_id,u1_0.failed_login_count,u1_0.first_name,u1_0.gender,u1_0.hpcsa_expiry_date,u1_0.hpcsa_number,u1_0.id_number,u1_0.last_failed_login_at,u1_0.last_login_at,u1_0.last_name,u1_0.locked_at,u1_0.manager_id,u1_0.must_change_password,u1_0.password_hash,u1_0.profile_photo_url,u1_0.sanc_expiry_date,u1_0.sanc_number,u1_0.sapc_expiry_date,u1_0.sapc_number,u1_0.status,u1_0.token_version from users u1_0 where u1_0.id=?
2026-10-01T09:37:01.223+02:00 DEBUG 20356 --- [ulwembu-platform-api] [nio-8081-exec-7] o.s.web.servlet.DispatcherServlet        : GET "/api/v1/pharmacy/products?activeOnly=true&page=0&size=50", parameters={masked}
2026-10-01T09:37:01.225+02:00 DEBUG 20356 --- [ulwembu-platform-api] [nio-8081-exec-7] s.w.s.m.m.a.RequestMappingHandlerMapping : Mapped to co.ehealth.platform.pharmacy.stock.PharmacyProductController#search(String, boolean, int, int)
2026-10-01T09:37:01.226+02:00 DEBUG 20356 --- [ulwembu-platform-api] [nio-8081-exec-7] org.hibernate.SQL                        : SELECT DISTINCT p.code FROM permissions p
JOIN role_permissions rp ON rp.permission_id = p.id
JOIN roles r ON r.id = rp.role_id
WHERE r.name IN (?)

2026-10-01T09:37:01.230+02:00 DEBUG 20356 --- [ulwembu-platform-api] [nio-8081-exec-7] org.hibernate.SQL                        : select pp1_0.id,pp1_0.active,pp1_0.barcode,pp1_0.base_unit,pp1_0.batch_tracked,pp1_0.category,pp1_0.code,pp1_0.created_at,pp1_0.created_by,pp1_0.created_by_name,pp1_0.display_name,pp1_0.dosage_form,pp1_0.expiry_tracked,pp1_0.generic_name,pp1_0.manufacturer,pp1_0.pack_size,pp1_0.storage_instructions,pp1_0.strength,pp1_0.updated_at,pp1_0.updated_by,pp1_0.updated_by_name,pp1_0.version from pharmacy_products pp1_0 where (?=false or pp1_0.active=true) and (?='' or lower(pp1_0.display_name) like lower(('%'||?||'%')) escape '' or lower(pp1_0.code) like lower(('%'||?||'%')) escape '' or lower(coalesce(pp1_0.generic_name,'')) like lower(('%'||?||'%')) escape '' or lower(coalesce(pp1_0.barcode,'')) like lower(('%'||?||'%')) escape '') order by pp1_0.display_name,pp1_0.display_name fetch first ? rows only
2026-10-01T09:37:01.233+02:00 DEBUG 20356 --- [ulwembu-platform-api] [nio-8081-exec-7] o.s.w.s.m.m.a.HttpEntityMethodProcessor  : Using 'application/json', given [*/*] and supported [application/json, application/*+json]
2026-10-01T09:37:01.234+02:00 DEBUG 20356 --- [ulwembu-platform-api] [nio-8081-exec-7] o.s.w.s.m.m.a.HttpEntityMethodProcessor  : Writing [{items=[ProductResponse[id=50871aa0-c2ff-4090-8784-94401ccb7ac6, code=PARA, displayName=ethnol, gene (truncated)...]
2026-10-01T09:37:01.235+02:00 DEBUG 20356 --- [ulwembu-platform-api] [nio-8081-exec-7] o.s.web.servlet.DispatcherServlet        : Completed 200 OK
2026-10-01T09:37:04.560+02:00 DEBUG 20356 --- [ulwembu-platform-api] [nio-8081-exec-9] org.hibernate.SQL                        : select o1_0.id,o1_0.branding,o1_0.created_at,o1_0.display_name,o1_0.mail_settings,o1_0.profile,o1_0.schema_name,o1_0.sector,o1_0.slug,o1_0.sso_settings,o1_0.status,o1_0.tenant_code from control.organizations o1_0 where o1_0.slug=?
2026-10-01T09:37:04.566+02:00 DEBUG 20356 --- [ulwembu-platform-api] [nio-8081-exec-9] org.hibernate.SQL                        : select u1_0.id,u1_0.contact_number,u1_0.contact_verified_at,u1_0.date_of_birth,u1_0.department,u1_0.designation,u1_0.email,u1_0.email_verified_at,u1_0.emergency_contact_name,u1_0.emergency_contact_phone,u1_0.emergency_contact_relationship,u1_0.employee_number,u1_0.employment_end_date,u1_0.employment_start_date,u1_0.employment_type,u1_0.facility_id,u1_0.failed_login_count,u1_0.first_name,u1_0.gender,u1_0.hpcsa_expiry_date,u1_0.hpcsa_number,u1_0.id_number,u1_0.last_failed_login_at,u1_0.last_login_at,u1_0.last_name,u1_0.locked_at,u1_0.manager_id,u1_0.must_change_password,u1_0.password_hash,u1_0.profile_photo_url,u1_0.sanc_expiry_date,u1_0.sanc_number,u1_0.sapc_expiry_date,u1_0.sapc_number,u1_0.status,u1_0.token_version from users u1_0 where u1_0.id=?
2026-10-01T09:37:04.566+02:00 DEBUG 20356 --- [ulwembu-platform-api] [nio-8081-exec-1] org.hibernate.SQL                        : select o1_0.id,o1_0.branding,o1_0.created_at,o1_0.display_name,o1_0.mail_settings,o1_0.profile,o1_0.schema_name,o1_0.sector,o1_0.slug,o1_0.sso_settings,o1_0.status,o1_0.tenant_code from control.organizations o1_0 where o1_0.slug=?
2026-10-01T09:37:04.569+02:00 DEBUG 20356 --- [ulwembu-platform-api] [nio-8081-exec-6] org.hibernate.SQL                        : select o1_0.id,o1_0.branding,o1_0.created_at,o1_0.display_name,o1_0.mail_settings,o1_0.profile,o1_0.schema_name,o1_0.sector,o1_0.slug,o1_0.sso_settings,o1_0.status,o1_0.tenant_code from control.organizations o1_0 where o1_0.slug=?
2026-10-01T09:37:04.570+02:00 DEBUG 20356 --- [ulwembu-platform-api] [nio-8081-exec-9] o.s.web.servlet.DispatcherServlet        : GET "/api/v1/facilities", parameters={}
2026-10-01T09:37:04.570+02:00 DEBUG 20356 --- [ulwembu-platform-api] [nio-8081-exec-9] s.w.s.m.m.a.RequestMappingHandlerMapping : Mapped to co.ehealth.platform.facility.FacilityController#list()
2026-10-01T09:37:04.572+02:00 DEBUG 20356 --- [ulwembu-platform-api] [nio-8081-exec-9] org.hibernate.SQL                        : select f1_0.id,f1_0.active,f1_0.address,f1_0.code,f1_0.daily_appointment_limit,f1_0.name,f1_0.operating_hours,f1_0.phone,f1_0.timezone,f1_0.type from facilities f1_0 where f1_0.active order by f1_0.name
2026-10-01T09:37:04.573+02:00 DEBUG 20356 --- [ulwembu-platform-api] [nio-8081-exec-6] org.hibernate.SQL                        : select u1_0.id,u1_0.contact_number,u1_0.contact_verified_at,u1_0.date_of_birth,u1_0.department,u1_0.designation,u1_0.email,u1_0.email_verified_at,u1_0.emergency_contact_name,u1_0.emergency_contact_phone,u1_0.emergency_contact_relationship,u1_0.employee_number,u1_0.employment_end_date,u1_0.employment_start_date,u1_0.employment_type,u1_0.facility_id,u1_0.failed_login_count,u1_0.first_name,u1_0.gender,u1_0.hpcsa_expiry_date,u1_0.hpcsa_number,u1_0.id_number,u1_0.last_failed_login_at,u1_0.last_login_at,u1_0.last_name,u1_0.locked_at,u1_0.manager_id,u1_0.must_change_password,u1_0.password_hash,u1_0.profile_photo_url,u1_0.sanc_expiry_date,u1_0.sanc_number,u1_0.sapc_expiry_date,u1_0.sapc_number,u1_0.status,u1_0.token_version from users u1_0 where u1_0.id=?
2026-10-01T09:37:04.573+02:00 DEBUG 20356 --- [ulwembu-platform-api] [nio-8081-exec-1] org.hibernate.SQL                        : select u1_0.id,u1_0.contact_number,u1_0.contact_verified_at,u1_0.date_of_birth,u1_0.department,u1_0.designation,u1_0.email,u1_0.email_verified_at,u1_0.emergency_contact_name,u1_0.emergency_contact_phone,u1_0.emergency_contact_relationship,u1_0.employee_number,u1_0.employment_end_date,u1_0.employment_start_date,u1_0.employment_type,u1_0.facility_id,u1_0.failed_login_count,u1_0.first_name,u1_0.gender,u1_0.hpcsa_expiry_date,u1_0.hpcsa_number,u1_0.id_number,u1_0.last_failed_login_at,u1_0.last_login_at,u1_0.last_name,u1_0.locked_at,u1_0.manager_id,u1_0.must_change_password,u1_0.password_hash,u1_0.profile_photo_url,u1_0.sanc_expiry_date,u1_0.sanc_number,u1_0.sapc_expiry_date,u1_0.sapc_number,u1_0.status,u1_0.token_version from users u1_0 where u1_0.id=?
2026-10-01T09:37:04.575+02:00 DEBUG 20356 --- [ulwembu-platform-api] [nio-8081-exec-9] m.m.a.RequestResponseBodyMethodProcessor : Using 'application/json', given [*/*] and supported [application/json, application/*+json]
2026-10-01T09:37:04.575+02:00 DEBUG 20356 --- [ulwembu-platform-api] [nio-8081-exec-9] m.m.a.RequestResponseBodyMethodProcessor : Writing [{items=[{id=a7ee88e2-3a54-4d1f-8c46-59075756ae12, name=Demo Main Clinic}, {id=aa7942b0-2bd2-4e25-95c (truncated)...]
2026-10-01T09:37:04.576+02:00 DEBUG 20356 --- [ulwembu-platform-api] [nio-8081-exec-1] o.s.web.servlet.DispatcherServlet        : GET "/api/v1/pharmacy/stock/alerts?facilityId=a7ee88e2-3a54-4d1f-8c46-59075756ae12", parameters={masked}
2026-10-01T09:37:04.577+02:00 DEBUG 20356 --- [ulwembu-platform-api] [nio-8081-exec-6] o.s.web.servlet.DispatcherServlet        : GET "/api/v1/pharmacy/stock?facilityId=a7ee88e2-3a54-4d1f-8c46-59075756ae12", parameters={masked}
2026-10-01T09:37:04.577+02:00 DEBUG 20356 --- [ulwembu-platform-api] [nio-8081-exec-9] o.s.web.servlet.DispatcherServlet        : Completed 200 OK
2026-10-01T09:37:04.578+02:00 DEBUG 20356 --- [ulwembu-platform-api] [nio-8081-exec-1] s.w.s.m.m.a.RequestMappingHandlerMapping : Mapped to co.ehealth.platform.pharmacy.stock.PharmacyStockControlController#alerts(UUID)
2026-10-01T09:37:04.578+02:00 DEBUG 20356 --- [ulwembu-platform-api] [nio-8081-exec-6] s.w.s.m.m.a.RequestMappingHandlerMapping : Mapped to co.ehealth.platform.pharmacy.stock.PharmacyStockController#listStock(UUID)
2026-10-01T09:37:04.580+02:00 DEBUG 20356 --- [ulwembu-platform-api] [nio-8081-exec-1] org.hibernate.SQL                        : SELECT DISTINCT p.code FROM permissions p
JOIN role_permissions rp ON rp.permission_id = p.id
JOIN roles r ON r.id = rp.role_id
WHERE r.name IN (?)

2026-10-01T09:37:04.581+02:00 DEBUG 20356 --- [ulwembu-platform-api] [nio-8081-exec-6] org.hibernate.SQL                        : SELECT DISTINCT p.code FROM permissions p
JOIN role_permissions rp ON rp.permission_id = p.id
JOIN roles r ON r.id = rp.role_id
WHERE r.name IN (?)

2026-10-01T09:37:04.584+02:00 DEBUG 20356 --- [ulwembu-platform-api] [nio-8081-exec-6] org.hibernate.SQL                        : select psa1_0.id,psa1_0.batch_id,psa1_0.bucket,psa1_0.location_id,psa1_0.product_id,psa1_0.quantity from pharmacy_stock_accounts psa1_0,pharmacy_stock_locations psl1_0 where psa1_0.location_id=psl1_0.id and psl1_0.facility_id=? and psa1_0.quantity>0 and psa1_0.bucket='AVAILABLE'
2026-10-01T09:37:04.584+02:00 DEBUG 20356 --- [ulwembu-platform-api] [nio-8081-exec-1] org.hibernate.SQL                        : select psa1_0.id,psa1_0.batch_id,psa1_0.bucket,psa1_0.location_id,psa1_0.product_id,psa1_0.quantity from pharmacy_stock_accounts psa1_0,pharmacy_stock_locations psl1_0 where psa1_0.location_id=psl1_0.id and psl1_0.facility_id=? and psa1_0.quantity>0 and psa1_0.bucket='AVAILABLE'
2026-10-01T09:37:04.586+02:00 DEBUG 20356 --- [ulwembu-platform-api] [nio-8081-exec-1] org.hibernate.SQL                        : select pfp1_0.id,pfp1_0.active,pfp1_0.created_at,pfp1_0.facility_id,pfp1_0.product_id,pfp1_0.reorder_threshold,pfp1_0.target_quantity from pharmacy_facility_products pfp1_0 where pfp1_0.facility_id=? and pfp1_0.active
2026-10-01T09:37:04.586+02:00 DEBUG 20356 --- [ulwembu-platform-api] [nio-8081-exec-6] org.hibernate.SQL                        : select pfp1_0.id,pfp1_0.active,pfp1_0.created_at,pfp1_0.facility_id,pfp1_0.product_id,pfp1_0.reorder_threshold,pfp1_0.target_quantity from pharmacy_facility_products pfp1_0 where pfp1_0.facility_id=? and pfp1_0.active
2026-10-01T09:37:04.588+02:00 DEBUG 20356 --- [ulwembu-platform-api] [nio-8081-exec-1] org.hibernate.SQL                        : select pp1_0.id,pp1_0.active,pp1_0.barcode,pp1_0.base_unit,pp1_0.batch_tracked,pp1_0.category,pp1_0.code,pp1_0.created_at,pp1_0.created_by,pp1_0.created_by_name,pp1_0.display_name,pp1_0.dosage_form,pp1_0.expiry_tracked,pp1_0.generic_name,pp1_0.manufacturer,pp1_0.pack_size,pp1_0.storage_instructions,pp1_0.strength,pp1_0.updated_at,pp1_0.updated_by,pp1_0.updated_by_name,pp1_0.version from pharmacy_products pp1_0 where pp1_0.id=?
2026-10-01T09:37:04.588+02:00 DEBUG 20356 --- [ulwembu-platform-api] [nio-8081-exec-6] org.hibernate.SQL                        : select pp1_0.id,pp1_0.active,pp1_0.barcode,pp1_0.base_unit,pp1_0.batch_tracked,pp1_0.category,pp1_0.code,pp1_0.created_at,pp1_0.created_by,pp1_0.created_by_name,pp1_0.display_name,pp1_0.dosage_form,pp1_0.expiry_tracked,pp1_0.generic_name,pp1_0.manufacturer,pp1_0.pack_size,pp1_0.storage_instructions,pp1_0.strength,pp1_0.updated_at,pp1_0.updated_by,pp1_0.updated_by_name,pp1_0.version from pharmacy_products pp1_0 where pp1_0.id=?
2026-10-01T09:37:04.589+02:00 DEBUG 20356 --- [ulwembu-platform-api] [nio-8081-exec-1] org.hibernate.SQL                        : select pp1_0.id,pp1_0.active,pp1_0.barcode,pp1_0.base_unit,pp1_0.batch_tracked,pp1_0.category,pp1_0.code,pp1_0.created_at,pp1_0.created_by,pp1_0.created_by_name,pp1_0.display_name,pp1_0.dosage_form,pp1_0.expiry_tracked,pp1_0.generic_name,pp1_0.manufacturer,pp1_0.pack_size,pp1_0.storage_instructions,pp1_0.strength,pp1_0.updated_at,pp1_0.updated_by,pp1_0.updated_by_name,pp1_0.version from pharmacy_products pp1_0 where pp1_0.id=?
2026-10-01T09:37:04.589+02:00 DEBUG 20356 --- [ulwembu-platform-api] [nio-8081-exec-6] org.hibernate.SQL                        : select pp1_0.id,pp1_0.active,pp1_0.barcode,pp1_0.base_unit,pp1_0.batch_tracked,pp1_0.category,pp1_0.code,pp1_0.created_at,pp1_0.created_by,pp1_0.created_by_name,pp1_0.display_name,pp1_0.dosage_form,pp1_0.expiry_tracked,pp1_0.generic_name,pp1_0.manufacturer,pp1_0.pack_size,pp1_0.storage_instructions,pp1_0.strength,pp1_0.updated_at,pp1_0.updated_by,pp1_0.updated_by_name,pp1_0.version from pharmacy_products pp1_0 where pp1_0.id=?
2026-10-01T09:37:04.591+02:00 DEBUG 20356 --- [ulwembu-platform-api] [nio-8081-exec-1] m.m.a.RequestResponseBodyMethodProcessor : Using 'application/json', given [*/*] and supported [application/json, application/*+json]
2026-10-01T09:37:04.591+02:00 DEBUG 20356 --- [ulwembu-platform-api] [nio-8081-exec-6] o.s.w.s.m.m.a.HttpEntityMethodProcessor  : Using 'application/json', given [*/*] and supported [application/json, application/*+json]
2026-10-01T09:37:04.592+02:00 DEBUG 20356 --- [ulwembu-platform-api] [nio-8081-exec-1] m.m.a.RequestResponseBodyMethodProcessor : Writing [{items=[]}]
2026-10-01T09:37:04.592+02:00 DEBUG 20356 --- [ulwembu-platform-api] [nio-8081-exec-6] o.s.w.s.m.m.a.HttpEntityMethodProcessor  : Writing [{items=[StockRow[productId=50871aa0-c2ff-4090-8784-94401ccb7ac6, code=PARA, displayName=ethnol, base (truncated)...]
2026-10-01T09:37:04.593+02:00 DEBUG 20356 --- [ulwembu-platform-api] [nio-8081-exec-1] o.s.web.servlet.DispatcherServlet        : Completed 200 OK
2026-10-01T09:37:04.593+02:00 DEBUG 20356 --- [ulwembu-platform-api] [nio-8081-exec-6] o.s.web.servlet.DispatcherServlet        : Completed 200 OK
2026-10-01T09:37:06.422+02:00 DEBUG 20356 --- [ulwembu-platform-api] [nio-8081-exec-8] org.hibernate.SQL                        : select o1_0.id,o1_0.branding,o1_0.created_at,o1_0.display_name,o1_0.mail_settings,o1_0.profile,o1_0.schema_name,o1_0.sector,o1_0.slug,o1_0.sso_settings,o1_0.status,o1_0.tenant_code from control.organizations o1_0 where o1_0.slug=?
2026-10-01T09:37:06.422+02:00 DEBUG 20356 --- [ulwembu-platform-api] [nio-8081-exec-3] org.hibernate.SQL                        : select o1_0.id,o1_0.branding,o1_0.created_at,o1_0.display_name,o1_0.mail_settings,o1_0.profile,o1_0.schema_name,o1_0.sector,o1_0.slug,o1_0.sso_settings,o1_0.status,o1_0.tenant_code from control.organizations o1_0 where o1_0.slug=?
2026-10-01T09:37:06.428+02:00 DEBUG 20356 --- [ulwembu-platform-api] [nio-8081-exec-3] org.hibernate.SQL                        : select u1_0.id,u1_0.contact_number,u1_0.contact_verified_at,u1_0.date_of_birth,u1_0.department,u1_0.designation,u1_0.email,u1_0.email_verified_at,u1_0.emergency_contact_name,u1_0.emergency_contact_phone,u1_0.emergency_contact_relationship,u1_0.employee_number,u1_0.employment_end_date,u1_0.employment_start_date,u1_0.employment_type,u1_0.facility_id,u1_0.failed_login_count,u1_0.first_name,u1_0.gender,u1_0.hpcsa_expiry_date,u1_0.hpcsa_number,u1_0.id_number,u1_0.last_failed_login_at,u1_0.last_login_at,u1_0.last_name,u1_0.locked_at,u1_0.manager_id,u1_0.must_change_password,u1_0.password_hash,u1_0.profile_photo_url,u1_0.sanc_expiry_date,u1_0.sanc_number,u1_0.sapc_expiry_date,u1_0.sapc_number,u1_0.status,u1_0.token_version from users u1_0 where u1_0.id=?
2026-10-01T09:37:06.428+02:00 DEBUG 20356 --- [ulwembu-platform-api] [nio-8081-exec-8] org.hibernate.SQL                        : select u1_0.id,u1_0.contact_number,u1_0.contact_verified_at,u1_0.date_of_birth,u1_0.department,u1_0.designation,u1_0.email,u1_0.email_verified_at,u1_0.emergency_contact_name,u1_0.emergency_contact_phone,u1_0.emergency_contact_relationship,u1_0.employee_number,u1_0.employment_end_date,u1_0.employment_start_date,u1_0.employment_type,u1_0.facility_id,u1_0.failed_login_count,u1_0.first_name,u1_0.gender,u1_0.hpcsa_expiry_date,u1_0.hpcsa_number,u1_0.id_number,u1_0.last_failed_login_at,u1_0.last_login_at,u1_0.last_name,u1_0.locked_at,u1_0.manager_id,u1_0.must_change_password,u1_0.password_hash,u1_0.profile_photo_url,u1_0.sanc_expiry_date,u1_0.sanc_number,u1_0.sapc_expiry_date,u1_0.sapc_number,u1_0.status,u1_0.token_version from users u1_0 where u1_0.id=?
2026-10-01T09:37:06.431+02:00 DEBUG 20356 --- [ulwembu-platform-api] [nio-8081-exec-3] o.s.web.servlet.DispatcherServlet        : GET "/api/v1/pharmacy/products/50871aa0-c2ff-4090-8784-94401ccb7ac6", parameters={}
2026-10-01T09:37:06.432+02:00 DEBUG 20356 --- [ulwembu-platform-api] [nio-8081-exec-8] o.s.web.servlet.DispatcherServlet        : GET "/api/v1/pharmacy/products/50871aa0-c2ff-4090-8784-94401ccb7ac6/batches", parameters={}
2026-10-01T09:37:06.432+02:00 DEBUG 20356 --- [ulwembu-platform-api] [nio-8081-exec-3] s.w.s.m.m.a.RequestMappingHandlerMapping : Mapped to co.ehealth.platform.pharmacy.stock.PharmacyProductController#get(UUID)
2026-10-01T09:37:06.432+02:00 DEBUG 20356 --- [ulwembu-platform-api] [nio-8081-exec-8] s.w.s.m.m.a.RequestMappingHandlerMapping : Mapped to co.ehealth.platform.pharmacy.stock.PharmacyStockController#listBatches(UUID)
2026-10-01T09:37:06.434+02:00 DEBUG 20356 --- [ulwembu-platform-api] [nio-8081-exec-3] org.hibernate.SQL                        : SELECT DISTINCT p.code FROM permissions p
JOIN role_permissions rp ON rp.permission_id = p.id
JOIN roles r ON r.id = rp.role_id
WHERE r.name IN (?)

2026-10-01T09:37:06.434+02:00 DEBUG 20356 --- [ulwembu-platform-api] [nio-8081-exec-8] org.hibernate.SQL                        : SELECT DISTINCT p.code FROM permissions p
JOIN role_permissions rp ON rp.permission_id = p.id
JOIN roles r ON r.id = rp.role_id
WHERE r.name IN (?)

2026-10-01T09:37:06.436+02:00 DEBUG 20356 --- [ulwembu-platform-api] [nio-8081-exec-3] org.hibernate.SQL                        : select pp1_0.id,pp1_0.active,pp1_0.barcode,pp1_0.base_unit,pp1_0.batch_tracked,pp1_0.category,pp1_0.code,pp1_0.created_at,pp1_0.created_by,pp1_0.created_by_name,pp1_0.display_name,pp1_0.dosage_form,pp1_0.expiry_tracked,pp1_0.generic_name,pp1_0.manufacturer,pp1_0.pack_size,pp1_0.storage_instructions,pp1_0.strength,pp1_0.updated_at,pp1_0.updated_by,pp1_0.updated_by_name,pp1_0.version from pharmacy_products pp1_0 where pp1_0.id=?
2026-10-01T09:37:06.437+02:00 DEBUG 20356 --- [ulwembu-platform-api] [nio-8081-exec-8] org.hibernate.SQL                        : select psa1_0.id,psa1_0.batch_id,psa1_0.bucket,psa1_0.location_id,psa1_0.product_id,psa1_0.quantity from pharmacy_stock_accounts psa1_0 where psa1_0.product_id=?
2026-10-01T09:37:06.438+02:00 DEBUG 20356 --- [ulwembu-platform-api] [nio-8081-exec-3] o.s.w.s.m.m.a.HttpEntityMethodProcessor  : Using 'application/json', given [*/*] and supported [application/json, application/*+json]
2026-10-01T09:37:06.438+02:00 DEBUG 20356 --- [ulwembu-platform-api] [nio-8081-exec-3] o.s.w.s.m.m.a.HttpEntityMethodProcessor  : Writing [ProductResponse[id=50871aa0-c2ff-4090-8784-94401ccb7ac6, code=PARA, displayName=ethnol, genericName= (truncated)...]
2026-10-01T09:37:06.440+02:00 DEBUG 20356 --- [ulwembu-platform-api] [nio-8081-exec-3] o.s.web.servlet.DispatcherServlet        : Completed 200 OK
2026-10-01T09:37:06.442+02:00 DEBUG 20356 --- [ulwembu-platform-api] [nio-8081-exec-8] org.hibernate.SQL                        : select pb1_0.id,pb1_0.created_at,pb1_0.created_by,pb1_0.created_by_name,pb1_0.expiry_date,pb1_0.expiry_precision,pb1_0.lot_number,pb1_0.manufacturer,pb1_0.printed_expiry,pb1_0.product_id from pharmacy_batches pb1_0 where pb1_0.product_id=? order by pb1_0.expiry_date
2026-10-01T09:37:06.445+02:00 DEBUG 20356 --- [ulwembu-platform-api] [nio-8081-exec-8] o.s.w.s.m.m.a.HttpEntityMethodProcessor  : Using 'application/json', given [*/*] and supported [application/json, application/*+json]
2026-10-01T09:37:06.446+02:00 DEBUG 20356 --- [ulwembu-platform-api] [nio-8081-exec-8] o.s.w.s.m.m.a.HttpEntityMethodProcessor  : Writing [{items=[]}]
2026-10-01T09:37:06.447+02:00 DEBUG 20356 --- [ulwembu-platform-api] [nio-8081-exec-8] o.s.web.servlet.DispatcherServlet        : Completed 200 OK
2026-10-01T09:37:15.623+02:00 DEBUG 20356 --- [ulwembu-platform-api] [nio-8081-exec-7] org.hibernate.SQL                        : select o1_0.id,o1_0.branding,o1_0.created_at,o1_0.display_name,o1_0.mail_settings,o1_0.profile,o1_0.schema_name,o1_0.sector,o1_0.slug,o1_0.sso_settings,o1_0.status,o1_0.tenant_code from control.organizations o1_0 where o1_0.slug=?
2026-10-01T09:37:15.635+02:00 DEBUG 20356 --- [ulwembu-platform-api] [nio-8081-exec-7] org.hibernate.SQL                        : select u1_0.id,u1_0.contact_number,u1_0.contact_verified_at,u1_0.date_of_birth,u1_0.department,u1_0.designation,u1_0.email,u1_0.email_verified_at,u1_0.emergency_contact_name,u1_0.emergency_contact_phone,u1_0.emergency_contact_relationship,u1_0.employee_number,u1_0.employment_end_date,u1_0.employment_start_date,u1_0.employment_type,u1_0.facility_id,u1_0.failed_login_count,u1_0.first_name,u1_0.gender,u1_0.hpcsa_expiry_date,u1_0.hpcsa_number,u1_0.id_number,u1_0.last_failed_login_at,u1_0.last_login_at,u1_0.last_name,u1_0.locked_at,u1_0.manager_id,u1_0.must_change_password,u1_0.password_hash,u1_0.profile_photo_url,u1_0.sanc_expiry_date,u1_0.sanc_number,u1_0.sapc_expiry_date,u1_0.sapc_number,u1_0.status,u1_0.token_version from users u1_0 where u1_0.id=?
2026-10-01T09:37:15.639+02:00 DEBUG 20356 --- [ulwembu-platform-api] [nio-8081-exec-7] o.s.web.servlet.DispatcherServlet        : GET "/api/v1/facilities", parameters={}
2026-10-01T09:37:15.641+02:00 DEBUG 20356 --- [ulwembu-platform-api] [nio-8081-exec-7] s.w.s.m.m.a.RequestMappingHandlerMapping : Mapped to co.ehealth.platform.facility.FacilityController#list()
2026-10-01T09:37:15.641+02:00 DEBUG 20356 --- [ulwembu-platform-api] [nio-8081-exec-9] org.hibernate.SQL                        : select o1_0.id,o1_0.branding,o1_0.created_at,o1_0.display_name,o1_0.mail_settings,o1_0.profile,o1_0.schema_name,o1_0.sector,o1_0.slug,o1_0.sso_settings,o1_0.status,o1_0.tenant_code from control.organizations o1_0 where o1_0.slug=?
2026-10-01T09:37:15.642+02:00 DEBUG 20356 --- [ulwembu-platform-api] [nio-8081-exec-1] org.hibernate.SQL                        : select o1_0.id,o1_0.branding,o1_0.created_at,o1_0.display_name,o1_0.mail_settings,o1_0.profile,o1_0.schema_name,o1_0.sector,o1_0.slug,o1_0.sso_settings,o1_0.status,o1_0.tenant_code from control.organizations o1_0 where o1_0.slug=?
2026-10-01T09:37:15.643+02:00 DEBUG 20356 --- [ulwembu-platform-api] [nio-8081-exec-7] org.hibernate.SQL                        : select f1_0.id,f1_0.active,f1_0.address,f1_0.code,f1_0.daily_appointment_limit,f1_0.name,f1_0.operating_hours,f1_0.phone,f1_0.timezone,f1_0.type from facilities f1_0 where f1_0.active order by f1_0.name
2026-10-01T09:37:15.649+02:00 DEBUG 20356 --- [ulwembu-platform-api] [nio-8081-exec-7] m.m.a.RequestResponseBodyMethodProcessor : Using 'application/json', given [*/*] and supported [application/json, application/*+json]
2026-10-01T09:37:15.650+02:00 DEBUG 20356 --- [ulwembu-platform-api] [nio-8081-exec-7] m.m.a.RequestResponseBodyMethodProcessor : Writing [{items=[{id=a7ee88e2-3a54-4d1f-8c46-59075756ae12, name=Demo Main Clinic}, {id=aa7942b0-2bd2-4e25-95c (truncated)...]
2026-10-01T09:37:15.650+02:00 DEBUG 20356 --- [ulwembu-platform-api] [nio-8081-exec-9] org.hibernate.SQL                        : select u1_0.id,u1_0.contact_number,u1_0.contact_verified_at,u1_0.date_of_birth,u1_0.department,u1_0.designation,u1_0.email,u1_0.email_verified_at,u1_0.emergency_contact_name,u1_0.emergency_contact_phone,u1_0.emergency_contact_relationship,u1_0.employee_number,u1_0.employment_end_date,u1_0.employment_start_date,u1_0.employment_type,u1_0.facility_id,u1_0.failed_login_count,u1_0.first_name,u1_0.gender,u1_0.hpcsa_expiry_date,u1_0.hpcsa_number,u1_0.id_number,u1_0.last_failed_login_at,u1_0.last_login_at,u1_0.last_name,u1_0.locked_at,u1_0.manager_id,u1_0.must_change_password,u1_0.password_hash,u1_0.profile_photo_url,u1_0.sanc_expiry_date,u1_0.sanc_number,u1_0.sapc_expiry_date,u1_0.sapc_number,u1_0.status,u1_0.token_version from users u1_0 where u1_0.id=?
2026-10-01T09:37:15.650+02:00 DEBUG 20356 --- [ulwembu-platform-api] [nio-8081-exec-1] org.hibernate.SQL                        : select u1_0.id,u1_0.contact_number,u1_0.contact_verified_at,u1_0.date_of_birth,u1_0.department,u1_0.designation,u1_0.email,u1_0.email_verified_at,u1_0.emergency_contact_name,u1_0.emergency_contact_phone,u1_0.emergency_contact_relationship,u1_0.employee_number,u1_0.employment_end_date,u1_0.employment_start_date,u1_0.employment_type,u1_0.facility_id,u1_0.failed_login_count,u1_0.first_name,u1_0.gender,u1_0.hpcsa_expiry_date,u1_0.hpcsa_number,u1_0.id_number,u1_0.last_failed_login_at,u1_0.last_login_at,u1_0.last_name,u1_0.locked_at,u1_0.manager_id,u1_0.must_change_password,u1_0.password_hash,u1_0.profile_photo_url,u1_0.sanc_expiry_date,u1_0.sanc_number,u1_0.sapc_expiry_date,u1_0.sapc_number,u1_0.status,u1_0.token_version from users u1_0 where u1_0.id=?
2026-10-01T09:37:15.651+02:00 DEBUG 20356 --- [ulwembu-platform-api] [nio-8081-exec-7] o.s.web.servlet.DispatcherServlet        : Completed 200 OK
2026-10-01T09:37:15.654+02:00 DEBUG 20356 --- [ulwembu-platform-api] [nio-8081-exec-9] o.s.web.servlet.DispatcherServlet        : GET "/api/v1/pharmacy/stock/alerts?facilityId=a7ee88e2-3a54-4d1f-8c46-59075756ae12", parameters={masked}
2026-10-01T09:37:15.655+02:00 DEBUG 20356 --- [ulwembu-platform-api] [nio-8081-exec-9] s.w.s.m.m.a.RequestMappingHandlerMapping : Mapped to co.ehealth.platform.pharmacy.stock.PharmacyStockControlController#alerts(UUID)
2026-10-01T09:37:15.655+02:00 DEBUG 20356 --- [ulwembu-platform-api] [nio-8081-exec-1] o.s.web.servlet.DispatcherServlet        : GET "/api/v1/pharmacy/stock?facilityId=a7ee88e2-3a54-4d1f-8c46-59075756ae12", parameters={masked}
2026-10-01T09:37:15.656+02:00 DEBUG 20356 --- [ulwembu-platform-api] [nio-8081-exec-1] s.w.s.m.m.a.RequestMappingHandlerMapping : Mapped to co.ehealth.platform.pharmacy.stock.PharmacyStockController#listStock(UUID)
2026-10-01T09:37:15.657+02:00 DEBUG 20356 --- [ulwembu-platform-api] [nio-8081-exec-1] org.hibernate.SQL                        : SELECT DISTINCT p.code FROM permissions p
JOIN role_permissions rp ON rp.permission_id = p.id
JOIN roles r ON r.id = rp.role_id
WHERE r.name IN (?)

2026-10-01T09:37:15.657+02:00 DEBUG 20356 --- [ulwembu-platform-api] [nio-8081-exec-9] org.hibernate.SQL                        : SELECT DISTINCT p.code FROM permissions p
JOIN role_permissions rp ON rp.permission_id = p.id
JOIN roles r ON r.id = rp.role_id
WHERE r.name IN (?)

2026-10-01T09:37:15.662+02:00 DEBUG 20356 --- [ulwembu-platform-api] [nio-8081-exec-9] org.hibernate.SQL                        : select psa1_0.id,psa1_0.batch_id,psa1_0.bucket,psa1_0.location_id,psa1_0.product_id,psa1_0.quantity from pharmacy_stock_accounts psa1_0,pharmacy_stock_locations psl1_0 where psa1_0.location_id=psl1_0.id and psl1_0.facility_id=? and psa1_0.quantity>0 and psa1_0.bucket='AVAILABLE'
2026-10-01T09:37:15.662+02:00 DEBUG 20356 --- [ulwembu-platform-api] [nio-8081-exec-1] org.hibernate.SQL                        : select psa1_0.id,psa1_0.batch_id,psa1_0.bucket,psa1_0.location_id,psa1_0.product_id,psa1_0.quantity from pharmacy_stock_accounts psa1_0,pharmacy_stock_locations psl1_0 where psa1_0.location_id=psl1_0.id and psl1_0.facility_id=? and psa1_0.quantity>0 and psa1_0.bucket='AVAILABLE'
2026-10-01T09:37:15.665+02:00 DEBUG 20356 --- [ulwembu-platform-api] [nio-8081-exec-1] org.hibernate.SQL                        : select pfp1_0.id,pfp1_0.active,pfp1_0.created_at,pfp1_0.facility_id,pfp1_0.product_id,pfp1_0.reorder_threshold,pfp1_0.target_quantity from pharmacy_facility_products pfp1_0 where pfp1_0.facility_id=? and pfp1_0.active
2026-10-01T09:37:15.665+02:00 DEBUG 20356 --- [ulwembu-platform-api] [nio-8081-exec-9] org.hibernate.SQL                        : select pfp1_0.id,pfp1_0.active,pfp1_0.created_at,pfp1_0.facility_id,pfp1_0.product_id,pfp1_0.reorder_threshold,pfp1_0.target_quantity from pharmacy_facility_products pfp1_0 where pfp1_0.facility_id=? and pfp1_0.active
2026-10-01T09:37:15.668+02:00 DEBUG 20356 --- [ulwembu-platform-api] [nio-8081-exec-1] org.hibernate.SQL                        : select pp1_0.id,pp1_0.active,pp1_0.barcode,pp1_0.base_unit,pp1_0.batch_tracked,pp1_0.category,pp1_0.code,pp1_0.created_at,pp1_0.created_by,pp1_0.created_by_name,pp1_0.display_name,pp1_0.dosage_form,pp1_0.expiry_tracked,pp1_0.generic_name,pp1_0.manufacturer,pp1_0.pack_size,pp1_0.storage_instructions,pp1_0.strength,pp1_0.updated_at,pp1_0.updated_by,pp1_0.updated_by_name,pp1_0.version from pharmacy_products pp1_0 where pp1_0.id=?
2026-10-01T09:37:15.668+02:00 DEBUG 20356 --- [ulwembu-platform-api] [nio-8081-exec-9] org.hibernate.SQL                        : select pp1_0.id,pp1_0.active,pp1_0.barcode,pp1_0.base_unit,pp1_0.batch_tracked,pp1_0.category,pp1_0.code,pp1_0.created_at,pp1_0.created_by,pp1_0.created_by_name,pp1_0.display_name,pp1_0.dosage_form,pp1_0.expiry_tracked,pp1_0.generic_name,pp1_0.manufacturer,pp1_0.pack_size,pp1_0.storage_instructions,pp1_0.strength,pp1_0.updated_at,pp1_0.updated_by,pp1_0.updated_by_name,pp1_0.version from pharmacy_products pp1_0 where pp1_0.id=?
2026-10-01T09:37:15.669+02:00 DEBUG 20356 --- [ulwembu-platform-api] [nio-8081-exec-1] org.hibernate.SQL                        : select pp1_0.id,pp1_0.active,pp1_0.barcode,pp1_0.base_unit,pp1_0.batch_tracked,pp1_0.category,pp1_0.code,pp1_0.created_at,pp1_0.created_by,pp1_0.created_by_name,pp1_0.display_name,pp1_0.dosage_form,pp1_0.expiry_tracked,pp1_0.generic_name,pp1_0.manufacturer,pp1_0.pack_size,pp1_0.storage_instructions,pp1_0.strength,pp1_0.updated_at,pp1_0.updated_by,pp1_0.updated_by_name,pp1_0.version from pharmacy_products pp1_0 where pp1_0.id=?
2026-10-01T09:37:15.669+02:00 DEBUG 20356 --- [ulwembu-platform-api] [nio-8081-exec-9] org.hibernate.SQL                        : select pp1_0.id,pp1_0.active,pp1_0.barcode,pp1_0.base_unit,pp1_0.batch_tracked,pp1_0.category,pp1_0.code,pp1_0.created_at,pp1_0.created_by,pp1_0.created_by_name,pp1_0.display_name,pp1_0.dosage_form,pp1_0.expiry_tracked,pp1_0.generic_name,pp1_0.manufacturer,pp1_0.pack_size,pp1_0.storage_instructions,pp1_0.strength,pp1_0.updated_at,pp1_0.updated_by,pp1_0.updated_by_name,pp1_0.version from pharmacy_products pp1_0 where pp1_0.id=?
2026-10-01T09:37:15.671+02:00 DEBUG 20356 --- [ulwembu-platform-api] [nio-8081-exec-9] m.m.a.RequestResponseBodyMethodProcessor : Using 'application/json', given [*/*] and supported [application/json, application/*+json]
2026-10-01T09:37:15.671+02:00 DEBUG 20356 --- [ulwembu-platform-api] [nio-8081-exec-1] o.s.w.s.m.m.a.HttpEntityMethodProcessor  : Using 'application/json', given [*/*] and supported [application/json, application/*+json]
2026-10-01T09:37:15.671+02:00 DEBUG 20356 --- [ulwembu-platform-api] [nio-8081-exec-9] m.m.a.RequestResponseBodyMethodProcessor : Writing [{items=[]}]
2026-10-01T09:37:15.671+02:00 DEBUG 20356 --- [ulwembu-platform-api] [nio-8081-exec-1] o.s.w.s.m.m.a.HttpEntityMethodProcessor  : Writing [{items=[StockRow[productId=50871aa0-c2ff-4090-8784-94401ccb7ac6, code=PARA, displayName=ethnol, base (truncated)...]
2026-10-01T09:37:15.673+02:00 DEBUG 20356 --- [ulwembu-platform-api] [nio-8081-exec-9] o.s.web.servlet.DispatcherServlet        : Completed 200 OK
2026-10-01T09:37:15.673+02:00 DEBUG 20356 --- [ulwembu-platform-api] [nio-8081-exec-1] o.s.web.servlet.DispatcherServlet        : Completed 200 OK
2026-10-01T09:37:20.692+02:00 DEBUG 20356 --- [ulwembu-platform-api] [nio-8081-exec-3] org.hibernate.SQL                        : select o1_0.id,o1_0.branding,o1_0.created_at,o1_0.display_name,o1_0.mail_settings,o1_0.profile,o1_0.schema_name,o1_0.sector,o1_0.slug,o1_0.sso_settings,o1_0.status,o1_0.tenant_code from control.organizations o1_0 where o1_0.slug=?
2026-10-01T09:37:20.692+02:00 DEBUG 20356 --- [ulwembu-platform-api] [io-8081-exec-10] org.hibernate.SQL                        : select o1_0.id,o1_0.branding,o1_0.created_at,o1_0.display_name,o1_0.mail_settings,o1_0.profile,o1_0.schema_name,o1_0.sector,o1_0.slug,o1_0.sso_settings,o1_0.status,o1_0.tenant_code from control.organizations o1_0 where o1_0.slug=?
2026-10-01T09:37:20.697+02:00 DEBUG 20356 --- [ulwembu-platform-api] [io-8081-exec-10] org.hibernate.SQL                        : select u1_0.id,u1_0.contact_number,u1_0.contact_verified_at,u1_0.date_of_birth,u1_0.department,u1_0.designation,u1_0.email,u1_0.email_verified_at,u1_0.emergency_contact_name,u1_0.emergency_contact_phone,u1_0.emergency_contact_relationship,u1_0.employee_number,u1_0.employment_end_date,u1_0.employment_start_date,u1_0.employment_type,u1_0.facility_id,u1_0.failed_login_count,u1_0.first_name,u1_0.gender,u1_0.hpcsa_expiry_date,u1_0.hpcsa_number,u1_0.id_number,u1_0.last_failed_login_at,u1_0.last_login_at,u1_0.last_name,u1_0.locked_at,u1_0.manager_id,u1_0.must_change_password,u1_0.password_hash,u1_0.profile_photo_url,u1_0.sanc_expiry_date,u1_0.sanc_number,u1_0.sapc_expiry_date,u1_0.sapc_number,u1_0.status,u1_0.token_version from users u1_0 where u1_0.id=?
2026-10-01T09:37:20.697+02:00 DEBUG 20356 --- [ulwembu-platform-api] [nio-8081-exec-3] org.hibernate.SQL                        : select u1_0.id,u1_0.contact_number,u1_0.contact_verified_at,u1_0.date_of_birth,u1_0.department,u1_0.designation,u1_0.email,u1_0.email_verified_at,u1_0.emergency_contact_name,u1_0.emergency_contact_phone,u1_0.emergency_contact_relationship,u1_0.employee_number,u1_0.employment_end_date,u1_0.employment_start_date,u1_0.employment_type,u1_0.facility_id,u1_0.failed_login_count,u1_0.first_name,u1_0.gender,u1_0.hpcsa_expiry_date,u1_0.hpcsa_number,u1_0.id_number,u1_0.last_failed_login_at,u1_0.last_login_at,u1_0.last_name,u1_0.locked_at,u1_0.manager_id,u1_0.must_change_password,u1_0.password_hash,u1_0.profile_photo_url,u1_0.sanc_expiry_date,u1_0.sanc_number,u1_0.sapc_expiry_date,u1_0.sapc_number,u1_0.status,u1_0.token_version from users u1_0 where u1_0.id=?
2026-10-01T09:37:20.699+02:00 DEBUG 20356 --- [ulwembu-platform-api] [io-8081-exec-10] o.s.web.servlet.DispatcherServlet        : GET "/api/v1/pharmacy/stock?facilityId=a7ee88e2-3a54-4d1f-8c46-59075756ae12", parameters={masked}
2026-10-01T09:37:20.699+02:00 DEBUG 20356 --- [ulwembu-platform-api] [nio-8081-exec-3] o.s.web.servlet.DispatcherServlet        : GET "/api/v1/pharmacy/stock/alerts?facilityId=a7ee88e2-3a54-4d1f-8c46-59075756ae12", parameters={masked}
2026-10-01T09:37:20.702+02:00 DEBUG 20356 --- [ulwembu-platform-api] [io-8081-exec-10] s.w.s.m.m.a.RequestMappingHandlerMapping : Mapped to co.ehealth.platform.pharmacy.stock.PharmacyStockController#listStock(UUID)
2026-10-01T09:37:20.702+02:00 DEBUG 20356 --- [ulwembu-platform-api] [nio-8081-exec-3] s.w.s.m.m.a.RequestMappingHandlerMapping : Mapped to co.ehealth.platform.pharmacy.stock.PharmacyStockControlController#alerts(UUID)
2026-10-01T09:37:20.703+02:00 DEBUG 20356 --- [ulwembu-platform-api] [io-8081-exec-10] org.hibernate.SQL                        : SELECT DISTINCT p.code FROM permissions p
JOIN role_permissions rp ON rp.permission_id = p.id
JOIN roles r ON r.id = rp.role_id
WHERE r.name IN (?)

2026-10-01T09:37:20.703+02:00 DEBUG 20356 --- [ulwembu-platform-api] [nio-8081-exec-3] org.hibernate.SQL                        : SELECT DISTINCT p.code FROM permissions p
JOIN role_permissions rp ON rp.permission_id = p.id
JOIN roles r ON r.id = rp.role_id
WHERE r.name IN (?)

2026-10-01T09:37:20.707+02:00 DEBUG 20356 --- [ulwembu-platform-api] [nio-8081-exec-3] org.hibernate.SQL                        : select psa1_0.id,psa1_0.batch_id,psa1_0.bucket,psa1_0.location_id,psa1_0.product_id,psa1_0.quantity from pharmacy_stock_accounts psa1_0,pharmacy_stock_locations psl1_0 where psa1_0.location_id=psl1_0.id and psl1_0.facility_id=? and psa1_0.quantity>0 and psa1_0.bucket='AVAILABLE'
2026-10-01T09:37:20.707+02:00 DEBUG 20356 --- [ulwembu-platform-api] [io-8081-exec-10] org.hibernate.SQL                        : select psa1_0.id,psa1_0.batch_id,psa1_0.bucket,psa1_0.location_id,psa1_0.product_id,psa1_0.quantity from pharmacy_stock_accounts psa1_0,pharmacy_stock_locations psl1_0 where psa1_0.location_id=psl1_0.id and psl1_0.facility_id=? and psa1_0.quantity>0 and psa1_0.bucket='AVAILABLE'
2026-10-01T09:37:20.709+02:00 DEBUG 20356 --- [ulwembu-platform-api] [io-8081-exec-10] org.hibernate.SQL                        : select pfp1_0.id,pfp1_0.active,pfp1_0.created_at,pfp1_0.facility_id,pfp1_0.product_id,pfp1_0.reorder_threshold,pfp1_0.target_quantity from pharmacy_facility_products pfp1_0 where pfp1_0.facility_id=? and pfp1_0.active
2026-10-01T09:37:20.709+02:00 DEBUG 20356 --- [ulwembu-platform-api] [nio-8081-exec-3] org.hibernate.SQL                        : select pfp1_0.id,pfp1_0.active,pfp1_0.created_at,pfp1_0.facility_id,pfp1_0.product_id,pfp1_0.reorder_threshold,pfp1_0.target_quantity from pharmacy_facility_products pfp1_0 where pfp1_0.facility_id=? and pfp1_0.active
2026-10-01T09:37:20.711+02:00 DEBUG 20356 --- [ulwembu-platform-api] [io-8081-exec-10] org.hibernate.SQL                        : select pp1_0.id,pp1_0.active,pp1_0.barcode,pp1_0.base_unit,pp1_0.batch_tracked,pp1_0.category,pp1_0.code,pp1_0.created_at,pp1_0.created_by,pp1_0.created_by_name,pp1_0.display_name,pp1_0.dosage_form,pp1_0.expiry_tracked,pp1_0.generic_name,pp1_0.manufacturer,pp1_0.pack_size,pp1_0.storage_instructions,pp1_0.strength,pp1_0.updated_at,pp1_0.updated_by,pp1_0.updated_by_name,pp1_0.version from pharmacy_products pp1_0 where pp1_0.id=?
2026-10-01T09:37:20.711+02:00 DEBUG 20356 --- [ulwembu-platform-api] [nio-8081-exec-3] org.hibernate.SQL                        : select pp1_0.id,pp1_0.active,pp1_0.barcode,pp1_0.base_unit,pp1_0.batch_tracked,pp1_0.category,pp1_0.code,pp1_0.created_at,pp1_0.created_by,pp1_0.created_by_name,pp1_0.display_name,pp1_0.dosage_form,pp1_0.expiry_tracked,pp1_0.generic_name,pp1_0.manufacturer,pp1_0.pack_size,pp1_0.storage_instructions,pp1_0.strength,pp1_0.updated_at,pp1_0.updated_by,pp1_0.updated_by_name,pp1_0.version from pharmacy_products pp1_0 where pp1_0.id=?
2026-10-01T09:37:20.712+02:00 DEBUG 20356 --- [ulwembu-platform-api] [io-8081-exec-10] org.hibernate.SQL                        : select pp1_0.id,pp1_0.active,pp1_0.barcode,pp1_0.base_unit,pp1_0.batch_tracked,pp1_0.category,pp1_0.code,pp1_0.created_at,pp1_0.created_by,pp1_0.created_by_name,pp1_0.display_name,pp1_0.dosage_form,pp1_0.expiry_tracked,pp1_0.generic_name,pp1_0.manufacturer,pp1_0.pack_size,pp1_0.storage_instructions,pp1_0.strength,pp1_0.updated_at,pp1_0.updated_by,pp1_0.updated_by_name,pp1_0.version from pharmacy_products pp1_0 where pp1_0.id=?
2026-10-01T09:37:20.712+02:00 DEBUG 20356 --- [ulwembu-platform-api] [nio-8081-exec-3] org.hibernate.SQL                        : select pp1_0.id,pp1_0.active,pp1_0.barcode,pp1_0.base_unit,pp1_0.batch_tracked,pp1_0.category,pp1_0.code,pp1_0.created_at,pp1_0.created_by,pp1_0.created_by_name,pp1_0.display_name,pp1_0.dosage_form,pp1_0.expiry_tracked,pp1_0.generic_name,pp1_0.manufacturer,pp1_0.pack_size,pp1_0.storage_instructions,pp1_0.strength,pp1_0.updated_at,pp1_0.updated_by,pp1_0.updated_by_name,pp1_0.version from pharmacy_products pp1_0 where pp1_0.id=?
2026-10-01T09:37:20.715+02:00 DEBUG 20356 --- [ulwembu-platform-api] [io-8081-exec-10] o.s.w.s.m.m.a.HttpEntityMethodProcessor  : Using 'application/json', given [*/*] and supported [application/json, application/*+json]
2026-10-01T09:37:20.715+02:00 DEBUG 20356 --- [ulwembu-platform-api] [nio-8081-exec-3] m.m.a.RequestResponseBodyMethodProcessor : Using 'application/json', given [*/*] and supported [application/json, application/*+json]
2026-10-01T09:37:20.716+02:00 DEBUG 20356 --- [ulwembu-platform-api] [nio-8081-exec-3] m.m.a.RequestResponseBodyMethodProcessor : Writing [{items=[]}]
2026-10-01T09:37:20.715+02:00 DEBUG 20356 --- [ulwembu-platform-api] [io-8081-exec-10] o.s.w.s.m.m.a.HttpEntityMethodProcessor  : Writing [{items=[StockRow[productId=50871aa0-c2ff-4090-8784-94401ccb7ac6, code=PARA, displayName=ethnol, base (truncated)...]
2026-10-01T09:37:20.718+02:00 DEBUG 20356 --- [ulwembu-platform-api] [io-8081-exec-10] o.s.web.servlet.DispatcherServlet        : Completed 200 OK
2026-10-01T09:37:20.717+02:00 DEBUG 20356 --- [ulwembu-platform-api] [nio-8081-exec-3] o.s.web.servlet.DispatcherServlet        : Completed 200 OK
2026-10-01T09:37:24.606+02:00 DEBUG 20356 --- [ulwembu-platform-api] [nio-8081-exec-4] org.hibernate.SQL                        : select o1_0.id,o1_0.branding,o1_0.created_at,o1_0.display_name,o1_0.mail_settings,o1_0.profile,o1_0.schema_name,o1_0.sector,o1_0.slug,o1_0.sso_settings,o1_0.status,o1_0.tenant_code from control.organizations o1_0 where o1_0.slug=?
2026-10-01T09:37:24.614+02:00 DEBUG 20356 --- [ulwembu-platform-api] [nio-8081-exec-4] org.hibernate.SQL                        : select u1_0.id,u1_0.contact_number,u1_0.contact_verified_at,u1_0.date_of_birth,u1_0.department,u1_0.designation,u1_0.email,u1_0.email_verified_at,u1_0.emergency_contact_name,u1_0.emergency_contact_phone,u1_0.emergency_contact_relationship,u1_0.employee_number,u1_0.employment_end_date,u1_0.employment_start_date,u1_0.employment_type,u1_0.facility_id,u1_0.failed_login_count,u1_0.first_name,u1_0.gender,u1_0.hpcsa_expiry_date,u1_0.hpcsa_number,u1_0.id_number,u1_0.last_failed_login_at,u1_0.last_login_at,u1_0.last_name,u1_0.locked_at,u1_0.manager_id,u1_0.must_change_password,u1_0.password_hash,u1_0.profile_photo_url,u1_0.sanc_expiry_date,u1_0.sanc_number,u1_0.sapc_expiry_date,u1_0.sapc_number,u1_0.status,u1_0.token_version from users u1_0 where u1_0.id=?
2026-10-01T09:37:24.617+02:00 DEBUG 20356 --- [ulwembu-platform-api] [nio-8081-exec-4] o.s.web.servlet.DispatcherServlet        : GET "/api/v1/pharmacy/stock/accounts?facilityId=a7ee88e2-3a54-4d1f-8c46-59075756ae12&productId=50871aa0-c2ff-4090-8784-94401ccb7ac6", parameters={masked}
2026-10-01T09:37:24.618+02:00 DEBUG 20356 --- [ulwembu-platform-api] [nio-8081-exec-4] s.w.s.m.m.a.RequestMappingHandlerMapping : Mapped to co.ehealth.platform.pharmacy.stock.PharmacyStockControlController#accounts(UUID, UUID)
2026-10-01T09:37:24.621+02:00 DEBUG 20356 --- [ulwembu-platform-api] [nio-8081-exec-4] org.hibernate.SQL                        : SELECT DISTINCT p.code FROM permissions p
JOIN role_permissions rp ON rp.permission_id = p.id
JOIN roles r ON r.id = rp.role_id
WHERE r.name IN (?)

2026-10-01T09:37:24.625+02:00 DEBUG 20356 --- [ulwembu-platform-api] [nio-8081-exec-4] org.hibernate.SQL                        : select psa1_0.id,psa1_0.batch_id,psa1_0.bucket,psa1_0.location_id,psa1_0.product_id,psa1_0.quantity from pharmacy_stock_accounts psa1_0,pharmacy_stock_locations psl1_0 where psa1_0.location_id=psl1_0.id and psl1_0.facility_id=? and psa1_0.product_id=?
2026-10-01T09:37:24.627+02:00 DEBUG 20356 --- [ulwembu-platform-api] [nio-8081-exec-4] m.m.a.RequestResponseBodyMethodProcessor : Using 'application/json', given [*/*] and supported [application/json, application/*+json]
2026-10-01T09:37:24.629+02:00 DEBUG 20356 --- [ulwembu-platform-api] [nio-8081-exec-4] m.m.a.RequestResponseBodyMethodProcessor : Writing [{items=[]}]
2026-10-01T09:37:24.630+02:00 DEBUG 20356 --- [ulwembu-platform-api] [nio-8081-exec-4] o.s.web.servlet.DispatcherServlet        : Completed 200 OK
2026-10-01T09:37:25.731+02:00 DEBUG 20356 --- [ulwembu-platform-api] [nio-8081-exec-9] org.hibernate.SQL                        : select o1_0.id,o1_0.branding,o1_0.created_at,o1_0.display_name,o1_0.mail_settings,o1_0.profile,o1_0.schema_name,o1_0.sector,o1_0.slug,o1_0.sso_settings,o1_0.status,o1_0.tenant_code from control.organizations o1_0 where o1_0.slug=?
2026-10-01T09:37:25.731+02:00 DEBUG 20356 --- [ulwembu-platform-api] [nio-8081-exec-1] org.hibernate.SQL                        : select o1_0.id,o1_0.branding,o1_0.created_at,o1_0.display_name,o1_0.mail_settings,o1_0.profile,o1_0.schema_name,o1_0.sector,o1_0.slug,o1_0.sso_settings,o1_0.status,o1_0.tenant_code from control.organizations o1_0 where o1_0.slug=?
2026-10-01T09:37:25.736+02:00 DEBUG 20356 --- [ulwembu-platform-api] [nio-8081-exec-9] org.hibernate.SQL                        : select u1_0.id,u1_0.contact_number,u1_0.contact_verified_at,u1_0.date_of_birth,u1_0.department,u1_0.designation,u1_0.email,u1_0.email_verified_at,u1_0.emergency_contact_name,u1_0.emergency_contact_phone,u1_0.emergency_contact_relationship,u1_0.employee_number,u1_0.employment_end_date,u1_0.employment_start_date,u1_0.employment_type,u1_0.facility_id,u1_0.failed_login_count,u1_0.first_name,u1_0.gender,u1_0.hpcsa_expiry_date,u1_0.hpcsa_number,u1_0.id_number,u1_0.last_failed_login_at,u1_0.last_login_at,u1_0.last_name,u1_0.locked_at,u1_0.manager_id,u1_0.must_change_password,u1_0.password_hash,u1_0.profile_photo_url,u1_0.sanc_expiry_date,u1_0.sanc_number,u1_0.sapc_expiry_date,u1_0.sapc_number,u1_0.status,u1_0.token_version from users u1_0 where u1_0.id=?
2026-10-01T09:37:25.736+02:00 DEBUG 20356 --- [ulwembu-platform-api] [nio-8081-exec-1] org.hibernate.SQL                        : select u1_0.id,u1_0.contact_number,u1_0.contact_verified_at,u1_0.date_of_birth,u1_0.department,u1_0.designation,u1_0.email,u1_0.email_verified_at,u1_0.emergency_contact_name,u1_0.emergency_contact_phone,u1_0.emergency_contact_relationship,u1_0.employee_number,u1_0.employment_end_date,u1_0.employment_start_date,u1_0.employment_type,u1_0.facility_id,u1_0.failed_login_count,u1_0.first_name,u1_0.gender,u1_0.hpcsa_expiry_date,u1_0.hpcsa_number,u1_0.id_number,u1_0.last_failed_login_at,u1_0.last_login_at,u1_0.last_name,u1_0.locked_at,u1_0.manager_id,u1_0.must_change_password,u1_0.password_hash,u1_0.profile_photo_url,u1_0.sanc_expiry_date,u1_0.sanc_number,u1_0.sapc_expiry_date,u1_0.sapc_number,u1_0.status,u1_0.token_version from users u1_0 where u1_0.id=?
2026-10-01T09:37:25.739+02:00 DEBUG 20356 --- [ulwembu-platform-api] [nio-8081-exec-1] o.s.web.servlet.DispatcherServlet        : GET "/api/v1/pharmacy/stock/alerts?facilityId=a7ee88e2-3a54-4d1f-8c46-59075756ae12", parameters={masked}
2026-10-01T09:37:25.739+02:00 DEBUG 20356 --- [ulwembu-platform-api] [nio-8081-exec-9] o.s.web.servlet.DispatcherServlet        : GET "/api/v1/pharmacy/stock?facilityId=a7ee88e2-3a54-4d1f-8c46-59075756ae12", parameters={masked}
2026-10-01T09:37:25.740+02:00 DEBUG 20356 --- [ulwembu-platform-api] [nio-8081-exec-1] s.w.s.m.m.a.RequestMappingHandlerMapping : Mapped to co.ehealth.platform.pharmacy.stock.PharmacyStockControlController#alerts(UUID)
2026-10-01T09:37:25.740+02:00 DEBUG 20356 --- [ulwembu-platform-api] [nio-8081-exec-9] s.w.s.m.m.a.RequestMappingHandlerMapping : Mapped to co.ehealth.platform.pharmacy.stock.PharmacyStockController#listStock(UUID)
2026-10-01T09:37:25.742+02:00 DEBUG 20356 --- [ulwembu-platform-api] [nio-8081-exec-1] org.hibernate.SQL                        : SELECT DISTINCT p.code FROM permissions p
JOIN role_permissions rp ON rp.permission_id = p.id
JOIN roles r ON r.id = rp.role_id
WHERE r.name IN (?)

2026-10-01T09:37:25.742+02:00 DEBUG 20356 --- [ulwembu-platform-api] [nio-8081-exec-9] org.hibernate.SQL                        : SELECT DISTINCT p.code FROM permissions p
JOIN role_permissions rp ON rp.permission_id = p.id
JOIN roles r ON r.id = rp.role_id
WHERE r.name IN (?)

2026-10-01T09:37:25.746+02:00 DEBUG 20356 --- [ulwembu-platform-api] [nio-8081-exec-9] org.hibernate.SQL                        : select psa1_0.id,psa1_0.batch_id,psa1_0.bucket,psa1_0.location_id,psa1_0.product_id,psa1_0.quantity from pharmacy_stock_accounts psa1_0,pharmacy_stock_locations psl1_0 where psa1_0.location_id=psl1_0.id and psl1_0.facility_id=? and psa1_0.quantity>0 and psa1_0.bucket='AVAILABLE'
2026-10-01T09:37:25.746+02:00 DEBUG 20356 --- [ulwembu-platform-api] [nio-8081-exec-1] org.hibernate.SQL                        : select psa1_0.id,psa1_0.batch_id,psa1_0.bucket,psa1_0.location_id,psa1_0.product_id,psa1_0.quantity from pharmacy_stock_accounts psa1_0,pharmacy_stock_locations psl1_0 where psa1_0.location_id=psl1_0.id and psl1_0.facility_id=? and psa1_0.quantity>0 and psa1_0.bucket='AVAILABLE'
2026-10-01T09:37:25.748+02:00 DEBUG 20356 --- [ulwembu-platform-api] [nio-8081-exec-9] org.hibernate.SQL                        : select pfp1_0.id,pfp1_0.active,pfp1_0.created_at,pfp1_0.facility_id,pfp1_0.product_id,pfp1_0.reorder_threshold,pfp1_0.target_quantity from pharmacy_facility_products pfp1_0 where pfp1_0.facility_id=? and pfp1_0.active
2026-10-01T09:37:25.748+02:00 DEBUG 20356 --- [ulwembu-platform-api] [nio-8081-exec-1] org.hibernate.SQL                        : select pfp1_0.id,pfp1_0.active,pfp1_0.created_at,pfp1_0.facility_id,pfp1_0.product_id,pfp1_0.reorder_threshold,pfp1_0.target_quantity from pharmacy_facility_products pfp1_0 where pfp1_0.facility_id=? and pfp1_0.active
2026-10-01T09:37:25.750+02:00 DEBUG 20356 --- [ulwembu-platform-api] [nio-8081-exec-9] org.hibernate.SQL                        : select pp1_0.id,pp1_0.active,pp1_0.barcode,pp1_0.base_unit,pp1_0.batch_tracked,pp1_0.category,pp1_0.code,pp1_0.created_at,pp1_0.created_by,pp1_0.created_by_name,pp1_0.display_name,pp1_0.dosage_form,pp1_0.expiry_tracked,pp1_0.generic_name,pp1_0.manufacturer,pp1_0.pack_size,pp1_0.storage_instructions,pp1_0.strength,pp1_0.updated_at,pp1_0.updated_by,pp1_0.updated_by_name,pp1_0.version from pharmacy_products pp1_0 where pp1_0.id=?
2026-10-01T09:37:25.750+02:00 DEBUG 20356 --- [ulwembu-platform-api] [nio-8081-exec-1] org.hibernate.SQL                        : select pp1_0.id,pp1_0.active,pp1_0.barcode,pp1_0.base_unit,pp1_0.batch_tracked,pp1_0.category,pp1_0.code,pp1_0.created_at,pp1_0.created_by,pp1_0.created_by_name,pp1_0.display_name,pp1_0.dosage_form,pp1_0.expiry_tracked,pp1_0.generic_name,pp1_0.manufacturer,pp1_0.pack_size,pp1_0.storage_instructions,pp1_0.strength,pp1_0.updated_at,pp1_0.updated_by,pp1_0.updated_by_name,pp1_0.version from pharmacy_products pp1_0 where pp1_0.id=?
2026-10-01T09:37:25.751+02:00 DEBUG 20356 --- [ulwembu-platform-api] [nio-8081-exec-9] org.hibernate.SQL                        : select pp1_0.id,pp1_0.active,pp1_0.barcode,pp1_0.base_unit,pp1_0.batch_tracked,pp1_0.category,pp1_0.code,pp1_0.created_at,pp1_0.created_by,pp1_0.created_by_name,pp1_0.display_name,pp1_0.dosage_form,pp1_0.expiry_tracked,pp1_0.generic_name,pp1_0.manufacturer,pp1_0.pack_size,pp1_0.storage_instructions,pp1_0.strength,pp1_0.updated_at,pp1_0.updated_by,pp1_0.updated_by_name,pp1_0.version from pharmacy_products pp1_0 where pp1_0.id=?
2026-10-01T09:37:25.751+02:00 DEBUG 20356 --- [ulwembu-platform-api] [nio-8081-exec-1] org.hibernate.SQL                        : select pp1_0.id,pp1_0.active,pp1_0.barcode,pp1_0.base_unit,pp1_0.batch_tracked,pp1_0.category,pp1_0.code,pp1_0.created_at,pp1_0.created_by,pp1_0.created_by_name,pp1_0.display_name,pp1_0.dosage_form,pp1_0.expiry_tracked,pp1_0.generic_name,pp1_0.manufacturer,pp1_0.pack_size,pp1_0.storage_instructions,pp1_0.strength,pp1_0.updated_at,pp1_0.updated_by,pp1_0.updated_by_name,pp1_0.version from pharmacy_products pp1_0 where pp1_0.id=?
2026-10-01T09:37:25.753+02:00 DEBUG 20356 --- [ulwembu-platform-api] [nio-8081-exec-1] m.m.a.RequestResponseBodyMethodProcessor : Using 'application/json', given [*/*] and supported [application/json, application/*+json]
2026-10-01T09:37:25.753+02:00 DEBUG 20356 --- [ulwembu-platform-api] [nio-8081-exec-9] o.s.w.s.m.m.a.HttpEntityMethodProcessor  : Using 'application/json', given [*/*] and supported [application/json, application/*+json]
2026-10-01T09:37:25.754+02:00 DEBUG 20356 --- [ulwembu-platform-api] [nio-8081-exec-1] m.m.a.RequestResponseBodyMethodProcessor : Writing [{items=[]}]
2026-10-01T09:37:25.754+02:00 DEBUG 20356 --- [ulwembu-platform-api] [nio-8081-exec-9] o.s.w.s.m.m.a.HttpEntityMethodProcessor  : Writing [{items=[StockRow[productId=50871aa0-c2ff-4090-8784-94401ccb7ac6, code=PARA, displayName=ethnol, base (truncated)...]
2026-10-01T09:37:25.755+02:00 DEBUG 20356 --- [ulwembu-platform-api] [nio-8081-exec-9] o.s.web.servlet.DispatcherServlet        : Completed 200 OK
2026-10-01T09:37:25.755+02:00 DEBUG 20356 --- [ulwembu-platform-api] [nio-8081-exec-1] o.s.web.servlet.DispatcherServlet        : Completed 200 OK
2026-10-01T09:37:30.773+02:00 DEBUG 20356 --- [ulwembu-platform-api] [io-8081-exec-10] org.hibernate.SQL                        : select o1_0.id,o1_0.branding,o1_0.created_at,o1_0.display_name,o1_0.mail_settings,o1_0.profile,o1_0.schema_name,o1_0.sector,o1_0.slug,o1_0.sso_settings,o1_0.status,o1_0.tenant_code from control.organizations o1_0 where o1_0.slug=?
2026-10-01T09:37:30.773+02:00 DEBUG 20356 --- [ulwembu-platform-api] [nio-8081-exec-3] org.hibernate.SQL                        : select o1_0.id,o1_0.branding,o1_0.created_at,o1_0.display_name,o1_0.mail_settings,o1_0.profile,o1_0.schema_name,o1_0.sector,o1_0.slug,o1_0.sso_settings,o1_0.status,o1_0.tenant_code from control.organizations o1_0 where o1_0.slug=?
2026-10-01T09:37:30.779+02:00 DEBUG 20356 --- [ulwembu-platform-api] [nio-8081-exec-3] org.hibernate.SQL                        : select u1_0.id,u1_0.contact_number,u1_0.contact_verified_at,u1_0.date_of_birth,u1_0.department,u1_0.designation,u1_0.email,u1_0.email_verified_at,u1_0.emergency_contact_name,u1_0.emergency_contact_phone,u1_0.emergency_contact_relationship,u1_0.employee_number,u1_0.employment_end_date,u1_0.employment_start_date,u1_0.employment_type,u1_0.facility_id,u1_0.failed_login_count,u1_0.first_name,u1_0.gender,u1_0.hpcsa_expiry_date,u1_0.hpcsa_number,u1_0.id_number,u1_0.last_failed_login_at,u1_0.last_login_at,u1_0.last_name,u1_0.locked_at,u1_0.manager_id,u1_0.must_change_password,u1_0.password_hash,u1_0.profile_photo_url,u1_0.sanc_expiry_date,u1_0.sanc_number,u1_0.sapc_expiry_date,u1_0.sapc_number,u1_0.status,u1_0.token_version from users u1_0 where u1_0.id=?
2026-10-01T09:37:30.780+02:00 DEBUG 20356 --- [ulwembu-platform-api] [io-8081-exec-10] org.hibernate.SQL                        : select u1_0.id,u1_0.contact_number,u1_0.contact_verified_at,u1_0.date_of_birth,u1_0.department,u1_0.designation,u1_0.email,u1_0.email_verified_at,u1_0.emergency_contact_name,u1_0.emergency_contact_phone,u1_0.emergency_contact_relationship,u1_0.employee_number,u1_0.employment_end_date,u1_0.employment_start_date,u1_0.employment_type,u1_0.facility_id,u1_0.failed_login_count,u1_0.first_name,u1_0.gender,u1_0.hpcsa_expiry_date,u1_0.hpcsa_number,u1_0.id_number,u1_0.last_failed_login_at,u1_0.last_login_at,u1_0.last_name,u1_0.locked_at,u1_0.manager_id,u1_0.must_change_password,u1_0.password_hash,u1_0.profile_photo_url,u1_0.sanc_expiry_date,u1_0.sanc_number,u1_0.sapc_expiry_date,u1_0.sapc_number,u1_0.status,u1_0.token_version from users u1_0 where u1_0.id=?
2026-10-01T09:37:30.783+02:00 DEBUG 20356 --- [ulwembu-platform-api] [nio-8081-exec-3] o.s.web.servlet.DispatcherServlet        : GET "/api/v1/pharmacy/stock?facilityId=a7ee88e2-3a54-4d1f-8c46-59075756ae12", parameters={masked}
2026-10-01T09:37:30.783+02:00 DEBUG 20356 --- [ulwembu-platform-api] [io-8081-exec-10] o.s.web.servlet.DispatcherServlet        : GET "/api/v1/pharmacy/stock/alerts?facilityId=a7ee88e2-3a54-4d1f-8c46-59075756ae12", parameters={masked}
2026-10-01T09:37:30.783+02:00 DEBUG 20356 --- [ulwembu-platform-api] [nio-8081-exec-3] s.w.s.m.m.a.RequestMappingHandlerMapping : Mapped to co.ehealth.platform.pharmacy.stock.PharmacyStockController#listStock(UUID)
2026-10-01T09:37:30.784+02:00 DEBUG 20356 --- [ulwembu-platform-api] [io-8081-exec-10] s.w.s.m.m.a.RequestMappingHandlerMapping : Mapped to co.ehealth.platform.pharmacy.stock.PharmacyStockControlController#alerts(UUID)
2026-10-01T09:37:30.786+02:00 DEBUG 20356 --- [ulwembu-platform-api] [io-8081-exec-10] org.hibernate.SQL                        : SELECT DISTINCT p.code FROM permissions p
JOIN role_permissions rp ON rp.permission_id = p.id
JOIN roles r ON r.id = rp.role_id
WHERE r.name IN (?)

2026-10-01T09:37:30.787+02:00 DEBUG 20356 --- [ulwembu-platform-api] [nio-8081-exec-3] org.hibernate.SQL                        : SELECT DISTINCT p.code FROM permissions p
JOIN role_permissions rp ON rp.permission_id = p.id
JOIN roles r ON r.id = rp.role_id
WHERE r.name IN (?)

2026-10-01T09:37:30.791+02:00 DEBUG 20356 --- [ulwembu-platform-api] [io-8081-exec-10] org.hibernate.SQL                        : select psa1_0.id,psa1_0.batch_id,psa1_0.bucket,psa1_0.location_id,psa1_0.product_id,psa1_0.quantity from pharmacy_stock_accounts psa1_0,pharmacy_stock_locations psl1_0 where psa1_0.location_id=psl1_0.id and psl1_0.facility_id=? and psa1_0.quantity>0 and psa1_0.bucket='AVAILABLE'
2026-10-01T09:37:30.793+02:00 DEBUG 20356 --- [ulwembu-platform-api] [nio-8081-exec-3] org.hibernate.SQL                        : select psa1_0.id,psa1_0.batch_id,psa1_0.bucket,psa1_0.location_id,psa1_0.product_id,psa1_0.quantity from pharmacy_stock_accounts psa1_0,pharmacy_stock_locations psl1_0 where psa1_0.location_id=psl1_0.id and psl1_0.facility_id=? and psa1_0.quantity>0 and psa1_0.bucket='AVAILABLE'
2026-10-01T09:37:30.795+02:00 DEBUG 20356 --- [ulwembu-platform-api] [io-8081-exec-10] org.hibernate.SQL                        : select pfp1_0.id,pfp1_0.active,pfp1_0.created_at,pfp1_0.facility_id,pfp1_0.product_id,pfp1_0.reorder_threshold,pfp1_0.target_quantity from pharmacy_facility_products pfp1_0 where pfp1_0.facility_id=? and pfp1_0.active
2026-10-01T09:37:30.797+02:00 DEBUG 20356 --- [ulwembu-platform-api] [nio-8081-exec-3] org.hibernate.SQL                        : select pfp1_0.id,pfp1_0.active,pfp1_0.created_at,pfp1_0.facility_id,pfp1_0.product_id,pfp1_0.reorder_threshold,pfp1_0.target_quantity from pharmacy_facility_products pfp1_0 where pfp1_0.facility_id=? and pfp1_0.active
2026-10-01T09:37:30.798+02:00 DEBUG 20356 --- [ulwembu-platform-api] [io-8081-exec-10] org.hibernate.SQL                        : select pp1_0.id,pp1_0.active,pp1_0.barcode,pp1_0.base_unit,pp1_0.batch_tracked,pp1_0.category,pp1_0.code,pp1_0.created_at,pp1_0.created_by,pp1_0.created_by_name,pp1_0.display_name,pp1_0.dosage_form,pp1_0.expiry_tracked,pp1_0.generic_name,pp1_0.manufacturer,pp1_0.pack_size,pp1_0.storage_instructions,pp1_0.strength,pp1_0.updated_at,pp1_0.updated_by,pp1_0.updated_by_name,pp1_0.version from pharmacy_products pp1_0 where pp1_0.id=?
2026-10-01T09:37:30.798+02:00 DEBUG 20356 --- [ulwembu-platform-api] [nio-8081-exec-3] org.hibernate.SQL                        : select pp1_0.id,pp1_0.active,pp1_0.barcode,pp1_0.base_unit,pp1_0.batch_tracked,pp1_0.category,pp1_0.code,pp1_0.created_at,pp1_0.created_by,pp1_0.created_by_name,pp1_0.display_name,pp1_0.dosage_form,pp1_0.expiry_tracked,pp1_0.generic_name,pp1_0.manufacturer,pp1_0.pack_size,pp1_0.storage_instructions,pp1_0.strength,pp1_0.updated_at,pp1_0.updated_by,pp1_0.updated_by_name,pp1_0.version from pharmacy_products pp1_0 where pp1_0.id=?
2026-10-01T09:37:30.801+02:00 DEBUG 20356 --- [ulwembu-platform-api] [nio-8081-exec-3] org.hibernate.SQL                        : select pp1_0.id,pp1_0.active,pp1_0.barcode,pp1_0.base_unit,pp1_0.batch_tracked,pp1_0.category,pp1_0.code,pp1_0.created_at,pp1_0.created_by,pp1_0.created_by_name,pp1_0.display_name,pp1_0.dosage_form,pp1_0.expiry_tracked,pp1_0.generic_name,pp1_0.manufacturer,pp1_0.pack_size,pp1_0.storage_instructions,pp1_0.strength,pp1_0.updated_at,pp1_0.updated_by,pp1_0.updated_by_name,pp1_0.version from pharmacy_products pp1_0 where pp1_0.id=?
2026-10-01T09:37:30.801+02:00 DEBUG 20356 --- [ulwembu-platform-api] [io-8081-exec-10] org.hibernate.SQL                        : select pp1_0.id,pp1_0.active,pp1_0.barcode,pp1_0.base_unit,pp1_0.batch_tracked,pp1_0.category,pp1_0.code,pp1_0.created_at,pp1_0.created_by,pp1_0.created_by_name,pp1_0.display_name,pp1_0.dosage_form,pp1_0.expiry_tracked,pp1_0.generic_name,pp1_0.manufacturer,pp1_0.pack_size,pp1_0.storage_instructions,pp1_0.strength,pp1_0.updated_at,pp1_0.updated_by,pp1_0.updated_by_name,pp1_0.version from pharmacy_products pp1_0 where pp1_0.id=?
2026-10-01T09:37:30.804+02:00 DEBUG 20356 --- [ulwembu-platform-api] [nio-8081-exec-3] o.s.w.s.m.m.a.HttpEntityMethodProcessor  : Using 'application/json', given [*/*] and supported [application/json, application/*+json]
2026-10-01T09:37:30.804+02:00 DEBUG 20356 --- [ulwembu-platform-api] [io-8081-exec-10] m.m.a.RequestResponseBodyMethodProcessor : Using 'application/json', given [*/*] and supported [application/json, application/*+json]
2026-10-01T09:37:30.804+02:00 DEBUG 20356 --- [ulwembu-platform-api] [nio-8081-exec-3] o.s.w.s.m.m.a.HttpEntityMethodProcessor  : Writing [{items=[StockRow[productId=50871aa0-c2ff-4090-8784-94401ccb7ac6, code=PARA, displayName=ethnol, base (truncated)...]
2026-10-01T09:37:30.804+02:00 DEBUG 20356 --- [ulwembu-platform-api] [io-8081-exec-10] m.m.a.RequestResponseBodyMethodProcessor : Writing [{items=[]}]
2026-10-01T09:37:30.805+02:00 DEBUG 20356 --- [ulwembu-platform-api] [io-8081-exec-10] o.s.web.servlet.DispatcherServlet        : Completed 200 OK
2026-10-01T09:37:30.805+02:00 DEBUG 20356 --- [ulwembu-platform-api] [nio-8081-exec-3] o.s.web.servlet.DispatcherServlet        : Completed 200 OK
2026-10-01T09:37:30.889+02:00 DEBUG 20356 --- [ulwembu-platform-api] [nio-8081-exec-8] org.hibernate.SQL                        : select o1_0.id,o1_0.branding,o1_0.created_at,o1_0.display_name,o1_0.mail_settings,o1_0.profile,o1_0.schema_name,o1_0.sector,o1_0.slug,o1_0.sso_settings,o1_0.status,o1_0.tenant_code from control.organizations o1_0 where o1_0.slug=?
2026-10-01T09:37:30.890+02:00 DEBUG 20356 --- [ulwembu-platform-api] [nio-8081-exec-7] org.hibernate.SQL                        : select o1_0.id,o1_0.branding,o1_0.created_at,o1_0.display_name,o1_0.mail_settings,o1_0.profile,o1_0.schema_name,o1_0.sector,o1_0.slug,o1_0.sso_settings,o1_0.status,o1_0.tenant_code from control.organizations o1_0 where o1_0.slug=?
2026-10-01T09:37:30.896+02:00 DEBUG 20356 --- [ulwembu-platform-api] [nio-8081-exec-8] org.hibernate.SQL                        : select u1_0.id,u1_0.contact_number,u1_0.contact_verified_at,u1_0.date_of_birth,u1_0.department,u1_0.designation,u1_0.email,u1_0.email_verified_at,u1_0.emergency_contact_name,u1_0.emergency_contact_phone,u1_0.emergency_contact_relationship,u1_0.employee_number,u1_0.employment_end_date,u1_0.employment_start_date,u1_0.employment_type,u1_0.facility_id,u1_0.failed_login_count,u1_0.first_name,u1_0.gender,u1_0.hpcsa_expiry_date,u1_0.hpcsa_number,u1_0.id_number,u1_0.last_failed_login_at,u1_0.last_login_at,u1_0.last_name,u1_0.locked_at,u1_0.manager_id,u1_0.must_change_password,u1_0.password_hash,u1_0.profile_photo_url,u1_0.sanc_expiry_date,u1_0.sanc_number,u1_0.sapc_expiry_date,u1_0.sapc_number,u1_0.status,u1_0.token_version from users u1_0 where u1_0.id=?
2026-10-01T09:37:30.896+02:00 DEBUG 20356 --- [ulwembu-platform-api] [nio-8081-exec-7] org.hibernate.SQL                        : select u1_0.id,u1_0.contact_number,u1_0.contact_verified_at,u1_0.date_of_birth,u1_0.department,u1_0.designation,u1_0.email,u1_0.email_verified_at,u1_0.emergency_contact_name,u1_0.emergency_contact_phone,u1_0.emergency_contact_relationship,u1_0.employee_number,u1_0.employment_end_date,u1_0.employment_start_date,u1_0.employment_type,u1_0.facility_id,u1_0.failed_login_count,u1_0.first_name,u1_0.gender,u1_0.hpcsa_expiry_date,u1_0.hpcsa_number,u1_0.id_number,u1_0.last_failed_login_at,u1_0.last_login_at,u1_0.last_name,u1_0.locked_at,u1_0.manager_id,u1_0.must_change_password,u1_0.password_hash,u1_0.profile_photo_url,u1_0.sanc_expiry_date,u1_0.sanc_number,u1_0.sapc_expiry_date,u1_0.sapc_number,u1_0.status,u1_0.token_version from users u1_0 where u1_0.id=?
2026-10-01T09:37:30.901+02:00 DEBUG 20356 --- [ulwembu-platform-api] [nio-8081-exec-8] o.s.web.servlet.DispatcherServlet        : GET "/api/v1/facilities", parameters={}
2026-10-01T09:37:30.901+02:00 DEBUG 20356 --- [ulwembu-platform-api] [nio-8081-exec-7] o.s.web.servlet.DispatcherServlet        : GET "/api/v1/pharmacy/products/assortment?facilityId=a7ee88e2-3a54-4d1f-8c46-59075756ae12", parameters={masked}
2026-10-01T09:37:30.901+02:00 DEBUG 20356 --- [ulwembu-platform-api] [nio-8081-exec-8] s.w.s.m.m.a.RequestMappingHandlerMapping : Mapped to co.ehealth.platform.facility.FacilityController#list()
2026-10-01T09:37:30.902+02:00 DEBUG 20356 --- [ulwembu-platform-api] [nio-8081-exec-7] s.w.s.m.m.a.RequestMappingHandlerMapping : Mapped to co.ehealth.platform.pharmacy.stock.PharmacyProductController#listAssortment(UUID)
2026-10-01T09:37:30.903+02:00 DEBUG 20356 --- [ulwembu-platform-api] [nio-8081-exec-7] org.hibernate.SQL                        : SELECT DISTINCT p.code FROM permissions p
JOIN role_permissions rp ON rp.permission_id = p.id
JOIN roles r ON r.id = rp.role_id
WHERE r.name IN (?)

2026-10-01T09:37:30.904+02:00 DEBUG 20356 --- [ulwembu-platform-api] [nio-8081-exec-8] org.hibernate.SQL                        : select f1_0.id,f1_0.active,f1_0.address,f1_0.code,f1_0.daily_appointment_limit,f1_0.name,f1_0.operating_hours,f1_0.phone,f1_0.timezone,f1_0.type from facilities f1_0 where f1_0.active order by f1_0.name
2026-10-01T09:37:30.907+02:00 DEBUG 20356 --- [ulwembu-platform-api] [nio-8081-exec-8] m.m.a.RequestResponseBodyMethodProcessor : Using 'application/json', given [*/*] and supported [application/json, application/*+json]
2026-10-01T09:37:30.907+02:00 DEBUG 20356 --- [ulwembu-platform-api] [nio-8081-exec-8] m.m.a.RequestResponseBodyMethodProcessor : Writing [{items=[{id=a7ee88e2-3a54-4d1f-8c46-59075756ae12, name=Demo Main Clinic}, {id=aa7942b0-2bd2-4e25-95c (truncated)...]
2026-10-01T09:37:30.908+02:00 DEBUG 20356 --- [ulwembu-platform-api] [nio-8081-exec-7] org.hibernate.SQL                        : select pfp1_0.id,pfp1_0.active,pfp1_0.created_at,pfp1_0.facility_id,pfp1_0.product_id,pfp1_0.reorder_threshold,pfp1_0.target_quantity from pharmacy_facility_products pfp1_0 where pfp1_0.facility_id=? and pfp1_0.active
2026-10-01T09:37:30.908+02:00 DEBUG 20356 --- [ulwembu-platform-api] [nio-8081-exec-8] o.s.web.servlet.DispatcherServlet        : Completed 200 OK
2026-10-01T09:37:30.913+02:00 DEBUG 20356 --- [ulwembu-platform-api] [nio-8081-exec-7] org.hibernate.SQL                        : select pp1_0.id,pp1_0.active,pp1_0.barcode,pp1_0.base_unit,pp1_0.batch_tracked,pp1_0.category,pp1_0.code,pp1_0.created_at,pp1_0.created_by,pp1_0.created_by_name,pp1_0.display_name,pp1_0.dosage_form,pp1_0.expiry_tracked,pp1_0.generic_name,pp1_0.manufacturer,pp1_0.pack_size,pp1_0.storage_instructions,pp1_0.strength,pp1_0.updated_at,pp1_0.updated_by,pp1_0.updated_by_name,pp1_0.version from pharmacy_products pp1_0 where pp1_0.id in (?,?)
2026-10-01T09:37:30.917+02:00 DEBUG 20356 --- [ulwembu-platform-api] [nio-8081-exec-7] o.s.w.s.m.m.a.HttpEntityMethodProcessor  : Using 'application/json', given [*/*] and supported [application/json, application/*+json]
2026-10-01T09:37:30.918+02:00 DEBUG 20356 --- [ulwembu-platform-api] [nio-8081-exec-7] o.s.w.s.m.m.a.HttpEntityMethodProcessor  : Writing [{items=[ProductResponse[id=50871aa0-c2ff-4090-8784-94401ccb7ac6, code=PARA, displayName=ethnol, gene (truncated)...]
2026-10-01T09:37:30.919+02:00 DEBUG 20356 --- [ulwembu-platform-api] [nio-8081-exec-7] o.s.web.servlet.DispatcherServlet        : Completed 200 OK
2026-10-01T09:37:48.713+02:00 DEBUG 20356 --- [ulwembu-platform-api] [nio-8081-exec-9] org.hibernate.SQL                        : select o1_0.id,o1_0.branding,o1_0.created_at,o1_0.display_name,o1_0.mail_settings,o1_0.profile,o1_0.schema_name,o1_0.sector,o1_0.slug,o1_0.sso_settings,o1_0.status,o1_0.tenant_code from control.organizations o1_0 where o1_0.slug=?
2026-10-01T09:37:48.722+02:00 DEBUG 20356 --- [ulwembu-platform-api] [io-8081-exec-10] org.hibernate.SQL                        : select o1_0.id,o1_0.branding,o1_0.created_at,o1_0.display_name,o1_0.mail_settings,o1_0.profile,o1_0.schema_name,o1_0.sector,o1_0.slug,o1_0.sso_settings,o1_0.status,o1_0.tenant_code from control.organizations o1_0 where o1_0.slug=?
2026-10-01T09:37:48.722+02:00 DEBUG 20356 --- [ulwembu-platform-api] [nio-8081-exec-2] org.hibernate.SQL                        : select o1_0.id,o1_0.branding,o1_0.created_at,o1_0.display_name,o1_0.mail_settings,o1_0.profile,o1_0.schema_name,o1_0.sector,o1_0.slug,o1_0.sso_settings,o1_0.status,o1_0.tenant_code from control.organizations o1_0 where o1_0.slug=?
2026-10-01T09:37:48.729+02:00 DEBUG 20356 --- [ulwembu-platform-api] [nio-8081-exec-9] org.hibernate.SQL                        : select u1_0.id,u1_0.contact_number,u1_0.contact_verified_at,u1_0.date_of_birth,u1_0.department,u1_0.designation,u1_0.email,u1_0.email_verified_at,u1_0.emergency_contact_name,u1_0.emergency_contact_phone,u1_0.emergency_contact_relationship,u1_0.employee_number,u1_0.employment_end_date,u1_0.employment_start_date,u1_0.employment_type,u1_0.facility_id,u1_0.failed_login_count,u1_0.first_name,u1_0.gender,u1_0.hpcsa_expiry_date,u1_0.hpcsa_number,u1_0.id_number,u1_0.last_failed_login_at,u1_0.last_login_at,u1_0.last_name,u1_0.locked_at,u1_0.manager_id,u1_0.must_change_password,u1_0.password_hash,u1_0.profile_photo_url,u1_0.sanc_expiry_date,u1_0.sanc_number,u1_0.sapc_expiry_date,u1_0.sapc_number,u1_0.status,u1_0.token_version from users u1_0 where u1_0.id=?
2026-10-01T09:37:48.732+02:00 DEBUG 20356 --- [ulwembu-platform-api] [io-8081-exec-10] org.hibernate.SQL                        : select u1_0.id,u1_0.contact_number,u1_0.contact_verified_at,u1_0.date_of_birth,u1_0.department,u1_0.designation,u1_0.email,u1_0.email_verified_at,u1_0.emergency_contact_name,u1_0.emergency_contact_phone,u1_0.emergency_contact_relationship,u1_0.employee_number,u1_0.employment_end_date,u1_0.employment_start_date,u1_0.employment_type,u1_0.facility_id,u1_0.failed_login_count,u1_0.first_name,u1_0.gender,u1_0.hpcsa_expiry_date,u1_0.hpcsa_number,u1_0.id_number,u1_0.last_failed_login_at,u1_0.last_login_at,u1_0.last_name,u1_0.locked_at,u1_0.manager_id,u1_0.must_change_password,u1_0.password_hash,u1_0.profile_photo_url,u1_0.sanc_expiry_date,u1_0.sanc_number,u1_0.sapc_expiry_date,u1_0.sapc_number,u1_0.status,u1_0.token_version from users u1_0 where u1_0.id=?
2026-10-01T09:37:48.736+02:00 DEBUG 20356 --- [ulwembu-platform-api] [nio-8081-exec-2] org.hibernate.SQL                        : select u1_0.id,u1_0.contact_number,u1_0.contact_verified_at,u1_0.date_of_birth,u1_0.department,u1_0.designation,u1_0.email,u1_0.email_verified_at,u1_0.emergency_contact_name,u1_0.emergency_contact_phone,u1_0.emergency_contact_relationship,u1_0.employee_number,u1_0.employment_end_date,u1_0.employment_start_date,u1_0.employment_type,u1_0.facility_id,u1_0.failed_login_count,u1_0.first_name,u1_0.gender,u1_0.hpcsa_expiry_date,u1_0.hpcsa_number,u1_0.id_number,u1_0.last_failed_login_at,u1_0.last_login_at,u1_0.last_name,u1_0.locked_at,u1_0.manager_id,u1_0.must_change_password,u1_0.password_hash,u1_0.profile_photo_url,u1_0.sanc_expiry_date,u1_0.sanc_number,u1_0.sapc_expiry_date,u1_0.sapc_number,u1_0.status,u1_0.token_version from users u1_0 where u1_0.id=?
2026-10-01T09:37:48.737+02:00 DEBUG 20356 --- [ulwembu-platform-api] [io-8081-exec-10] o.s.web.servlet.DispatcherServlet        : GET "/api/v1/pharmacy/stock/alerts?facilityId=a7ee88e2-3a54-4d1f-8c46-59075756ae12", parameters={masked}
2026-10-01T09:37:48.737+02:00 DEBUG 20356 --- [ulwembu-platform-api] [nio-8081-exec-9] o.s.web.servlet.DispatcherServlet        : GET "/api/v1/facilities", parameters={}
2026-10-01T09:37:48.738+02:00 DEBUG 20356 --- [ulwembu-platform-api] [nio-8081-exec-9] s.w.s.m.m.a.RequestMappingHandlerMapping : Mapped to co.ehealth.platform.facility.FacilityController#list()
2026-10-01T09:37:48.739+02:00 DEBUG 20356 --- [ulwembu-platform-api] [io-8081-exec-10] s.w.s.m.m.a.RequestMappingHandlerMapping : Mapped to co.ehealth.platform.pharmacy.stock.PharmacyStockControlController#alerts(UUID)
2026-10-01T09:37:48.741+02:00 DEBUG 20356 --- [ulwembu-platform-api] [nio-8081-exec-2] o.s.web.servlet.DispatcherServlet        : GET "/api/v1/pharmacy/stock?facilityId=a7ee88e2-3a54-4d1f-8c46-59075756ae12", parameters={masked}
2026-10-01T09:37:48.741+02:00 DEBUG 20356 --- [ulwembu-platform-api] [io-8081-exec-10] org.hibernate.SQL                        : SELECT DISTINCT p.code FROM permissions p
JOIN role_permissions rp ON rp.permission_id = p.id
JOIN roles r ON r.id = rp.role_id
WHERE r.name IN (?)

2026-10-01T09:37:48.741+02:00 DEBUG 20356 --- [ulwembu-platform-api] [nio-8081-exec-2] s.w.s.m.m.a.RequestMappingHandlerMapping : Mapped to co.ehealth.platform.pharmacy.stock.PharmacyStockController#listStock(UUID)
2026-10-01T09:37:48.743+02:00 DEBUG 20356 --- [ulwembu-platform-api] [nio-8081-exec-9] org.hibernate.SQL                        : select f1_0.id,f1_0.active,f1_0.address,f1_0.code,f1_0.daily_appointment_limit,f1_0.name,f1_0.operating_hours,f1_0.phone,f1_0.timezone,f1_0.type from facilities f1_0 where f1_0.active order by f1_0.name
2026-10-01T09:37:48.744+02:00 DEBUG 20356 --- [ulwembu-platform-api] [nio-8081-exec-2] org.hibernate.SQL                        : SELECT DISTINCT p.code FROM permissions p
JOIN role_permissions rp ON rp.permission_id = p.id
JOIN roles r ON r.id = rp.role_id
WHERE r.name IN (?)

2026-10-01T09:37:48.747+02:00 DEBUG 20356 --- [ulwembu-platform-api] [nio-8081-exec-9] m.m.a.RequestResponseBodyMethodProcessor : Using 'application/json', given [*/*] and supported [application/json, application/*+json]
2026-10-01T09:37:48.747+02:00 DEBUG 20356 --- [ulwembu-platform-api] [nio-8081-exec-9] m.m.a.RequestResponseBodyMethodProcessor : Writing [{items=[{id=a7ee88e2-3a54-4d1f-8c46-59075756ae12, name=Demo Main Clinic}, {id=aa7942b0-2bd2-4e25-95c (truncated)...]
2026-10-01T09:37:48.747+02:00 DEBUG 20356 --- [ulwembu-platform-api] [io-8081-exec-10] org.hibernate.SQL                        : select psa1_0.id,psa1_0.batch_id,psa1_0.bucket,psa1_0.location_id,psa1_0.product_id,psa1_0.quantity from pharmacy_stock_accounts psa1_0,pharmacy_stock_locations psl1_0 where psa1_0.location_id=psl1_0.id and psl1_0.facility_id=? and psa1_0.quantity>0 and psa1_0.bucket='AVAILABLE'
2026-10-01T09:37:48.748+02:00 DEBUG 20356 --- [ulwembu-platform-api] [nio-8081-exec-2] org.hibernate.SQL                        : select psa1_0.id,psa1_0.batch_id,psa1_0.bucket,psa1_0.location_id,psa1_0.product_id,psa1_0.quantity from pharmacy_stock_accounts psa1_0,pharmacy_stock_locations psl1_0 where psa1_0.location_id=psl1_0.id and psl1_0.facility_id=? and psa1_0.quantity>0 and psa1_0.bucket='AVAILABLE'
2026-10-01T09:37:48.748+02:00 DEBUG 20356 --- [ulwembu-platform-api] [nio-8081-exec-9] o.s.web.servlet.DispatcherServlet        : Completed 200 OK
2026-10-01T09:37:48.750+02:00 DEBUG 20356 --- [ulwembu-platform-api] [nio-8081-exec-2] org.hibernate.SQL                        : select pfp1_0.id,pfp1_0.active,pfp1_0.created_at,pfp1_0.facility_id,pfp1_0.product_id,pfp1_0.reorder_threshold,pfp1_0.target_quantity from pharmacy_facility_products pfp1_0 where pfp1_0.facility_id=? and pfp1_0.active
2026-10-01T09:37:48.750+02:00 DEBUG 20356 --- [ulwembu-platform-api] [io-8081-exec-10] org.hibernate.SQL                        : select pfp1_0.id,pfp1_0.active,pfp1_0.created_at,pfp1_0.facility_id,pfp1_0.product_id,pfp1_0.reorder_threshold,pfp1_0.target_quantity from pharmacy_facility_products pfp1_0 where pfp1_0.facility_id=? and pfp1_0.active
2026-10-01T09:37:48.752+02:00 DEBUG 20356 --- [ulwembu-platform-api] [nio-8081-exec-2] org.hibernate.SQL                        : select pp1_0.id,pp1_0.active,pp1_0.barcode,pp1_0.base_unit,pp1_0.batch_tracked,pp1_0.category,pp1_0.code,pp1_0.created_at,pp1_0.created_by,pp1_0.created_by_name,pp1_0.display_name,pp1_0.dosage_form,pp1_0.expiry_tracked,pp1_0.generic_name,pp1_0.manufacturer,pp1_0.pack_size,pp1_0.storage_instructions,pp1_0.strength,pp1_0.updated_at,pp1_0.updated_by,pp1_0.updated_by_name,pp1_0.version from pharmacy_products pp1_0 where pp1_0.id=?
2026-10-01T09:37:48.752+02:00 DEBUG 20356 --- [ulwembu-platform-api] [io-8081-exec-10] org.hibernate.SQL                        : select pp1_0.id,pp1_0.active,pp1_0.barcode,pp1_0.base_unit,pp1_0.batch_tracked,pp1_0.category,pp1_0.code,pp1_0.created_at,pp1_0.created_by,pp1_0.created_by_name,pp1_0.display_name,pp1_0.dosage_form,pp1_0.expiry_tracked,pp1_0.generic_name,pp1_0.manufacturer,pp1_0.pack_size,pp1_0.storage_instructions,pp1_0.strength,pp1_0.updated_at,pp1_0.updated_by,pp1_0.updated_by_name,pp1_0.version from pharmacy_products pp1_0 where pp1_0.id=?
2026-10-01T09:37:48.754+02:00 DEBUG 20356 --- [ulwembu-platform-api] [io-8081-exec-10] org.hibernate.SQL                        : select pp1_0.id,pp1_0.active,pp1_0.barcode,pp1_0.base_unit,pp1_0.batch_tracked,pp1_0.category,pp1_0.code,pp1_0.created_at,pp1_0.created_by,pp1_0.created_by_name,pp1_0.display_name,pp1_0.dosage_form,pp1_0.expiry_tracked,pp1_0.generic_name,pp1_0.manufacturer,pp1_0.pack_size,pp1_0.storage_instructions,pp1_0.strength,pp1_0.updated_at,pp1_0.updated_by,pp1_0.updated_by_name,pp1_0.version from pharmacy_products pp1_0 where pp1_0.id=?
2026-10-01T09:37:48.754+02:00 DEBUG 20356 --- [ulwembu-platform-api] [nio-8081-exec-2] org.hibernate.SQL                        : select pp1_0.id,pp1_0.active,pp1_0.barcode,pp1_0.base_unit,pp1_0.batch_tracked,pp1_0.category,pp1_0.code,pp1_0.created_at,pp1_0.created_by,pp1_0.created_by_name,pp1_0.display_name,pp1_0.dosage_form,pp1_0.expiry_tracked,pp1_0.generic_name,pp1_0.manufacturer,pp1_0.pack_size,pp1_0.storage_instructions,pp1_0.strength,pp1_0.updated_at,pp1_0.updated_by,pp1_0.updated_by_name,pp1_0.version from pharmacy_products pp1_0 where pp1_0.id=?
2026-10-01T09:37:48.757+02:00 DEBUG 20356 --- [ulwembu-platform-api] [io-8081-exec-10] m.m.a.RequestResponseBodyMethodProcessor : Using 'application/json', given [*/*] and supported [application/json, application/*+json]
2026-10-01T09:37:48.757+02:00 DEBUG 20356 --- [ulwembu-platform-api] [nio-8081-exec-2] o.s.w.s.m.m.a.HttpEntityMethodProcessor  : Using 'application/json', given [*/*] and supported [application/json, application/*+json]
2026-10-01T09:37:48.757+02:00 DEBUG 20356 --- [ulwembu-platform-api] [io-8081-exec-10] m.m.a.RequestResponseBodyMethodProcessor : Writing [{items=[]}]
2026-10-01T09:37:48.758+02:00 DEBUG 20356 --- [ulwembu-platform-api] [nio-8081-exec-2] o.s.w.s.m.m.a.HttpEntityMethodProcessor  : Writing [{items=[StockRow[productId=50871aa0-c2ff-4090-8784-94401ccb7ac6, code=PARA, displayName=ethnol, base (truncated)...]
2026-10-01T09:37:48.759+02:00 DEBUG 20356 --- [ulwembu-platform-api] [io-8081-exec-10] o.s.web.servlet.DispatcherServlet        : Completed 200 OK
2026-10-01T09:37:48.759+02:00 DEBUG 20356 --- [ulwembu-platform-api] [nio-8081-exec-2] o.s.web.servlet.DispatcherServlet        : Completed 200 OK
2026-10-01T09:37:53.778+02:00 DEBUG 20356 --- [ulwembu-platform-api] [nio-8081-exec-8] org.hibernate.SQL                        : select o1_0.id,o1_0.branding,o1_0.created_at,o1_0.display_name,o1_0.mail_settings,o1_0.profile,o1_0.schema_name,o1_0.sector,o1_0.slug,o1_0.sso_settings,o1_0.status,o1_0.tenant_code from control.organizations o1_0 where o1_0.slug=?
2026-10-01T09:37:53.778+02:00 DEBUG 20356 --- [ulwembu-platform-api] [nio-8081-exec-7] org.hibernate.SQL                        : select o1_0.id,o1_0.branding,o1_0.created_at,o1_0.display_name,o1_0.mail_settings,o1_0.profile,o1_0.schema_name,o1_0.sector,o1_0.slug,o1_0.sso_settings,o1_0.status,o1_0.tenant_code from control.organizations o1_0 where o1_0.slug=?
2026-10-01T09:37:53.783+02:00 DEBUG 20356 --- [ulwembu-platform-api] [nio-8081-exec-7] org.hibernate.SQL                        : select u1_0.id,u1_0.contact_number,u1_0.contact_verified_at,u1_0.date_of_birth,u1_0.department,u1_0.designation,u1_0.email,u1_0.email_verified_at,u1_0.emergency_contact_name,u1_0.emergency_contact_phone,u1_0.emergency_contact_relationship,u1_0.employee_number,u1_0.employment_end_date,u1_0.employment_start_date,u1_0.employment_type,u1_0.facility_id,u1_0.failed_login_count,u1_0.first_name,u1_0.gender,u1_0.hpcsa_expiry_date,u1_0.hpcsa_number,u1_0.id_number,u1_0.last_failed_login_at,u1_0.last_login_at,u1_0.last_name,u1_0.locked_at,u1_0.manager_id,u1_0.must_change_password,u1_0.password_hash,u1_0.profile_photo_url,u1_0.sanc_expiry_date,u1_0.sanc_number,u1_0.sapc_expiry_date,u1_0.sapc_number,u1_0.status,u1_0.token_version from users u1_0 where u1_0.id=?
2026-10-01T09:37:53.783+02:00 DEBUG 20356 --- [ulwembu-platform-api] [nio-8081-exec-8] org.hibernate.SQL                        : select u1_0.id,u1_0.contact_number,u1_0.contact_verified_at,u1_0.date_of_birth,u1_0.department,u1_0.designation,u1_0.email,u1_0.email_verified_at,u1_0.emergency_contact_name,u1_0.emergency_contact_phone,u1_0.emergency_contact_relationship,u1_0.employee_number,u1_0.employment_end_date,u1_0.employment_start_date,u1_0.employment_type,u1_0.facility_id,u1_0.failed_login_count,u1_0.first_name,u1_0.gender,u1_0.hpcsa_expiry_date,u1_0.hpcsa_number,u1_0.id_number,u1_0.last_failed_login_at,u1_0.last_login_at,u1_0.last_name,u1_0.locked_at,u1_0.manager_id,u1_0.must_change_password,u1_0.password_hash,u1_0.profile_photo_url,u1_0.sanc_expiry_date,u1_0.sanc_number,u1_0.sapc_expiry_date,u1_0.sapc_number,u1_0.status,u1_0.token_version from users u1_0 where u1_0.id=?
2026-10-01T09:37:53.787+02:00 DEBUG 20356 --- [ulwembu-platform-api] [nio-8081-exec-8] o.s.web.servlet.DispatcherServlet        : GET "/api/v1/pharmacy/stock/alerts?facilityId=a7ee88e2-3a54-4d1f-8c46-59075756ae12", parameters={masked}
2026-10-01T09:37:53.787+02:00 DEBUG 20356 --- [ulwembu-platform-api] [nio-8081-exec-7] o.s.web.servlet.DispatcherServlet        : GET "/api/v1/pharmacy/stock?facilityId=a7ee88e2-3a54-4d1f-8c46-59075756ae12", parameters={masked}
2026-10-01T09:37:53.788+02:00 DEBUG 20356 --- [ulwembu-platform-api] [nio-8081-exec-8] s.w.s.m.m.a.RequestMappingHandlerMapping : Mapped to co.ehealth.platform.pharmacy.stock.PharmacyStockControlController#alerts(UUID)
2026-10-01T09:37:53.788+02:00 DEBUG 20356 --- [ulwembu-platform-api] [nio-8081-exec-7] s.w.s.m.m.a.RequestMappingHandlerMapping : Mapped to co.ehealth.platform.pharmacy.stock.PharmacyStockController#listStock(UUID)
2026-10-01T09:37:53.790+02:00 DEBUG 20356 --- [ulwembu-platform-api] [nio-8081-exec-8] org.hibernate.SQL                        : SELECT DISTINCT p.code FROM permissions p
JOIN role_permissions rp ON rp.permission_id = p.id
JOIN roles r ON r.id = rp.role_id
WHERE r.name IN (?)

2026-10-01T09:37:53.790+02:00 DEBUG 20356 --- [ulwembu-platform-api] [nio-8081-exec-7] org.hibernate.SQL                        : SELECT DISTINCT p.code FROM permissions p
JOIN role_permissions rp ON rp.permission_id = p.id
JOIN roles r ON r.id = rp.role_id
WHERE r.name IN (?)

2026-10-01T09:37:53.793+02:00 DEBUG 20356 --- [ulwembu-platform-api] [nio-8081-exec-7] org.hibernate.SQL                        : select psa1_0.id,psa1_0.batch_id,psa1_0.bucket,psa1_0.location_id,psa1_0.product_id,psa1_0.quantity from pharmacy_stock_accounts psa1_0,pharmacy_stock_locations psl1_0 where psa1_0.location_id=psl1_0.id and psl1_0.facility_id=? and psa1_0.quantity>0 and psa1_0.bucket='AVAILABLE'
2026-10-01T09:37:53.793+02:00 DEBUG 20356 --- [ulwembu-platform-api] [nio-8081-exec-8] org.hibernate.SQL                        : select psa1_0.id,psa1_0.batch_id,psa1_0.bucket,psa1_0.location_id,psa1_0.product_id,psa1_0.quantity from pharmacy_stock_accounts psa1_0,pharmacy_stock_locations psl1_0 where psa1_0.location_id=psl1_0.id and psl1_0.facility_id=? and psa1_0.quantity>0 and psa1_0.bucket='AVAILABLE'
2026-10-01T09:37:53.797+02:00 DEBUG 20356 --- [ulwembu-platform-api] [nio-8081-exec-8] org.hibernate.SQL                        : select pfp1_0.id,pfp1_0.active,pfp1_0.created_at,pfp1_0.facility_id,pfp1_0.product_id,pfp1_0.reorder_threshold,pfp1_0.target_quantity from pharmacy_facility_products pfp1_0 where pfp1_0.facility_id=? and pfp1_0.active
2026-10-01T09:37:53.797+02:00 DEBUG 20356 --- [ulwembu-platform-api] [nio-8081-exec-7] org.hibernate.SQL                        : select pfp1_0.id,pfp1_0.active,pfp1_0.created_at,pfp1_0.facility_id,pfp1_0.product_id,pfp1_0.reorder_threshold,pfp1_0.target_quantity from pharmacy_facility_products pfp1_0 where pfp1_0.facility_id=? and pfp1_0.active
2026-10-01T09:37:53.799+02:00 DEBUG 20356 --- [ulwembu-platform-api] [nio-8081-exec-8] org.hibernate.SQL                        : select pp1_0.id,pp1_0.active,pp1_0.barcode,pp1_0.base_unit,pp1_0.batch_tracked,pp1_0.category,pp1_0.code,pp1_0.created_at,pp1_0.created_by,pp1_0.created_by_name,pp1_0.display_name,pp1_0.dosage_form,pp1_0.expiry_tracked,pp1_0.generic_name,pp1_0.manufacturer,pp1_0.pack_size,pp1_0.storage_instructions,pp1_0.strength,pp1_0.updated_at,pp1_0.updated_by,pp1_0.updated_by_name,pp1_0.version from pharmacy_products pp1_0 where pp1_0.id=?
2026-10-01T09:37:53.799+02:00 DEBUG 20356 --- [ulwembu-platform-api] [nio-8081-exec-7] org.hibernate.SQL                        : select pp1_0.id,pp1_0.active,pp1_0.barcode,pp1_0.base_unit,pp1_0.batch_tracked,pp1_0.category,pp1_0.code,pp1_0.created_at,pp1_0.created_by,pp1_0.created_by_name,pp1_0.display_name,pp1_0.dosage_form,pp1_0.expiry_tracked,pp1_0.generic_name,pp1_0.manufacturer,pp1_0.pack_size,pp1_0.storage_instructions,pp1_0.strength,pp1_0.updated_at,pp1_0.updated_by,pp1_0.updated_by_name,pp1_0.version from pharmacy_products pp1_0 where pp1_0.id=?
2026-10-01T09:37:53.800+02:00 DEBUG 20356 --- [ulwembu-platform-api] [nio-8081-exec-7] org.hibernate.SQL                        : select pp1_0.id,pp1_0.active,pp1_0.barcode,pp1_0.base_unit,pp1_0.batch_tracked,pp1_0.category,pp1_0.code,pp1_0.created_at,pp1_0.created_by,pp1_0.created_by_name,pp1_0.display_name,pp1_0.dosage_form,pp1_0.expiry_tracked,pp1_0.generic_name,pp1_0.manufacturer,pp1_0.pack_size,pp1_0.storage_instructions,pp1_0.strength,pp1_0.updated_at,pp1_0.updated_by,pp1_0.updated_by_name,pp1_0.version from pharmacy_products pp1_0 where pp1_0.id=?
2026-10-01T09:37:53.800+02:00 DEBUG 20356 --- [ulwembu-platform-api] [nio-8081-exec-8] org.hibernate.SQL                        : select pp1_0.id,pp1_0.active,pp1_0.barcode,pp1_0.base_unit,pp1_0.batch_tracked,pp1_0.category,pp1_0.code,pp1_0.created_at,pp1_0.created_by,pp1_0.created_by_name,pp1_0.display_name,pp1_0.dosage_form,pp1_0.expiry_tracked,pp1_0.generic_name,pp1_0.manufacturer,pp1_0.pack_size,pp1_0.storage_instructions,pp1_0.strength,pp1_0.updated_at,pp1_0.updated_by,pp1_0.updated_by_name,pp1_0.version from pharmacy_products pp1_0 where pp1_0.id=?
2026-10-01T09:37:53.802+02:00 DEBUG 20356 --- [ulwembu-platform-api] [nio-8081-exec-7] o.s.w.s.m.m.a.HttpEntityMethodProcessor  : Using 'application/json', given [*/*] and supported [application/json, application/*+json]
2026-10-01T09:37:53.802+02:00 DEBUG 20356 --- [ulwembu-platform-api] [nio-8081-exec-8] m.m.a.RequestResponseBodyMethodProcessor : Using 'application/json', given [*/*] and supported [application/json, application/*+json]
2026-10-01T09:37:53.803+02:00 DEBUG 20356 --- [ulwembu-platform-api] [nio-8081-exec-7] o.s.w.s.m.m.a.HttpEntityMethodProcessor  : Writing [{items=[StockRow[productId=50871aa0-c2ff-4090-8784-94401ccb7ac6, code=PARA, displayName=ethnol, base (truncated)...]
2026-10-01T09:37:53.803+02:00 DEBUG 20356 --- [ulwembu-platform-api] [nio-8081-exec-8] m.m.a.RequestResponseBodyMethodProcessor : Writing [{items=[]}]
2026-10-01T09:37:53.804+02:00 DEBUG 20356 --- [ulwembu-platform-api] [nio-8081-exec-8] o.s.web.servlet.DispatcherServlet        : Completed 200 OK
2026-10-01T09:37:53.804+02:00 DEBUG 20356 --- [ulwembu-platform-api] [nio-8081-exec-7] o.s.web.servlet.DispatcherServlet        : Completed 200 OK
2026-10-01T09:37:55.895+02:00 DEBUG 20356 --- [ulwembu-platform-api] [nio-8081-exec-6] org.hibernate.SQL                        : select o1_0.id,o1_0.branding,o1_0.created_at,o1_0.display_name,o1_0.mail_settings,o1_0.profile,o1_0.schema_name,o1_0.sector,o1_0.slug,o1_0.sso_settings,o1_0.status,o1_0.tenant_code from control.organizations o1_0 where o1_0.slug=?
2026-10-01T09:37:55.896+02:00 DEBUG 20356 --- [ulwembu-platform-api] [nio-8081-exec-5] org.hibernate.SQL                        : select o1_0.id,o1_0.branding,o1_0.created_at,o1_0.display_name,o1_0.mail_settings,o1_0.profile,o1_0.schema_name,o1_0.sector,o1_0.slug,o1_0.sso_settings,o1_0.status,o1_0.tenant_code from control.organizations o1_0 where o1_0.slug=?
2026-10-01T09:37:55.903+02:00 DEBUG 20356 --- [ulwembu-platform-api] [io-8081-exec-10] org.hibernate.SQL                        : select o1_0.id,o1_0.branding,o1_0.created_at,o1_0.display_name,o1_0.mail_settings,o1_0.profile,o1_0.schema_name,o1_0.sector,o1_0.slug,o1_0.sso_settings,o1_0.status,o1_0.tenant_code from control.organizations o1_0 where o1_0.slug=?
2026-10-01T09:37:55.907+02:00 DEBUG 20356 --- [ulwembu-platform-api] [nio-8081-exec-5] org.hibernate.SQL                        : select u1_0.id,u1_0.contact_number,u1_0.contact_verified_at,u1_0.date_of_birth,u1_0.department,u1_0.designation,u1_0.email,u1_0.email_verified_at,u1_0.emergency_contact_name,u1_0.emergency_contact_phone,u1_0.emergency_contact_relationship,u1_0.employee_number,u1_0.employment_end_date,u1_0.employment_start_date,u1_0.employment_type,u1_0.facility_id,u1_0.failed_login_count,u1_0.first_name,u1_0.gender,u1_0.hpcsa_expiry_date,u1_0.hpcsa_number,u1_0.id_number,u1_0.last_failed_login_at,u1_0.last_login_at,u1_0.last_name,u1_0.locked_at,u1_0.manager_id,u1_0.must_change_password,u1_0.password_hash,u1_0.profile_photo_url,u1_0.sanc_expiry_date,u1_0.sanc_number,u1_0.sapc_expiry_date,u1_0.sapc_number,u1_0.status,u1_0.token_version from users u1_0 where u1_0.id=?
2026-10-01T09:37:55.908+02:00 DEBUG 20356 --- [ulwembu-platform-api] [nio-8081-exec-6] org.hibernate.SQL                        : select u1_0.id,u1_0.contact_number,u1_0.contact_verified_at,u1_0.date_of_birth,u1_0.department,u1_0.designation,u1_0.email,u1_0.email_verified_at,u1_0.emergency_contact_name,u1_0.emergency_contact_phone,u1_0.emergency_contact_relationship,u1_0.employee_number,u1_0.employment_end_date,u1_0.employment_start_date,u1_0.employment_type,u1_0.facility_id,u1_0.failed_login_count,u1_0.first_name,u1_0.gender,u1_0.hpcsa_expiry_date,u1_0.hpcsa_number,u1_0.id_number,u1_0.last_failed_login_at,u1_0.last_login_at,u1_0.last_name,u1_0.locked_at,u1_0.manager_id,u1_0.must_change_password,u1_0.password_hash,u1_0.profile_photo_url,u1_0.sanc_expiry_date,u1_0.sanc_number,u1_0.sapc_expiry_date,u1_0.sapc_number,u1_0.status,u1_0.token_version from users u1_0 where u1_0.id=?
2026-10-01T09:37:55.913+02:00 DEBUG 20356 --- [ulwembu-platform-api] [io-8081-exec-10] org.hibernate.SQL                        : select u1_0.id,u1_0.contact_number,u1_0.contact_verified_at,u1_0.date_of_birth,u1_0.department,u1_0.designation,u1_0.email,u1_0.email_verified_at,u1_0.emergency_contact_name,u1_0.emergency_contact_phone,u1_0.emergency_contact_relationship,u1_0.employee_number,u1_0.employment_end_date,u1_0.employment_start_date,u1_0.employment_type,u1_0.facility_id,u1_0.failed_login_count,u1_0.first_name,u1_0.gender,u1_0.hpcsa_expiry_date,u1_0.hpcsa_number,u1_0.id_number,u1_0.last_failed_login_at,u1_0.last_login_at,u1_0.last_name,u1_0.locked_at,u1_0.manager_id,u1_0.must_change_password,u1_0.password_hash,u1_0.profile_photo_url,u1_0.sanc_expiry_date,u1_0.sanc_number,u1_0.sapc_expiry_date,u1_0.sapc_number,u1_0.status,u1_0.token_version from users u1_0 where u1_0.id=?
2026-10-01T09:37:55.914+02:00 DEBUG 20356 --- [ulwembu-platform-api] [nio-8081-exec-6] o.s.web.servlet.DispatcherServlet        : GET "/api/v1/facilities", parameters={}
2026-10-01T09:37:55.914+02:00 DEBUG 20356 --- [ulwembu-platform-api] [nio-8081-exec-5] o.s.web.servlet.DispatcherServlet        : GET "/api/v1/prescriptions/dispensing-capabilities", parameters={}
2026-10-01T09:37:55.915+02:00 DEBUG 20356 --- [ulwembu-platform-api] [nio-8081-exec-6] s.w.s.m.m.a.RequestMappingHandlerMapping : Mapped to co.ehealth.platform.facility.FacilityController#list()
2026-10-01T09:37:55.916+02:00 DEBUG 20356 --- [ulwembu-platform-api] [nio-8081-exec-5] s.w.s.m.m.a.RequestMappingHandlerMapping : Mapped to co.ehealth.platform.pharmacy.PrescriptionController#dispensingCapabilities(AuthenticatedPrincipal)
2026-10-01T09:37:55.918+02:00 DEBUG 20356 --- [ulwembu-platform-api] [io-8081-exec-10] o.s.web.servlet.DispatcherServlet        : GET "/api/v1/prescriptions/queue?facilityId=a7ee88e2-3a54-4d1f-8c46-59075756ae12", parameters={masked}
2026-10-01T09:37:55.918+02:00 DEBUG 20356 --- [ulwembu-platform-api] [nio-8081-exec-6] org.hibernate.SQL                        : select f1_0.id,f1_0.active,f1_0.address,f1_0.code,f1_0.daily_appointment_limit,f1_0.name,f1_0.operating_hours,f1_0.phone,f1_0.timezone,f1_0.type from facilities f1_0 where f1_0.active order by f1_0.name
2026-10-01T09:37:55.919+02:00 DEBUG 20356 --- [ulwembu-platform-api] [nio-8081-exec-5] org.hibernate.SQL                        : SELECT DISTINCT p.code FROM permissions p
JOIN role_permissions rp ON rp.permission_id = p.id
JOIN roles r ON r.id = rp.role_id
WHERE r.name IN (?)

2026-10-01T09:37:55.919+02:00 DEBUG 20356 --- [ulwembu-platform-api] [io-8081-exec-10] s.w.s.m.m.a.RequestMappingHandlerMapping : Mapped to co.ehealth.platform.pharmacy.PrescriptionController#queue(UUID)
2026-10-01T09:37:55.921+02:00 DEBUG 20356 --- [ulwembu-platform-api] [nio-8081-exec-6] m.m.a.RequestResponseBodyMethodProcessor : Using 'application/json', given [*/*] and supported [application/json, application/*+json]
2026-10-01T09:37:55.922+02:00 DEBUG 20356 --- [ulwembu-platform-api] [io-8081-exec-10] org.hibernate.SQL                        : SELECT DISTINCT p.code FROM permissions p
JOIN role_permissions rp ON rp.permission_id = p.id
JOIN roles r ON r.id = rp.role_id
WHERE r.name IN (?)

2026-10-01T09:37:55.922+02:00 DEBUG 20356 --- [ulwembu-platform-api] [nio-8081-exec-6] m.m.a.RequestResponseBodyMethodProcessor : Writing [{items=[{id=a7ee88e2-3a54-4d1f-8c46-59075756ae12, name=Demo Main Clinic}, {id=aa7942b0-2bd2-4e25-95c (truncated)...]
2026-10-01T09:37:55.924+02:00 DEBUG 20356 --- [ulwembu-platform-api] [nio-8081-exec-6] o.s.web.servlet.DispatcherServlet        : Completed 200 OK
2026-10-01T09:37:55.924+02:00 DEBUG 20356 --- [ulwembu-platform-api] [nio-8081-exec-5] org.hibernate.SQL                        : select u1_0.id,u1_0.contact_number,u1_0.contact_verified_at,u1_0.date_of_birth,u1_0.department,u1_0.designation,u1_0.email,u1_0.email_verified_at,u1_0.emergency_contact_name,u1_0.emergency_contact_phone,u1_0.emergency_contact_relationship,u1_0.employee_number,u1_0.employment_end_date,u1_0.employment_start_date,u1_0.employment_type,u1_0.facility_id,u1_0.failed_login_count,u1_0.first_name,u1_0.gender,u1_0.hpcsa_expiry_date,u1_0.hpcsa_number,u1_0.id_number,u1_0.last_failed_login_at,u1_0.last_login_at,u1_0.last_name,u1_0.locked_at,u1_0.manager_id,u1_0.must_change_password,u1_0.password_hash,u1_0.profile_photo_url,u1_0.sanc_expiry_date,u1_0.sanc_number,u1_0.sapc_expiry_date,u1_0.sapc_number,u1_0.status,u1_0.token_version from users u1_0 where u1_0.id=?
2026-10-01T09:37:55.928+02:00 DEBUG 20356 --- [ulwembu-platform-api] [nio-8081-exec-5] org.hibernate.SQL                        : SELECT DISTINCT p.code FROM permissions p
JOIN role_permissions rp ON rp.permission_id = p.id
JOIN roles r ON r.id = rp.role_id
WHERE r.name IN (?)

2026-10-01T09:37:55.928+02:00 DEBUG 20356 --- [ulwembu-platform-api] [io-8081-exec-10] org.hibernate.SQL                        : select p1_0.id,p1_0.consultation_id,p1_0.created_at,p1_0.facility_id,p1_0.patient_id,p1_0.prescriber_id,p1_0.serial_number,p1_0.status,p1_0.visit_id from prescriptions p1_0 where p1_0.facility_id=? and p1_0.status in (?,?) order by p1_0.created_at
2026-10-01T09:37:55.930+02:00 DEBUG 20356 --- [ulwembu-platform-api] [io-8081-exec-10] o.s.w.s.m.m.a.HttpEntityMethodProcessor  : Using 'application/json', given [*/*] and supported [application/json, application/*+json]
2026-10-01T09:37:55.930+02:00 DEBUG 20356 --- [ulwembu-platform-api] [nio-8081-exec-5] o.s.w.s.m.m.a.HttpEntityMethodProcessor  : Using 'application/json', given [*/*] and supported [application/json, application/*+json]
2026-10-01T09:37:55.930+02:00 DEBUG 20356 --- [ulwembu-platform-api] [io-8081-exec-10] o.s.w.s.m.m.a.HttpEntityMethodProcessor  : Writing [{items=[]}]
2026-10-01T09:37:55.931+02:00 DEBUG 20356 --- [ulwembu-platform-api] [nio-8081-exec-5] o.s.w.s.m.m.a.HttpEntityMethodProcessor  : Writing [DispensingCapabilitiesResponse[canDispense=false, canPrescribe=false]]
2026-10-01T09:37:55.933+02:00 DEBUG 20356 --- [ulwembu-platform-api] [io-8081-exec-10] o.s.web.servlet.DispatcherServlet        : Completed 200 OK
2026-10-01T09:37:55.933+02:00 DEBUG 20356 --- [ulwembu-platform-api] [nio-8081-exec-5] o.s.web.servlet.DispatcherServlet        : Completed 200 OK
2026-10-01T09:37:58.244+02:00 DEBUG 20356 --- [ulwembu-platform-api] [nio-8081-exec-3] org.hibernate.SQL                        : select o1_0.id,o1_0.branding,o1_0.created_at,o1_0.display_name,o1_0.mail_settings,o1_0.profile,o1_0.schema_name,o1_0.sector,o1_0.slug,o1_0.sso_settings,o1_0.status,o1_0.tenant_code from control.organizations o1_0 where o1_0.slug=?
2026-10-01T09:37:58.250+02:00 DEBUG 20356 --- [ulwembu-platform-api] [nio-8081-exec-3] org.hibernate.SQL                        : select u1_0.id,u1_0.contact_number,u1_0.contact_verified_at,u1_0.date_of_birth,u1_0.department,u1_0.designation,u1_0.email,u1_0.email_verified_at,u1_0.emergency_contact_name,u1_0.emergency_contact_phone,u1_0.emergency_contact_relationship,u1_0.employee_number,u1_0.employment_end_date,u1_0.employment_start_date,u1_0.employment_type,u1_0.facility_id,u1_0.failed_login_count,u1_0.first_name,u1_0.gender,u1_0.hpcsa_expiry_date,u1_0.hpcsa_number,u1_0.id_number,u1_0.last_failed_login_at,u1_0.last_login_at,u1_0.last_name,u1_0.locked_at,u1_0.manager_id,u1_0.must_change_password,u1_0.password_hash,u1_0.profile_photo_url,u1_0.sanc_expiry_date,u1_0.sanc_number,u1_0.sapc_expiry_date,u1_0.sapc_number,u1_0.status,u1_0.token_version from users u1_0 where u1_0.id=?
2026-10-01T09:37:58.253+02:00 DEBUG 20356 --- [ulwembu-platform-api] [nio-8081-exec-3] o.s.web.servlet.DispatcherServlet        : GET "/api/v1/pharmacy/products?activeOnly=true&page=0&size=50", parameters={masked}
2026-10-01T09:37:58.254+02:00 DEBUG 20356 --- [ulwembu-platform-api] [nio-8081-exec-3] s.w.s.m.m.a.RequestMappingHandlerMapping : Mapped to co.ehealth.platform.pharmacy.stock.PharmacyProductController#search(String, boolean, int, int)
2026-10-01T09:37:58.257+02:00 DEBUG 20356 --- [ulwembu-platform-api] [nio-8081-exec-3] org.hibernate.SQL                        : SELECT DISTINCT p.code FROM permissions p
JOIN role_permissions rp ON rp.permission_id = p.id
JOIN roles r ON r.id = rp.role_id
WHERE r.name IN (?)

2026-10-01T09:37:58.262+02:00 DEBUG 20356 --- [ulwembu-platform-api] [nio-8081-exec-3] org.hibernate.SQL                        : select pp1_0.id,pp1_0.active,pp1_0.barcode,pp1_0.base_unit,pp1_0.batch_tracked,pp1_0.category,pp1_0.code,pp1_0.created_at,pp1_0.created_by,pp1_0.created_by_name,pp1_0.display_name,pp1_0.dosage_form,pp1_0.expiry_tracked,pp1_0.generic_name,pp1_0.manufacturer,pp1_0.pack_size,pp1_0.storage_instructions,pp1_0.strength,pp1_0.updated_at,pp1_0.updated_by,pp1_0.updated_by_name,pp1_0.version from pharmacy_products pp1_0 where (?=false or pp1_0.active=true) and (?='' or lower(pp1_0.display_name) like lower(('%'||?||'%')) escape '' or lower(pp1_0.code) like lower(('%'||?||'%')) escape '' or lower(coalesce(pp1_0.generic_name,'')) like lower(('%'||?||'%')) escape '' or lower(coalesce(pp1_0.barcode,'')) like lower(('%'||?||'%')) escape '') order by pp1_0.display_name,pp1_0.display_name fetch first ? rows only
2026-10-01T09:37:58.264+02:00 DEBUG 20356 --- [ulwembu-platform-api] [nio-8081-exec-3] o.s.w.s.m.m.a.HttpEntityMethodProcessor  : Using 'application/json', given [*/*] and supported [application/json, application/*+json]
2026-10-01T09:37:58.266+02:00 DEBUG 20356 --- [ulwembu-platform-api] [nio-8081-exec-3] o.s.w.s.m.m.a.HttpEntityMethodProcessor  : Writing [{items=[ProductResponse[id=50871aa0-c2ff-4090-8784-94401ccb7ac6, code=PARA, displayName=ethnol, gene (truncated)...]
2026-10-01T09:37:58.267+02:00 DEBUG 20356 --- [ulwembu-platform-api] [nio-8081-exec-3] o.s.web.servlet.DispatcherServlet        : Completed 200 OK
2026-10-01T09:38:07.453+02:00 DEBUG 20356 --- [ulwembu-platform-api] [nio-8081-exec-9] org.hibernate.SQL                        : select o1_0.id,o1_0.branding,o1_0.created_at,o1_0.display_name,o1_0.mail_settings,o1_0.profile,o1_0.schema_name,o1_0.sector,o1_0.slug,o1_0.sso_settings,o1_0.status,o1_0.tenant_code from control.organizations o1_0 where o1_0.slug=?
2026-10-01T09:38:07.453+02:00 DEBUG 20356 --- [ulwembu-platform-api] [nio-8081-exec-8] org.hibernate.SQL                        : select o1_0.id,o1_0.branding,o1_0.created_at,o1_0.display_name,o1_0.mail_settings,o1_0.profile,o1_0.schema_name,o1_0.sector,o1_0.slug,o1_0.sso_settings,o1_0.status,o1_0.tenant_code from control.organizations o1_0 where o1_0.slug=?
2026-10-01T09:38:07.459+02:00 DEBUG 20356 --- [ulwembu-platform-api] [nio-8081-exec-9] org.hibernate.SQL                        : select u1_0.id,u1_0.contact_number,u1_0.contact_verified_at,u1_0.date_of_birth,u1_0.department,u1_0.designation,u1_0.email,u1_0.email_verified_at,u1_0.emergency_contact_name,u1_0.emergency_contact_phone,u1_0.emergency_contact_relationship,u1_0.employee_number,u1_0.employment_end_date,u1_0.employment_start_date,u1_0.employment_type,u1_0.facility_id,u1_0.failed_login_count,u1_0.first_name,u1_0.gender,u1_0.hpcsa_expiry_date,u1_0.hpcsa_number,u1_0.id_number,u1_0.last_failed_login_at,u1_0.last_login_at,u1_0.last_name,u1_0.locked_at,u1_0.manager_id,u1_0.must_change_password,u1_0.password_hash,u1_0.profile_photo_url,u1_0.sanc_expiry_date,u1_0.sanc_number,u1_0.sapc_expiry_date,u1_0.sapc_number,u1_0.status,u1_0.token_version from users u1_0 where u1_0.id=?
2026-10-01T09:38:07.459+02:00 DEBUG 20356 --- [ulwembu-platform-api] [nio-8081-exec-8] org.hibernate.SQL                        : select u1_0.id,u1_0.contact_number,u1_0.contact_verified_at,u1_0.date_of_birth,u1_0.department,u1_0.designation,u1_0.email,u1_0.email_verified_at,u1_0.emergency_contact_name,u1_0.emergency_contact_phone,u1_0.emergency_contact_relationship,u1_0.employee_number,u1_0.employment_end_date,u1_0.employment_start_date,u1_0.employment_type,u1_0.facility_id,u1_0.failed_login_count,u1_0.first_name,u1_0.gender,u1_0.hpcsa_expiry_date,u1_0.hpcsa_number,u1_0.id_number,u1_0.last_failed_login_at,u1_0.last_login_at,u1_0.last_name,u1_0.locked_at,u1_0.manager_id,u1_0.must_change_password,u1_0.password_hash,u1_0.profile_photo_url,u1_0.sanc_expiry_date,u1_0.sanc_number,u1_0.sapc_expiry_date,u1_0.sapc_number,u1_0.status,u1_0.token_version from users u1_0 where u1_0.id=?
2026-10-01T09:38:07.462+02:00 DEBUG 20356 --- [ulwembu-platform-api] [nio-8081-exec-9] o.s.web.servlet.DispatcherServlet        : GET "/api/v1/admin/staff", parameters={}
2026-10-01T09:38:07.462+02:00 DEBUG 20356 --- [ulwembu-platform-api] [nio-8081-exec-8] o.s.web.servlet.DispatcherServlet        : GET "/api/v1/facilities", parameters={}
2026-10-01T09:38:07.463+02:00 DEBUG 20356 --- [ulwembu-platform-api] [nio-8081-exec-9] s.w.s.m.m.a.RequestMappingHandlerMapping : Mapped to co.ehealth.platform.identity.StaffController#list()
2026-10-01T09:38:07.463+02:00 DEBUG 20356 --- [ulwembu-platform-api] [nio-8081-exec-8] s.w.s.m.m.a.RequestMappingHandlerMapping : Mapped to co.ehealth.platform.facility.FacilityController#list()
2026-10-01T09:38:07.465+02:00 DEBUG 20356 --- [ulwembu-platform-api] [nio-8081-exec-8] org.hibernate.SQL                        : select f1_0.id,f1_0.active,f1_0.address,f1_0.code,f1_0.daily_appointment_limit,f1_0.name,f1_0.operating_hours,f1_0.phone,f1_0.timezone,f1_0.type from facilities f1_0 where f1_0.active order by f1_0.name
2026-10-01T09:38:07.465+02:00 DEBUG 20356 --- [ulwembu-platform-api] [nio-8081-exec-9] org.hibernate.SQL                        : select u1_0.id,u1_0.contact_number,u1_0.contact_verified_at,u1_0.date_of_birth,u1_0.department,u1_0.designation,u1_0.email,u1_0.email_verified_at,u1_0.emergency_contact_name,u1_0.emergency_contact_phone,u1_0.emergency_contact_relationship,u1_0.employee_number,u1_0.employment_end_date,u1_0.employment_start_date,u1_0.employment_type,u1_0.facility_id,u1_0.failed_login_count,u1_0.first_name,u1_0.gender,u1_0.hpcsa_expiry_date,u1_0.hpcsa_number,u1_0.id_number,u1_0.last_failed_login_at,u1_0.last_login_at,u1_0.last_name,u1_0.locked_at,u1_0.manager_id,u1_0.must_change_password,u1_0.password_hash,u1_0.profile_photo_url,u1_0.sanc_expiry_date,u1_0.sanc_number,u1_0.sapc_expiry_date,u1_0.sapc_number,u1_0.status,u1_0.token_version from users u1_0
2026-10-01T09:38:07.466+02:00 DEBUG 20356 --- [ulwembu-platform-api] [nio-8081-exec-8] m.m.a.RequestResponseBodyMethodProcessor : Using 'application/json', given [*/*] and supported [application/json, application/*+json]
2026-10-01T09:38:07.467+02:00 DEBUG 20356 --- [ulwembu-platform-api] [nio-8081-exec-8] m.m.a.RequestResponseBodyMethodProcessor : Writing [{items=[{id=a7ee88e2-3a54-4d1f-8c46-59075756ae12, name=Demo Main Clinic}, {id=aa7942b0-2bd2-4e25-95c (truncated)...]
2026-10-01T09:38:07.468+02:00 DEBUG 20356 --- [ulwembu-platform-api] [nio-8081-exec-9] org.hibernate.SQL                        : select r.name from roles r, user_roles ur where ur.role_id = r.id and ur.user_id = ?
2026-10-01T09:38:07.468+02:00 DEBUG 20356 --- [ulwembu-platform-api] [nio-8081-exec-8] o.s.web.servlet.DispatcherServlet        : Completed 200 OK
2026-10-01T09:38:07.472+02:00 DEBUG 20356 --- [ulwembu-platform-api] [nio-8081-exec-9] org.hibernate.SQL                        : select r.name from roles r, user_roles ur where ur.role_id = r.id and ur.user_id = ?
2026-10-01T09:38:07.474+02:00 DEBUG 20356 --- [ulwembu-platform-api] [nio-8081-exec-9] org.hibernate.SQL                        : select r.name from roles r, user_roles ur where ur.role_id = r.id and ur.user_id = ?
2026-10-01T09:38:07.477+02:00 DEBUG 20356 --- [ulwembu-platform-api] [nio-8081-exec-9] org.hibernate.SQL                        : select r.name from roles r, user_roles ur where ur.role_id = r.id and ur.user_id = ?
2026-10-01T09:38:07.480+02:00 DEBUG 20356 --- [ulwembu-platform-api] [nio-8081-exec-9] org.hibernate.SQL                        : select r.name from roles r, user_roles ur where ur.role_id = r.id and ur.user_id = ?
2026-10-01T09:38:07.483+02:00 DEBUG 20356 --- [ulwembu-platform-api] [nio-8081-exec-9] org.hibernate.SQL                        : select r.name from roles r, user_roles ur where ur.role_id = r.id and ur.user_id = ?
2026-10-01T09:38:07.486+02:00 DEBUG 20356 --- [ulwembu-platform-api] [nio-8081-exec-9] org.hibernate.SQL                        : select r.name from roles r, user_roles ur where ur.role_id = r.id and ur.user_id = ?
2026-10-01T09:38:07.489+02:00 DEBUG 20356 --- [ulwembu-platform-api] [nio-8081-exec-9] o.s.w.s.m.m.a.HttpEntityMethodProcessor  : Using 'application/json', given [*/*] and supported [application/json, application/*+json]
2026-10-01T09:38:07.490+02:00 DEBUG 20356 --- [ulwembu-platform-api] [nio-8081-exec-9] o.s.w.s.m.m.a.HttpEntityMethodProcessor  : Writing [{items=[StaffRosterEntry[id=b5f7b3c2-a88d-48bf-89e1-90139f9aec42, employeeNumber=EMP-1001, firstName (truncated)...]
2026-10-01T09:38:07.492+02:00 DEBUG 20356 --- [ulwembu-platform-api] [nio-8081-exec-9] o.s.web.servlet.DispatcherServlet        : Completed 200 OK
2026-10-01T09:38:09.933+02:00 DEBUG 20356 --- [ulwembu-platform-api] [nio-8081-exec-6] org.hibernate.SQL                        : select o1_0.id,o1_0.branding,o1_0.created_at,o1_0.display_name,o1_0.mail_settings,o1_0.profile,o1_0.schema_name,o1_0.sector,o1_0.slug,o1_0.sso_settings,o1_0.status,o1_0.tenant_code from control.organizations o1_0 where o1_0.slug=?
2026-10-01T09:38:09.936+02:00 DEBUG 20356 --- [ulwembu-platform-api] [io-8081-exec-10] org.hibernate.SQL                        : select o1_0.id,o1_0.branding,o1_0.created_at,o1_0.display_name,o1_0.mail_settings,o1_0.profile,o1_0.schema_name,o1_0.sector,o1_0.slug,o1_0.sso_settings,o1_0.status,o1_0.tenant_code from control.organizations o1_0 where o1_0.slug=?
2026-10-01T09:38:09.940+02:00 DEBUG 20356 --- [ulwembu-platform-api] [io-8081-exec-10] org.hibernate.SQL                        : select u1_0.id,u1_0.contact_number,u1_0.contact_verified_at,u1_0.date_of_birth,u1_0.department,u1_0.designation,u1_0.email,u1_0.email_verified_at,u1_0.emergency_contact_name,u1_0.emergency_contact_phone,u1_0.emergency_contact_relationship,u1_0.employee_number,u1_0.employment_end_date,u1_0.employment_start_date,u1_0.employment_type,u1_0.facility_id,u1_0.failed_login_count,u1_0.first_name,u1_0.gender,u1_0.hpcsa_expiry_date,u1_0.hpcsa_number,u1_0.id_number,u1_0.last_failed_login_at,u1_0.last_login_at,u1_0.last_name,u1_0.locked_at,u1_0.manager_id,u1_0.must_change_password,u1_0.password_hash,u1_0.profile_photo_url,u1_0.sanc_expiry_date,u1_0.sanc_number,u1_0.sapc_expiry_date,u1_0.sapc_number,u1_0.status,u1_0.token_version from users u1_0 where u1_0.id=?
2026-10-01T09:38:09.941+02:00 DEBUG 20356 --- [ulwembu-platform-api] [nio-8081-exec-6] org.hibernate.SQL                        : select u1_0.id,u1_0.contact_number,u1_0.contact_verified_at,u1_0.date_of_birth,u1_0.department,u1_0.designation,u1_0.email,u1_0.email_verified_at,u1_0.emergency_contact_name,u1_0.emergency_contact_phone,u1_0.emergency_contact_relationship,u1_0.employee_number,u1_0.employment_end_date,u1_0.employment_start_date,u1_0.employment_type,u1_0.facility_id,u1_0.failed_login_count,u1_0.first_name,u1_0.gender,u1_0.hpcsa_expiry_date,u1_0.hpcsa_number,u1_0.id_number,u1_0.last_failed_login_at,u1_0.last_login_at,u1_0.last_name,u1_0.locked_at,u1_0.manager_id,u1_0.must_change_password,u1_0.password_hash,u1_0.profile_photo_url,u1_0.sanc_expiry_date,u1_0.sanc_number,u1_0.sapc_expiry_date,u1_0.sapc_number,u1_0.status,u1_0.token_version from users u1_0 where u1_0.id=?
2026-10-01T09:38:09.942+02:00 DEBUG 20356 --- [ulwembu-platform-api] [io-8081-exec-10] o.s.web.servlet.DispatcherServlet        : GET "/api/v1/roles", parameters={}
2026-10-01T09:38:09.943+02:00 DEBUG 20356 --- [ulwembu-platform-api] [nio-8081-exec-6] o.s.web.servlet.DispatcherServlet        : GET "/api/v1/facilities", parameters={}
2026-10-01T09:38:09.943+02:00 DEBUG 20356 --- [ulwembu-platform-api] [io-8081-exec-10] s.w.s.m.m.a.RequestMappingHandlerMapping : Mapped to co.ehealth.platform.identity.RoleController#list()
2026-10-01T09:38:09.943+02:00 DEBUG 20356 --- [ulwembu-platform-api] [nio-8081-exec-6] s.w.s.m.m.a.RequestMappingHandlerMapping : Mapped to co.ehealth.platform.facility.FacilityController#list()
2026-10-01T09:38:09.945+02:00 DEBUG 20356 --- [ulwembu-platform-api] [nio-8081-exec-6] org.hibernate.SQL                        : select f1_0.id,f1_0.active,f1_0.address,f1_0.code,f1_0.daily_appointment_limit,f1_0.name,f1_0.operating_hours,f1_0.phone,f1_0.timezone,f1_0.type from facilities f1_0 where f1_0.active order by f1_0.name
2026-10-01T09:38:09.945+02:00 DEBUG 20356 --- [ulwembu-platform-api] [io-8081-exec-10] org.hibernate.SQL                        : select r1_0.id,r1_0.name from roles r1_0
2026-10-01T09:38:09.948+02:00 DEBUG 20356 --- [ulwembu-platform-api] [io-8081-exec-10] m.m.a.RequestResponseBodyMethodProcessor : Using 'application/json', given [*/*] and supported [application/json, application/*+json]
2026-10-01T09:38:09.948+02:00 DEBUG 20356 --- [ulwembu-platform-api] [io-8081-exec-10] m.m.a.RequestResponseBodyMethodProcessor : Writing [{items=[{id=94d7563a-aebf-4e3e-867f-f2d945dc0d00, name=ORG_ADMIN}, {id=5598bc8b-f82f-4b54-ad03-6b784 (truncated)...]
2026-10-01T09:38:09.949+02:00 DEBUG 20356 --- [ulwembu-platform-api] [nio-8081-exec-6] m.m.a.RequestResponseBodyMethodProcessor : Using 'application/json', given [*/*] and supported [application/json, application/*+json]
2026-10-01T09:38:09.949+02:00 DEBUG 20356 --- [ulwembu-platform-api] [nio-8081-exec-6] m.m.a.RequestResponseBodyMethodProcessor : Writing [{items=[{id=a7ee88e2-3a54-4d1f-8c46-59075756ae12, name=Demo Main Clinic}, {id=aa7942b0-2bd2-4e25-95c (truncated)...]
2026-10-01T09:38:09.950+02:00 DEBUG 20356 --- [ulwembu-platform-api] [nio-8081-exec-6] o.s.web.servlet.DispatcherServlet        : Completed 200 OK
2026-10-01T09:38:09.949+02:00 DEBUG 20356 --- [ulwembu-platform-api] [io-8081-exec-10] o.s.web.servlet.DispatcherServlet        : Completed 200 OK
2026-10-01T09:38:35.499+02:00 DEBUG 20356 --- [ulwembu-platform-api] [nio-8081-exec-5] org.hibernate.SQL                        : select o1_0.id,o1_0.branding,o1_0.created_at,o1_0.display_name,o1_0.mail_settings,o1_0.profile,o1_0.schema_name,o1_0.sector,o1_0.slug,o1_0.sso_settings,o1_0.status,o1_0.tenant_code from control.organizations o1_0 where o1_0.slug=?
2026-10-01T09:38:35.505+02:00 DEBUG 20356 --- [ulwembu-platform-api] [nio-8081-exec-3] org.hibernate.SQL                        : select o1_0.id,o1_0.branding,o1_0.created_at,o1_0.display_name,o1_0.mail_settings,o1_0.profile,o1_0.schema_name,o1_0.sector,o1_0.slug,o1_0.sso_settings,o1_0.status,o1_0.tenant_code from control.organizations o1_0 where o1_0.slug=?
2026-10-01T09:38:35.507+02:00 DEBUG 20356 --- [ulwembu-platform-api] [nio-8081-exec-5] org.hibernate.SQL                        : select u1_0.id,u1_0.contact_number,u1_0.contact_verified_at,u1_0.date_of_birth,u1_0.department,u1_0.designation,u1_0.email,u1_0.email_verified_at,u1_0.emergency_contact_name,u1_0.emergency_contact_phone,u1_0.emergency_contact_relationship,u1_0.employee_number,u1_0.employment_end_date,u1_0.employment_start_date,u1_0.employment_type,u1_0.facility_id,u1_0.failed_login_count,u1_0.first_name,u1_0.gender,u1_0.hpcsa_expiry_date,u1_0.hpcsa_number,u1_0.id_number,u1_0.last_failed_login_at,u1_0.last_login_at,u1_0.last_name,u1_0.locked_at,u1_0.manager_id,u1_0.must_change_password,u1_0.password_hash,u1_0.profile_photo_url,u1_0.sanc_expiry_date,u1_0.sanc_number,u1_0.sapc_expiry_date,u1_0.sapc_number,u1_0.status,u1_0.token_version from users u1_0 where u1_0.id=?
2026-10-01T09:38:35.511+02:00 DEBUG 20356 --- [ulwembu-platform-api] [nio-8081-exec-5] o.s.web.servlet.DispatcherServlet        : GET "/api/v1/facilities", parameters={}
2026-10-01T09:38:35.511+02:00 DEBUG 20356 --- [ulwembu-platform-api] [nio-8081-exec-3] org.hibernate.SQL                        : select u1_0.id,u1_0.contact_number,u1_0.contact_verified_at,u1_0.date_of_birth,u1_0.department,u1_0.designation,u1_0.email,u1_0.email_verified_at,u1_0.emergency_contact_name,u1_0.emergency_contact_phone,u1_0.emergency_contact_relationship,u1_0.employee_number,u1_0.employment_end_date,u1_0.employment_start_date,u1_0.employment_type,u1_0.facility_id,u1_0.failed_login_count,u1_0.first_name,u1_0.gender,u1_0.hpcsa_expiry_date,u1_0.hpcsa_number,u1_0.id_number,u1_0.last_failed_login_at,u1_0.last_login_at,u1_0.last_name,u1_0.locked_at,u1_0.manager_id,u1_0.must_change_password,u1_0.password_hash,u1_0.profile_photo_url,u1_0.sanc_expiry_date,u1_0.sanc_number,u1_0.sapc_expiry_date,u1_0.sapc_number,u1_0.status,u1_0.token_version from users u1_0 where u1_0.id=?
2026-10-01T09:38:35.512+02:00 DEBUG 20356 --- [ulwembu-platform-api] [nio-8081-exec-5] s.w.s.m.m.a.RequestMappingHandlerMapping : Mapped to co.ehealth.platform.facility.FacilityController#list()
2026-10-01T09:38:35.513+02:00 DEBUG 20356 --- [ulwembu-platform-api] [nio-8081-exec-5] org.hibernate.SQL                        : select f1_0.id,f1_0.active,f1_0.address,f1_0.code,f1_0.daily_appointment_limit,f1_0.name,f1_0.operating_hours,f1_0.phone,f1_0.timezone,f1_0.type from facilities f1_0 where f1_0.active order by f1_0.name
2026-10-01T09:38:35.514+02:00 DEBUG 20356 --- [ulwembu-platform-api] [nio-8081-exec-3] o.s.web.servlet.DispatcherServlet        : GET "/api/v1/admin/staff", parameters={}
2026-10-01T09:38:35.515+02:00 DEBUG 20356 --- [ulwembu-platform-api] [nio-8081-exec-3] s.w.s.m.m.a.RequestMappingHandlerMapping : Mapped to co.ehealth.platform.identity.StaffController#list()
2026-10-01T09:38:35.515+02:00 DEBUG 20356 --- [ulwembu-platform-api] [nio-8081-exec-5] m.m.a.RequestResponseBodyMethodProcessor : Using 'application/json', given [*/*] and supported [application/json, application/*+json]
2026-10-01T09:38:35.515+02:00 DEBUG 20356 --- [ulwembu-platform-api] [nio-8081-exec-5] m.m.a.RequestResponseBodyMethodProcessor : Writing [{items=[{id=a7ee88e2-3a54-4d1f-8c46-59075756ae12, name=Demo Main Clinic}, {id=aa7942b0-2bd2-4e25-95c (truncated)...]
2026-10-01T09:38:35.516+02:00 DEBUG 20356 --- [ulwembu-platform-api] [nio-8081-exec-5] o.s.web.servlet.DispatcherServlet        : Completed 200 OK
2026-10-01T09:38:35.516+02:00 DEBUG 20356 --- [ulwembu-platform-api] [nio-8081-exec-3] org.hibernate.SQL                        : select u1_0.id,u1_0.contact_number,u1_0.contact_verified_at,u1_0.date_of_birth,u1_0.department,u1_0.designation,u1_0.email,u1_0.email_verified_at,u1_0.emergency_contact_name,u1_0.emergency_contact_phone,u1_0.emergency_contact_relationship,u1_0.employee_number,u1_0.employment_end_date,u1_0.employment_start_date,u1_0.employment_type,u1_0.facility_id,u1_0.failed_login_count,u1_0.first_name,u1_0.gender,u1_0.hpcsa_expiry_date,u1_0.hpcsa_number,u1_0.id_number,u1_0.last_failed_login_at,u1_0.last_login_at,u1_0.last_name,u1_0.locked_at,u1_0.manager_id,u1_0.must_change_password,u1_0.password_hash,u1_0.profile_photo_url,u1_0.sanc_expiry_date,u1_0.sanc_number,u1_0.sapc_expiry_date,u1_0.sapc_number,u1_0.status,u1_0.token_version from users u1_0
2026-10-01T09:38:35.520+02:00 DEBUG 20356 --- [ulwembu-platform-api] [nio-8081-exec-3] org.hibernate.SQL                        : select r.name from roles r, user_roles ur where ur.role_id = r.id and ur.user_id = ?
2026-10-01T09:38:35.522+02:00 DEBUG 20356 --- [ulwembu-platform-api] [nio-8081-exec-3] org.hibernate.SQL                        : select r.name from roles r, user_roles ur where ur.role_id = r.id and ur.user_id = ?
2026-10-01T09:38:35.525+02:00 DEBUG 20356 --- [ulwembu-platform-api] [nio-8081-exec-3] org.hibernate.SQL                        : select r.name from roles r, user_roles ur where ur.role_id = r.id and ur.user_id = ?
2026-10-01T09:38:35.527+02:00 DEBUG 20356 --- [ulwembu-platform-api] [nio-8081-exec-3] org.hibernate.SQL                        : select r.name from roles r, user_roles ur where ur.role_id = r.id and ur.user_id = ?
2026-10-01T09:38:35.528+02:00 DEBUG 20356 --- [ulwembu-platform-api] [nio-8081-exec-3] org.hibernate.SQL                        : select r.name from roles r, user_roles ur where ur.role_id = r.id and ur.user_id = ?
2026-10-01T09:38:35.530+02:00 DEBUG 20356 --- [ulwembu-platform-api] [nio-8081-exec-3] org.hibernate.SQL                        : select r.name from roles r, user_roles ur where ur.role_id = r.id and ur.user_id = ?
2026-10-01T09:38:35.532+02:00 DEBUG 20356 --- [ulwembu-platform-api] [nio-8081-exec-3] org.hibernate.SQL                        : select r.name from roles r, user_roles ur where ur.role_id = r.id and ur.user_id = ?
2026-10-01T09:38:35.533+02:00 DEBUG 20356 --- [ulwembu-platform-api] [nio-8081-exec-3] o.s.w.s.m.m.a.HttpEntityMethodProcessor  : Using 'application/json', given [*/*] and supported [application/json, application/*+json]
2026-10-01T09:38:35.535+02:00 DEBUG 20356 --- [ulwembu-platform-api] [nio-8081-exec-3] o.s.w.s.m.m.a.HttpEntityMethodProcessor  : Writing [{items=[StaffRosterEntry[id=b5f7b3c2-a88d-48bf-89e1-90139f9aec42, employeeNumber=EMP-1001, firstName (truncated)...]
2026-10-01T09:38:35.535+02:00 DEBUG 20356 --- [ulwembu-platform-api] [nio-8081-exec-3] o.s.web.servlet.DispatcherServlet        : Completed 200 OK
2026-10-01T09:38:44.586+02:00 DEBUG 20356 --- [ulwembu-platform-api] [nio-8081-exec-8] org.hibernate.SQL                        : select o1_0.id,o1_0.branding,o1_0.created_at,o1_0.display_name,o1_0.mail_settings,o1_0.profile,o1_0.schema_name,o1_0.sector,o1_0.slug,o1_0.sso_settings,o1_0.status,o1_0.tenant_code from control.organizations o1_0 where o1_0.slug=?
2026-10-01T09:38:44.586+02:00 DEBUG 20356 --- [ulwembu-platform-api] [nio-8081-exec-9] org.hibernate.SQL                        : select o1_0.id,o1_0.branding,o1_0.created_at,o1_0.display_name,o1_0.mail_settings,o1_0.profile,o1_0.schema_name,o1_0.sector,o1_0.slug,o1_0.sso_settings,o1_0.status,o1_0.tenant_code from control.organizations o1_0 where o1_0.slug=?
2026-10-01T09:38:44.593+02:00 DEBUG 20356 --- [ulwembu-platform-api] [nio-8081-exec-9] org.hibernate.SQL                        : select u1_0.id,u1_0.contact_number,u1_0.contact_verified_at,u1_0.date_of_birth,u1_0.department,u1_0.designation,u1_0.email,u1_0.email_verified_at,u1_0.emergency_contact_name,u1_0.emergency_contact_phone,u1_0.emergency_contact_relationship,u1_0.employee_number,u1_0.employment_end_date,u1_0.employment_start_date,u1_0.employment_type,u1_0.facility_id,u1_0.failed_login_count,u1_0.first_name,u1_0.gender,u1_0.hpcsa_expiry_date,u1_0.hpcsa_number,u1_0.id_number,u1_0.last_failed_login_at,u1_0.last_login_at,u1_0.last_name,u1_0.locked_at,u1_0.manager_id,u1_0.must_change_password,u1_0.password_hash,u1_0.profile_photo_url,u1_0.sanc_expiry_date,u1_0.sanc_number,u1_0.sapc_expiry_date,u1_0.sapc_number,u1_0.status,u1_0.token_version from users u1_0 where u1_0.id=?
2026-10-01T09:38:44.593+02:00 DEBUG 20356 --- [ulwembu-platform-api] [nio-8081-exec-8] org.hibernate.SQL                        : select u1_0.id,u1_0.contact_number,u1_0.contact_verified_at,u1_0.date_of_birth,u1_0.department,u1_0.designation,u1_0.email,u1_0.email_verified_at,u1_0.emergency_contact_name,u1_0.emergency_contact_phone,u1_0.emergency_contact_relationship,u1_0.employee_number,u1_0.employment_end_date,u1_0.employment_start_date,u1_0.employment_type,u1_0.facility_id,u1_0.failed_login_count,u1_0.first_name,u1_0.gender,u1_0.hpcsa_expiry_date,u1_0.hpcsa_number,u1_0.id_number,u1_0.last_failed_login_at,u1_0.last_login_at,u1_0.last_name,u1_0.locked_at,u1_0.manager_id,u1_0.must_change_password,u1_0.password_hash,u1_0.profile_photo_url,u1_0.sanc_expiry_date,u1_0.sanc_number,u1_0.sapc_expiry_date,u1_0.sapc_number,u1_0.status,u1_0.token_version from users u1_0 where u1_0.id=?
2026-10-01T09:38:44.597+02:00 DEBUG 20356 --- [ulwembu-platform-api] [nio-8081-exec-8] o.s.web.servlet.DispatcherServlet        : GET "/api/v1/facilities", parameters={}
2026-10-01T09:38:44.597+02:00 DEBUG 20356 --- [ulwembu-platform-api] [nio-8081-exec-9] o.s.web.servlet.DispatcherServlet        : GET "/api/v1/roles", parameters={}
2026-10-01T09:38:44.597+02:00 DEBUG 20356 --- [ulwembu-platform-api] [nio-8081-exec-8] s.w.s.m.m.a.RequestMappingHandlerMapping : Mapped to co.ehealth.platform.facility.FacilityController#list()
2026-10-01T09:38:44.598+02:00 DEBUG 20356 --- [ulwembu-platform-api] [nio-8081-exec-9] s.w.s.m.m.a.RequestMappingHandlerMapping : Mapped to co.ehealth.platform.identity.RoleController#list()
2026-10-01T09:38:44.600+02:00 DEBUG 20356 --- [ulwembu-platform-api] [nio-8081-exec-8] org.hibernate.SQL                        : select f1_0.id,f1_0.active,f1_0.address,f1_0.code,f1_0.daily_appointment_limit,f1_0.name,f1_0.operating_hours,f1_0.phone,f1_0.timezone,f1_0.type from facilities f1_0 where f1_0.active order by f1_0.name
2026-10-01T09:38:44.600+02:00 DEBUG 20356 --- [ulwembu-platform-api] [nio-8081-exec-9] org.hibernate.SQL                        : select r1_0.id,r1_0.name from roles r1_0
2026-10-01T09:38:44.602+02:00 DEBUG 20356 --- [ulwembu-platform-api] [nio-8081-exec-8] m.m.a.RequestResponseBodyMethodProcessor : Using 'application/json', given [*/*] and supported [application/json, application/*+json]
2026-10-01T09:38:44.602+02:00 DEBUG 20356 --- [ulwembu-platform-api] [nio-8081-exec-9] m.m.a.RequestResponseBodyMethodProcessor : Using 'application/json', given [*/*] and supported [application/json, application/*+json]
2026-10-01T09:38:44.603+02:00 DEBUG 20356 --- [ulwembu-platform-api] [nio-8081-exec-8] m.m.a.RequestResponseBodyMethodProcessor : Writing [{items=[{id=a7ee88e2-3a54-4d1f-8c46-59075756ae12, name=Demo Main Clinic}, {id=aa7942b0-2bd2-4e25-95c (truncated)...]
2026-10-01T09:38:44.603+02:00 DEBUG 20356 --- [ulwembu-platform-api] [nio-8081-exec-9] m.m.a.RequestResponseBodyMethodProcessor : Writing [{items=[{id=94d7563a-aebf-4e3e-867f-f2d945dc0d00, name=ORG_ADMIN}, {id=5598bc8b-f82f-4b54-ad03-6b784 (truncated)...]
2026-10-01T09:38:44.604+02:00 DEBUG 20356 --- [ulwembu-platform-api] [nio-8081-exec-9] o.s.web.servlet.DispatcherServlet        : Completed 200 OK
2026-10-01T09:38:44.604+02:00 DEBUG 20356 --- [ulwembu-platform-api] [nio-8081-exec-8] o.s.web.servlet.DispatcherServlet        : Completed 200 OK
2026-10-01T09:40:13.630+02:00 DEBUG 20356 --- [ulwembu-platform-api] [nio-8081-exec-5] org.hibernate.SQL                        : select o1_0.id,o1_0.branding,o1_0.created_at,o1_0.display_name,o1_0.mail_settings,o1_0.profile,o1_0.schema_name,o1_0.sector,o1_0.slug,o1_0.sso_settings,o1_0.status,o1_0.tenant_code from control.organizations o1_0 where o1_0.slug=?
2026-10-01T09:40:13.634+02:00 DEBUG 20356 --- [ulwembu-platform-api] [nio-8081-exec-5] o.s.web.servlet.DispatcherServlet        : GET "/api/v1/public/organization", parameters={}
2026-10-01T09:40:13.634+02:00 DEBUG 20356 --- [ulwembu-platform-api] [nio-8081-exec-5] s.w.s.m.m.a.RequestMappingHandlerMapping : Mapped to co.ehealth.platform.core.tenant.PublicOrganizationController#getPublicOrganization()
2026-10-01T09:40:13.636+02:00 DEBUG 20356 --- [ulwembu-platform-api] [nio-8081-exec-5] org.hibernate.SQL                        : select o1_0.id,o1_0.branding,o1_0.created_at,o1_0.display_name,o1_0.mail_settings,o1_0.profile,o1_0.schema_name,o1_0.sector,o1_0.slug,o1_0.sso_settings,o1_0.status,o1_0.tenant_code from control.organizations o1_0 where o1_0.schema_name=?
2026-10-01T09:40:13.639+02:00 DEBUG 20356 --- [ulwembu-platform-api] [nio-8081-exec-5] o.s.w.s.m.m.a.HttpEntityMethodProcessor  : Using 'application/json', given [*/*] and supported [application/json, application/*+json]
2026-10-01T09:40:13.639+02:00 DEBUG 20356 --- [ulwembu-platform-api] [nio-8081-exec-5] o.s.w.s.m.m.a.HttpEntityMethodProcessor  : Writing [PublicOrganizationResponse[displayName=Demo Community Clinic, slug=demo-clinic, logoUrl=null, primar (truncated)...]
2026-10-01T09:40:13.640+02:00 DEBUG 20356 --- [ulwembu-platform-api] [nio-8081-exec-5] o.s.web.servlet.DispatcherServlet        : Completed 200 OK
2026-10-01T09:43:56.600+02:00 DEBUG 20356 --- [ulwembu-platform-api] [nio-8081-exec-7] org.hibernate.SQL                        : select o1_0.id,o1_0.branding,o1_0.created_at,o1_0.display_name,o1_0.mail_settings,o1_0.profile,o1_0.schema_name,o1_0.sector,o1_0.slug,o1_0.sso_settings,o1_0.status,o1_0.tenant_code from control.organizations o1_0 where o1_0.slug=?
2026-10-01T09:43:56.609+02:00 DEBUG 20356 --- [ulwembu-platform-api] [nio-8081-exec-7] org.hibernate.SQL                        : select u1_0.id,u1_0.contact_number,u1_0.contact_verified_at,u1_0.date_of_birth,u1_0.department,u1_0.designation,u1_0.email,u1_0.email_verified_at,u1_0.emergency_contact_name,u1_0.emergency_contact_phone,u1_0.emergency_contact_relationship,u1_0.employee_number,u1_0.employment_end_date,u1_0.employment_start_date,u1_0.employment_type,u1_0.facility_id,u1_0.failed_login_count,u1_0.first_name,u1_0.gender,u1_0.hpcsa_expiry_date,u1_0.hpcsa_number,u1_0.id_number,u1_0.last_failed_login_at,u1_0.last_login_at,u1_0.last_name,u1_0.locked_at,u1_0.manager_id,u1_0.must_change_password,u1_0.password_hash,u1_0.profile_photo_url,u1_0.sanc_expiry_date,u1_0.sanc_number,u1_0.sapc_expiry_date,u1_0.sapc_number,u1_0.status,u1_0.token_version from users u1_0 where u1_0.id=?
2026-10-01T09:43:56.616+02:00 DEBUG 20356 --- [ulwembu-platform-api] [nio-8081-exec-7] o.s.web.servlet.DispatcherServlet        : POST "/api/v1/admin/staff", parameters={}
2026-10-01T09:43:56.617+02:00 DEBUG 20356 --- [ulwembu-platform-api] [nio-8081-exec-7] s.w.s.m.m.a.RequestMappingHandlerMapping : Mapped to co.ehealth.platform.identity.StaffController#create(CreateStaffRequest, AuthenticatedPrincipal)
2026-10-01T09:43:56.662+02:00 DEBUG 20356 --- [ulwembu-platform-api] [nio-8081-exec-7] m.m.a.RequestResponseBodyMethodProcessor : Read "application/json;charset=UTF-8" to [CreateStaffRequest[firstName=mpho, lastName=ndou, employeeNumber=P2244, idNumber=0501017053080, emai (truncated)...]
2026-10-01T09:43:56.699+02:00 DEBUG 20356 --- [ulwembu-platform-api] [nio-8081-exec-7] org.hibernate.SQL                        : select u1_0.id from users u1_0 where u1_0.employee_number=? fetch first ? rows only
2026-10-01T09:43:56.703+02:00 DEBUG 20356 --- [ulwembu-platform-api] [nio-8081-exec-7] org.hibernate.SQL                        : select u1_0.id from users u1_0 where u1_0.email=? fetch first ? rows only
2026-10-01T09:43:56.705+02:00 DEBUG 20356 --- [ulwembu-platform-api] [nio-8081-exec-7] org.hibernate.SQL                        : select u1_0.id from users u1_0 where u1_0.contact_number=? fetch first ? rows only
2026-10-01T09:43:56.709+02:00 DEBUG 20356 --- [ulwembu-platform-api] [nio-8081-exec-7] org.hibernate.SQL                        : select u1_0.id from users u1_0 where u1_0.id_number=? fetch first ? rows only
2026-10-01T09:43:56.713+02:00 DEBUG 20356 --- [ulwembu-platform-api] [nio-8081-exec-7] org.hibernate.SQL                        : select u1_0.id from users u1_0 where u1_0.sanc_number=? fetch first ? rows only
2026-10-01T09:43:56.716+02:00 DEBUG 20356 --- [ulwembu-platform-api] [nio-8081-exec-7] org.hibernate.SQL                        : select u1_0.id from users u1_0 where u1_0.hpcsa_number=? fetch first ? rows only
2026-10-01T09:43:56.719+02:00 DEBUG 20356 --- [ulwembu-platform-api] [nio-8081-exec-7] org.hibernate.SQL                        : select u1_0.id from users u1_0 where u1_0.sapc_number=? fetch first ? rows only
2026-10-01T09:43:57.140+02:00 DEBUG 20356 --- [ulwembu-platform-api] [nio-8081-exec-7] org.hibernate.SQL                        : insert into users (contact_number,contact_verified_at,date_of_birth,department,designation,email,email_verified_at,emergency_contact_name,emergency_contact_phone,emergency_contact_relationship,employee_number,employment_end_date,employment_start_date,employment_type,facility_id,failed_login_count,first_name,gender,hpcsa_expiry_date,hpcsa_number,id_number,last_failed_login_at,last_login_at,last_name,locked_at,manager_id,must_change_password,password_hash,profile_photo_url,sanc_expiry_date,sanc_number,sapc_expiry_date,sapc_number,status,token_version,id) values (?,?,?,?,?,?,?,?,?,?,?,?,?,?,?,?,?,?,?,?,?,?,?,?,?,?,?,?,?,?,?,?,?,?,?,?)
2026-10-01T09:43:57.154+02:00 DEBUG 20356 --- [ulwembu-platform-api] [nio-8081-exec-7] org.hibernate.SQL                        : insert into user_roles (id, user_id, role_id, facility_id) values (gen_random_uuid(), ?, ?, ?)
2026-10-01T09:43:57.162+02:00 DEBUG 20356 --- [ulwembu-platform-api] [nio-8081-exec-7] org.hibernate.SQL                        : insert into user_facilities (user_id, facility_id) values (?, ?) on conflict do nothing
2026-10-01T09:43:57.167+02:00 DEBUG 20356 --- [ulwembu-platform-api] [nio-8081-exec-7] org.hibernate.SQL                        : select o1_0.id,o1_0.branding,o1_0.created_at,o1_0.display_name,o1_0.mail_settings,o1_0.profile,o1_0.schema_name,o1_0.sector,o1_0.slug,o1_0.sso_settings,o1_0.status,o1_0.tenant_code from control.organizations o1_0 where o1_0.schema_name=?
2026-10-01T09:43:57.175+02:00 DEBUG 20356 --- [ulwembu-platform-api] [nio-8081-exec-7] org.hibernate.SQL                        : select o1_0.id,o1_0.branding,o1_0.created_at,o1_0.display_name,o1_0.mail_settings,o1_0.profile,o1_0.schema_name,o1_0.sector,o1_0.slug,o1_0.sso_settings,o1_0.status,o1_0.tenant_code from control.organizations o1_0 where o1_0.schema_name=?
2026-10-01T09:43:57.187+02:00 DEBUG 20356 --- [ulwembu-platform-api] [nio-8081-exec-7] org.hibernate.SQL                        : insert into audit_log (action,after_value,before_value,created_at,device_signature,entity_id,entity_type,facility_id,ip_address,user_id,id) values (?,?,?,?,?,?,?,?,?,?,?)
2026-10-01T09:43:57.200+02:00 DEBUG 20356 --- [ulwembu-platform-api] [nio-8081-exec-7] o.s.w.s.m.m.a.HttpEntityMethodProcessor  : Using 'application/json', given [*/*] and supported [application/json, application/*+json]
2026-10-01T09:43:57.205+02:00 DEBUG 20356 --- [ulwembu-platform-api] [nio-8081-exec-7] o.s.w.s.m.m.a.HttpEntityMethodProcessor  : Writing [StaffSummary[id=44a92d46-5c61-492b-af21-555bba2bea75, employeeNumber=P2244, email=mphoza@outlook.com (truncated)...]
2026-10-01T09:43:57.206+02:00 DEBUG 20356 --- [ulwembu-platform-api] [nio-8081-exec-7] o.s.web.servlet.DispatcherServlet        : Completed 201 CREATED
2026-10-01T09:43:57.327+02:00  INFO 20356 --- [ulwembu-platform-api] [        email-1] c.e.p.c.n.EmailDeliveryWorker            : Email send to mphoza@outlook.com failed on attempt 1/3, retrying in 1000ms: Authentication failed
2026-10-01T09:43:58.339+02:00  INFO 20356 --- [ulwembu-platform-api] [        email-1] c.e.p.c.n.EmailDeliveryWorker            : Email send to mphoza@outlook.com failed on attempt 2/3, retrying in 3000ms: Authentication failed
2026-10-01T09:44:01.348+02:00  WARN 20356 --- [ulwembu-platform-api] [        email-1] c.e.p.c.n.EmailDeliveryWorker            : Failed to send email to mphoza@outlook.com after 3 attempts (expected without real SMTP credentials configured)

org.springframework.mail.MailAuthenticationException: Authentication failed
	at org.springframework.mail.javamail.JavaMailSenderImpl.doSend(JavaMailSenderImpl.java:402) ~[spring-context-support-6.1.13.jar!/:6.1.13]
	at org.springframework.mail.javamail.JavaMailSenderImpl.send(JavaMailSenderImpl.java:350) ~[spring-context-support-6.1.13.jar!/:6.1.13]
	at org.springframework.mail.javamail.JavaMailSender.send(JavaMailSender.java:101) ~[spring-context-support-6.1.13.jar!/:6.1.13]
	at co.ehealth.platform.core.notification.EmailDeliveryWorker.deliver(EmailDeliveryWorker.java:79) ~[!/:0.1.0-SNAPSHOT]
	at java.base/jdk.internal.reflect.DirectMethodHandleAccessor.invoke(Unknown Source) ~[na:na]
	at java.base/java.lang.reflect.Method.invoke(Unknown Source) ~[na:na]
	at org.springframework.aop.support.AopUtils.invokeJoinpointUsingReflection(AopUtils.java:355) ~[spring-aop-6.1.13.jar!/:6.1.13]
	at org.springframework.aop.framework.ReflectiveMethodInvocation.invokeJoinpoint(ReflectiveMethodInvocation.java:196) ~[spring-aop-6.1.13.jar!/:6.1.13]
	at org.springframework.aop.framework.ReflectiveMethodInvocation.proceed(ReflectiveMethodInvocation.java:163) ~[spring-aop-6.1.13.jar!/:6.1.13]
	at org.springframework.aop.framework.CglibAopProxy$CglibMethodInvocation.proceed(CglibAopProxy.java:768) ~[spring-aop-6.1.13.jar!/:6.1.13]
	at org.springframework.aop.interceptor.AsyncExecutionInterceptor.lambda$invoke$0(AsyncExecutionInterceptor.java:113) ~[spring-aop-6.1.13.jar!/:6.1.13]
	at java.base/java.util.concurrent.FutureTask.run(Unknown Source) ~[na:na]
	at java.base/java.util.concurrent.ThreadPoolExecutor.runWorker(Unknown Source) ~[na:na]
	at java.base/java.util.concurrent.ThreadPoolExecutor$Worker.run(Unknown Source) ~[na:na]
	at java.base/java.lang.Thread.run(Unknown Source) ~[na:na]
Caused by: jakarta.mail.AuthenticationFailedException: failed to connect, no password specified?
	at jakarta.mail.Service.connect(Service.java:379) ~[jakarta.mail-2.0.3.jar!/:na]
	at org.springframework.mail.javamail.JavaMailSenderImpl.connectTransport(JavaMailSenderImpl.java:480) ~[spring-context-support-6.1.13.jar!/:6.1.13]
	at org.springframework.mail.javamail.JavaMailSenderImpl.doSend(JavaMailSenderImpl.java:399) ~[spring-context-support-6.1.13.jar!/:6.1.13]
	... 14 common frames omitted

2026-10-01T09:44:04.020+02:00 DEBUG 20356 --- [ulwembu-platform-api] [nio-8081-exec-8] org.hibernate.SQL                        : select o1_0.id,o1_0.branding,o1_0.created_at,o1_0.display_name,o1_0.mail_settings,o1_0.profile,o1_0.schema_name,o1_0.sector,o1_0.slug,o1_0.sso_settings,o1_0.status,o1_0.tenant_code from control.organizations o1_0 where o1_0.slug=?
2026-10-01T09:44:04.038+02:00 DEBUG 20356 --- [ulwembu-platform-api] [nio-8081-exec-8] org.hibernate.SQL                        : select u1_0.id,u1_0.contact_number,u1_0.contact_verified_at,u1_0.date_of_birth,u1_0.department,u1_0.designation,u1_0.email,u1_0.email_verified_at,u1_0.emergency_contact_name,u1_0.emergency_contact_phone,u1_0.emergency_contact_relationship,u1_0.employee_number,u1_0.employment_end_date,u1_0.employment_start_date,u1_0.employment_type,u1_0.facility_id,u1_0.failed_login_count,u1_0.first_name,u1_0.gender,u1_0.hpcsa_expiry_date,u1_0.hpcsa_number,u1_0.id_number,u1_0.last_failed_login_at,u1_0.last_login_at,u1_0.last_name,u1_0.locked_at,u1_0.manager_id,u1_0.must_change_password,u1_0.password_hash,u1_0.profile_photo_url,u1_0.sanc_expiry_date,u1_0.sanc_number,u1_0.sapc_expiry_date,u1_0.sapc_number,u1_0.status,u1_0.token_version from users u1_0 where u1_0.id=?
2026-10-01T09:44:04.045+02:00 DEBUG 20356 --- [ulwembu-platform-api] [nio-8081-exec-8] o.s.web.servlet.DispatcherServlet        : GET "/api/v1/queue?facilityId=a7ee88e2-3a54-4d1f-8c46-59075756ae12&status=ISSUED&status=CALLED&status=MISSED&date=2026-10-01&page=0&pageSize=25", parameters={masked}
2026-10-01T09:44:04.045+02:00 DEBUG 20356 --- [ulwembu-platform-api] [nio-8081-exec-8] s.w.s.m.m.a.RequestMappingHandlerMapping : Mapped to co.ehealth.platform.visit.QueueController#list(UUID, String, Set, TokenPriority, LocalDate, int, int)
2026-10-01T09:44:04.049+02:00 DEBUG 20356 --- [ulwembu-platform-api] [nio-8081-exec-8] org.hibernate.SQL                        : SELECT DISTINCT p.code FROM permissions p
JOIN role_permissions rp ON rp.permission_id = p.id
JOIN roles r ON r.id = rp.role_id
WHERE r.name IN (?)

2026-10-01T09:44:04.053+02:00 DEBUG 20356 --- [ulwembu-platform-api] [nio-8081-exec-8] org.hibernate.SQL                        : select f1_0.id,f1_0.active,f1_0.address,f1_0.code,f1_0.daily_appointment_limit,f1_0.name,f1_0.operating_hours,f1_0.phone,f1_0.timezone,f1_0.type from facilities f1_0 where f1_0.id=?
2026-10-01T09:44:04.055+02:00 DEBUG 20356 --- [ulwembu-platform-api] [nio-8081-exec-8] org.hibernate.SQL                        : select qt1_0.id,qt1_0.called_at,qt1_0.cancel_reason,qt1_0.cancelled_at,qt1_0.cancelled_by_user_id,qt1_0.completed_at,qt1_0.facility_id,qt1_0.issued_at,qt1_0.issued_by_user_id,qt1_0.is_manual,qt1_0.missed_at,qt1_0.priority,qt1_0.status,qt1_0.token_number,qt1_0.visit_id from queue_tokens qt1_0 where qt1_0.facility_id=? and qt1_0.issued_at>=? and qt1_0.issued_at<? order by case qt1_0.status when 'CALLED' then 0 when 'ISSUED' then 1 else 2 end,case when qt1_0.priority='PRIORITY' then 0 else 1 end,qt1_0.issued_at
2026-10-01T09:44:04.058+02:00 DEBUG 20356 --- [ulwembu-platform-api] [nio-8081-exec-8] org.hibernate.SQL                        : select v1_0.id,v1_0.created_by_user_id,v1_0.facility_id,v1_0.patient_id,v1_0.service_stream,v1_0.transferred_from_visit_id,v1_0.visit_datetime,v1_0.visit_type from visits v1_0 where v1_0.id=?
2026-10-01T09:44:04.061+02:00 DEBUG 20356 --- [ulwembu-platform-api] [nio-8081-exec-8] org.hibernate.SQL                        : SELECT DISTINCT p.code FROM permissions p
JOIN role_permissions rp ON rp.permission_id = p.id
JOIN roles r ON r.id = rp.role_id
WHERE r.name IN (?)

2026-10-01T09:44:04.064+02:00 DEBUG 20356 --- [ulwembu-platform-api] [nio-8081-exec-8] org.hibernate.SQL                        : select p1_0.id,p1_0.address,p1_0.archived,p1_0.archived_at,p1_0.archived_by_user_id,p1_0.archived_reason,p1_0.citizenship_status,p1_0.contact_number,p1_0.created_at,p1_0.date_of_birth,p1_0.deceased_date,p1_0.email,p1_0.first_name,p1_0.gender,p1_0.id_number,p1_0.last_name,p1_0.medical_aid_number,p1_0.medical_aid_provider,p1_0.mpi_number,p1_0.passport_expiry,p1_0.passport_number,p1_0.registered_by_user_id from patients p1_0 where p1_0.id=?
2026-10-01T09:44:04.067+02:00 DEBUG 20356 --- [ulwembu-platform-api] [nio-8081-exec-8] o.s.w.s.m.m.a.HttpEntityMethodProcessor  : Using 'application/json', given [*/*] and supported [application/json, application/*+json]
2026-10-01T09:44:04.069+02:00 DEBUG 20356 --- [ulwembu-platform-api] [nio-8081-exec-8] o.s.w.s.m.m.a.HttpEntityMethodProcessor  : Writing [{date=2026-10-01, pageSize=25, totalPages=1, page=0, items=[QueueEntryResponse[token=QueueTokenRespo (truncated)...]
2026-10-01T09:44:04.070+02:00 DEBUG 20356 --- [ulwembu-platform-api] [nio-8081-exec-8] o.s.web.servlet.DispatcherServlet        : Completed 200 OK
2026-10-01T09:44:07.187+02:00 DEBUG 20356 --- [ulwembu-platform-api] [nio-8081-exec-6] org.hibernate.SQL                        : select o1_0.id,o1_0.branding,o1_0.created_at,o1_0.display_name,o1_0.mail_settings,o1_0.profile,o1_0.schema_name,o1_0.sector,o1_0.slug,o1_0.sso_settings,o1_0.status,o1_0.tenant_code from control.organizations o1_0 where o1_0.slug=?
2026-10-01T09:44:07.194+02:00 DEBUG 20356 --- [ulwembu-platform-api] [nio-8081-exec-6] o.s.web.servlet.DispatcherServlet        : GET "/api/v1/public/organization", parameters={}
2026-10-01T09:44:07.194+02:00 DEBUG 20356 --- [ulwembu-platform-api] [nio-8081-exec-6] s.w.s.m.m.a.RequestMappingHandlerMapping : Mapped to co.ehealth.platform.core.tenant.PublicOrganizationController#getPublicOrganization()
2026-10-01T09:44:07.196+02:00 DEBUG 20356 --- [ulwembu-platform-api] [nio-8081-exec-6] org.hibernate.SQL                        : select o1_0.id,o1_0.branding,o1_0.created_at,o1_0.display_name,o1_0.mail_settings,o1_0.profile,o1_0.schema_name,o1_0.sector,o1_0.slug,o1_0.sso_settings,o1_0.status,o1_0.tenant_code from control.organizations o1_0 where o1_0.schema_name=?
2026-10-01T09:44:07.199+02:00 DEBUG 20356 --- [ulwembu-platform-api] [nio-8081-exec-6] o.s.w.s.m.m.a.HttpEntityMethodProcessor  : Using 'application/json', given [*/*] and supported [application/json, application/*+json]
2026-10-01T09:44:07.199+02:00 DEBUG 20356 --- [ulwembu-platform-api] [nio-8081-exec-6] o.s.w.s.m.m.a.HttpEntityMethodProcessor  : Writing [PublicOrganizationResponse[displayName=Demo Community Clinic, slug=demo-clinic, logoUrl=null, primar (truncated)...]
2026-10-01T09:44:07.200+02:00 DEBUG 20356 --- [ulwembu-platform-api] [nio-8081-exec-6] o.s.web.servlet.DispatcherServlet        : Completed 200 OK
2026-10-01T09:44:10.998+02:00 DEBUG 20356 --- [ulwembu-platform-api] [nio-8081-exec-2] org.hibernate.SQL                        : select o1_0.id,o1_0.branding,o1_0.created_at,o1_0.display_name,o1_0.mail_settings,o1_0.profile,o1_0.schema_name,o1_0.sector,o1_0.slug,o1_0.sso_settings,o1_0.status,o1_0.tenant_code from control.organizations o1_0 where o1_0.slug=?
2026-10-01T09:44:11.001+02:00 DEBUG 20356 --- [ulwembu-platform-api] [nio-8081-exec-2] o.s.web.servlet.DispatcherServlet        : POST "/api/v1/auth/login", parameters={}
2026-10-01T09:44:11.001+02:00 DEBUG 20356 --- [ulwembu-platform-api] [nio-8081-exec-2] s.w.s.m.m.a.RequestMappingHandlerMapping : Mapped to co.ehealth.platform.identity.AuthController#login(LoginRequest)
2026-10-01T09:44:11.002+02:00 DEBUG 20356 --- [ulwembu-platform-api] [nio-8081-exec-2] m.m.a.RequestResponseBodyMethodProcessor : Read "application/json;charset=UTF-8" to [LoginRequest[email=mphoza@outlook.com, password=Vinny.012@]]
2026-10-01T09:44:11.008+02:00 DEBUG 20356 --- [ulwembu-platform-api] [nio-8081-exec-2] org.hibernate.SQL                        : select u1_0.id,u1_0.contact_number,u1_0.contact_verified_at,u1_0.date_of_birth,u1_0.department,u1_0.designation,u1_0.email,u1_0.email_verified_at,u1_0.emergency_contact_name,u1_0.emergency_contact_phone,u1_0.emergency_contact_relationship,u1_0.employee_number,u1_0.employment_end_date,u1_0.employment_start_date,u1_0.employment_type,u1_0.facility_id,u1_0.failed_login_count,u1_0.first_name,u1_0.gender,u1_0.hpcsa_expiry_date,u1_0.hpcsa_number,u1_0.id_number,u1_0.last_failed_login_at,u1_0.last_login_at,u1_0.last_name,u1_0.locked_at,u1_0.manager_id,u1_0.must_change_password,u1_0.password_hash,u1_0.profile_photo_url,u1_0.sanc_expiry_date,u1_0.sanc_number,u1_0.sapc_expiry_date,u1_0.sapc_number,u1_0.status,u1_0.token_version from users u1_0 where u1_0.email=?
2026-10-01T09:44:11.315+02:00 DEBUG 20356 --- [ulwembu-platform-api] [nio-8081-exec-2] org.hibernate.SQL                        : update users set contact_number=?,contact_verified_at=?,date_of_birth=?,department=?,designation=?,email=?,email_verified_at=?,emergency_contact_name=?,emergency_contact_phone=?,emergency_contact_relationship=?,employee_number=?,employment_end_date=?,employment_start_date=?,employment_type=?,facility_id=?,failed_login_count=?,first_name=?,gender=?,hpcsa_expiry_date=?,hpcsa_number=?,id_number=?,last_failed_login_at=?,last_login_at=?,last_name=?,locked_at=?,manager_id=?,must_change_password=?,password_hash=?,profile_photo_url=?,sanc_expiry_date=?,sanc_number=?,sapc_expiry_date=?,sapc_number=?,status=?,token_version=? where id=?
2026-10-01T09:44:11.316+02:00 DEBUG 20356 --- [ulwembu-platform-api] [nio-8081-exec-2] org.hibernate.SQL                        : select r.name from roles r, user_roles ur where ur.role_id = r.id and ur.user_id = ?
2026-10-01T09:44:11.319+02:00 DEBUG 20356 --- [ulwembu-platform-api] [nio-8081-exec-2] org.hibernate.SQL                        : insert into audit_log (action,after_value,before_value,created_at,device_signature,entity_id,entity_type,facility_id,ip_address,user_id,id) values (?,?,?,?,?,?,?,?,?,?,?)
2026-10-01T09:44:11.322+02:00 DEBUG 20356 --- [ulwembu-platform-api] [nio-8081-exec-2] org.hibernate.SQL                        : select u1_0.id,u1_0.contact_number,u1_0.contact_verified_at,u1_0.date_of_birth,u1_0.department,u1_0.designation,u1_0.email,u1_0.email_verified_at,u1_0.emergency_contact_name,u1_0.emergency_contact_phone,u1_0.emergency_contact_relationship,u1_0.employee_number,u1_0.employment_end_date,u1_0.employment_start_date,u1_0.employment_type,u1_0.facility_id,u1_0.failed_login_count,u1_0.first_name,u1_0.gender,u1_0.hpcsa_expiry_date,u1_0.hpcsa_number,u1_0.id_number,u1_0.last_failed_login_at,u1_0.last_login_at,u1_0.last_name,u1_0.locked_at,u1_0.manager_id,u1_0.must_change_password,u1_0.password_hash,u1_0.profile_photo_url,u1_0.sanc_expiry_date,u1_0.sanc_number,u1_0.sapc_expiry_date,u1_0.sapc_number,u1_0.status,u1_0.token_version from users u1_0 where u1_0.email=?
2026-10-01T09:44:11.324+02:00 DEBUG 20356 --- [ulwembu-platform-api] [nio-8081-exec-2] o.s.w.s.m.m.a.HttpEntityMethodProcessor  : Using 'application/json', given [*/*] and supported [application/json, application/*+json]
2026-10-01T09:44:11.324+02:00 DEBUG 20356 --- [ulwembu-platform-api] [nio-8081-exec-2] o.s.w.s.m.m.a.HttpEntityMethodProcessor  : Writing [LoginResponse[accessToken=eyJhbGciOiJIUzI1NiJ9.eyJqdGkiOiI0ZWRhN2FiNC0wZjQ5LTRhNDktYjJmYi0wNmViMDg4N (truncated)...]
2026-10-01T09:44:11.326+02:00 DEBUG 20356 --- [ulwembu-platform-api] [nio-8081-exec-2] o.s.web.servlet.DispatcherServlet        : Completed 200 OK
2026-10-01T09:44:11.361+02:00 DEBUG 20356 --- [ulwembu-platform-api] [nio-8081-exec-4] org.hibernate.SQL                        : select o1_0.id,o1_0.branding,o1_0.created_at,o1_0.display_name,o1_0.mail_settings,o1_0.profile,o1_0.schema_name,o1_0.sector,o1_0.slug,o1_0.sso_settings,o1_0.status,o1_0.tenant_code from control.organizations o1_0 where o1_0.slug=?
2026-10-01T09:44:11.363+02:00 DEBUG 20356 --- [ulwembu-platform-api] [nio-8081-exec-7] org.hibernate.SQL                        : select o1_0.id,o1_0.branding,o1_0.created_at,o1_0.display_name,o1_0.mail_settings,o1_0.profile,o1_0.schema_name,o1_0.sector,o1_0.slug,o1_0.sso_settings,o1_0.status,o1_0.tenant_code from control.organizations o1_0 where o1_0.slug=?
2026-10-01T09:44:11.366+02:00 DEBUG 20356 --- [ulwembu-platform-api] [nio-8081-exec-4] org.hibernate.SQL                        : select u1_0.id,u1_0.contact_number,u1_0.contact_verified_at,u1_0.date_of_birth,u1_0.department,u1_0.designation,u1_0.email,u1_0.email_verified_at,u1_0.emergency_contact_name,u1_0.emergency_contact_phone,u1_0.emergency_contact_relationship,u1_0.employee_number,u1_0.employment_end_date,u1_0.employment_start_date,u1_0.employment_type,u1_0.facility_id,u1_0.failed_login_count,u1_0.first_name,u1_0.gender,u1_0.hpcsa_expiry_date,u1_0.hpcsa_number,u1_0.id_number,u1_0.last_failed_login_at,u1_0.last_login_at,u1_0.last_name,u1_0.locked_at,u1_0.manager_id,u1_0.must_change_password,u1_0.password_hash,u1_0.profile_photo_url,u1_0.sanc_expiry_date,u1_0.sanc_number,u1_0.sapc_expiry_date,u1_0.sapc_number,u1_0.status,u1_0.token_version from users u1_0 where u1_0.id=?
2026-10-01T09:44:11.367+02:00 DEBUG 20356 --- [ulwembu-platform-api] [nio-8081-exec-7] org.hibernate.SQL                        : select u1_0.id,u1_0.contact_number,u1_0.contact_verified_at,u1_0.date_of_birth,u1_0.department,u1_0.designation,u1_0.email,u1_0.email_verified_at,u1_0.emergency_contact_name,u1_0.emergency_contact_phone,u1_0.emergency_contact_relationship,u1_0.employee_number,u1_0.employment_end_date,u1_0.employment_start_date,u1_0.employment_type,u1_0.facility_id,u1_0.failed_login_count,u1_0.first_name,u1_0.gender,u1_0.hpcsa_expiry_date,u1_0.hpcsa_number,u1_0.id_number,u1_0.last_failed_login_at,u1_0.last_login_at,u1_0.last_name,u1_0.locked_at,u1_0.manager_id,u1_0.must_change_password,u1_0.password_hash,u1_0.profile_photo_url,u1_0.sanc_expiry_date,u1_0.sanc_number,u1_0.sapc_expiry_date,u1_0.sapc_number,u1_0.status,u1_0.token_version from users u1_0 where u1_0.id=?
2026-10-01T09:44:11.369+02:00 DEBUG 20356 --- [ulwembu-platform-api] [nio-8081-exec-4] o.s.web.servlet.DispatcherServlet        : GET "/api/v1/organization", parameters={}
2026-10-01T09:44:11.369+02:00 DEBUG 20356 --- [ulwembu-platform-api] [nio-8081-exec-7] o.s.web.servlet.DispatcherServlet        : GET "/api/v1/organization/modules", parameters={}
2026-10-01T09:44:11.370+02:00 DEBUG 20356 --- [ulwembu-platform-api] [nio-8081-exec-4] s.w.s.m.m.a.RequestMappingHandlerMapping : Mapped to co.ehealth.platform.core.tenant.OrganizationBrandingController#getOrganization()
2026-10-01T09:44:11.370+02:00 DEBUG 20356 --- [ulwembu-platform-api] [nio-8081-exec-7] s.w.s.m.m.a.RequestMappingHandlerMapping : Mapped to co.ehealth.platform.core.tenant.OrganizationBrandingController#getModules()
2026-10-01T09:44:11.371+02:00 DEBUG 20356 --- [ulwembu-platform-api] [nio-8081-exec-7] org.hibernate.SQL                        : select o1_0.id,o1_0.branding,o1_0.created_at,o1_0.display_name,o1_0.mail_settings,o1_0.profile,o1_0.schema_name,o1_0.sector,o1_0.slug,o1_0.sso_settings,o1_0.status,o1_0.tenant_code from control.organizations o1_0 where o1_0.schema_name=?
2026-10-01T09:44:11.371+02:00 DEBUG 20356 --- [ulwembu-platform-api] [nio-8081-exec-4] org.hibernate.SQL                        : select o1_0.id,o1_0.branding,o1_0.created_at,o1_0.display_name,o1_0.mail_settings,o1_0.profile,o1_0.schema_name,o1_0.sector,o1_0.slug,o1_0.sso_settings,o1_0.status,o1_0.tenant_code from control.organizations o1_0 where o1_0.schema_name=?
2026-10-01T09:44:11.374+02:00 DEBUG 20356 --- [ulwembu-platform-api] [nio-8081-exec-4] o.s.w.s.m.m.a.HttpEntityMethodProcessor  : Using 'application/json', given [*/*] and supported [application/json, application/*+json]
2026-10-01T09:44:11.374+02:00 DEBUG 20356 --- [ulwembu-platform-api] [nio-8081-exec-7] org.hibernate.SQL                        : select me1_0.id,me1_0.enabled,me1_0.module_code,me1_0.organization_id,me1_0.updated_at from control.module_entitlements me1_0 where me1_0.organization_id=?
2026-10-01T09:44:11.374+02:00 DEBUG 20356 --- [ulwembu-platform-api] [nio-8081-exec-4] o.s.w.s.m.m.a.HttpEntityMethodProcessor  : Writing [OrganizationSelfResponse[displayName=Demo Community Clinic, slug=demo-clinic, status=ACTIVE, sector= (truncated)...]
2026-10-01T09:44:11.375+02:00 DEBUG 20356 --- [ulwembu-platform-api] [nio-8081-exec-4] o.s.web.servlet.DispatcherServlet        : Completed 200 OK
2026-10-01T09:44:11.378+02:00 DEBUG 20356 --- [ulwembu-platform-api] [nio-8081-exec-7] o.s.w.s.m.m.a.HttpEntityMethodProcessor  : Using 'application/json', given [*/*] and supported [application/json, application/*+json]
2026-10-01T09:44:11.378+02:00 DEBUG 20356 --- [ulwembu-platform-api] [nio-8081-exec-7] o.s.w.s.m.m.a.HttpEntityMethodProcessor  : Writing [{items=[ModuleEntitlementView[code=SADM, displayName=Platform Administration & Tenant Lifecycle, pha (truncated)...]
2026-10-01T09:44:11.380+02:00 DEBUG 20356 --- [ulwembu-platform-api] [nio-8081-exec-7] o.s.web.servlet.DispatcherServlet        : Completed 200 OK
2026-10-01T09:44:15.978+02:00 DEBUG 20356 --- [ulwembu-platform-api] [nio-8081-exec-1] org.hibernate.SQL                        : select o1_0.id,o1_0.branding,o1_0.created_at,o1_0.display_name,o1_0.mail_settings,o1_0.profile,o1_0.schema_name,o1_0.sector,o1_0.slug,o1_0.sso_settings,o1_0.status,o1_0.tenant_code from control.organizations o1_0 where o1_0.slug=?
2026-10-01T09:44:15.981+02:00 DEBUG 20356 --- [ulwembu-platform-api] [nio-8081-exec-8] org.hibernate.SQL                        : select o1_0.id,o1_0.branding,o1_0.created_at,o1_0.display_name,o1_0.mail_settings,o1_0.profile,o1_0.schema_name,o1_0.sector,o1_0.slug,o1_0.sso_settings,o1_0.status,o1_0.tenant_code from control.organizations o1_0 where o1_0.slug=?
2026-10-01T09:44:15.982+02:00 DEBUG 20356 --- [ulwembu-platform-api] [io-8081-exec-10] org.hibernate.SQL                        : select o1_0.id,o1_0.branding,o1_0.created_at,o1_0.display_name,o1_0.mail_settings,o1_0.profile,o1_0.schema_name,o1_0.sector,o1_0.slug,o1_0.sso_settings,o1_0.status,o1_0.tenant_code from control.organizations o1_0 where o1_0.slug=?
2026-10-01T09:44:15.983+02:00 DEBUG 20356 --- [ulwembu-platform-api] [nio-8081-exec-8] org.hibernate.SQL                        : select u1_0.id,u1_0.contact_number,u1_0.contact_verified_at,u1_0.date_of_birth,u1_0.department,u1_0.designation,u1_0.email,u1_0.email_verified_at,u1_0.emergency_contact_name,u1_0.emergency_contact_phone,u1_0.emergency_contact_relationship,u1_0.employee_number,u1_0.employment_end_date,u1_0.employment_start_date,u1_0.employment_type,u1_0.facility_id,u1_0.failed_login_count,u1_0.first_name,u1_0.gender,u1_0.hpcsa_expiry_date,u1_0.hpcsa_number,u1_0.id_number,u1_0.last_failed_login_at,u1_0.last_login_at,u1_0.last_name,u1_0.locked_at,u1_0.manager_id,u1_0.must_change_password,u1_0.password_hash,u1_0.profile_photo_url,u1_0.sanc_expiry_date,u1_0.sanc_number,u1_0.sapc_expiry_date,u1_0.sapc_number,u1_0.status,u1_0.token_version from users u1_0 where u1_0.id=?
2026-10-01T09:44:15.984+02:00 DEBUG 20356 --- [ulwembu-platform-api] [nio-8081-exec-1] org.hibernate.SQL                        : select u1_0.id,u1_0.contact_number,u1_0.contact_verified_at,u1_0.date_of_birth,u1_0.department,u1_0.designation,u1_0.email,u1_0.email_verified_at,u1_0.emergency_contact_name,u1_0.emergency_contact_phone,u1_0.emergency_contact_relationship,u1_0.employee_number,u1_0.employment_end_date,u1_0.employment_start_date,u1_0.employment_type,u1_0.facility_id,u1_0.failed_login_count,u1_0.first_name,u1_0.gender,u1_0.hpcsa_expiry_date,u1_0.hpcsa_number,u1_0.id_number,u1_0.last_failed_login_at,u1_0.last_login_at,u1_0.last_name,u1_0.locked_at,u1_0.manager_id,u1_0.must_change_password,u1_0.password_hash,u1_0.profile_photo_url,u1_0.sanc_expiry_date,u1_0.sanc_number,u1_0.sapc_expiry_date,u1_0.sapc_number,u1_0.status,u1_0.token_version from users u1_0 where u1_0.id=?
2026-10-01T09:44:15.985+02:00 DEBUG 20356 --- [ulwembu-platform-api] [nio-8081-exec-8] o.s.web.servlet.DispatcherServlet        : GET "/api/v1/facilities", parameters={}
2026-10-01T09:44:15.986+02:00 DEBUG 20356 --- [ulwembu-platform-api] [nio-8081-exec-8] s.w.s.m.m.a.RequestMappingHandlerMapping : Mapped to co.ehealth.platform.facility.FacilityController#list()
2026-10-01T09:44:15.986+02:00 DEBUG 20356 --- [ulwembu-platform-api] [nio-8081-exec-1] o.s.web.servlet.DispatcherServlet        : GET "/api/v1/prescriptions/dispensing-capabilities", parameters={}
2026-10-01T09:44:15.986+02:00 DEBUG 20356 --- [ulwembu-platform-api] [io-8081-exec-10] org.hibernate.SQL                        : select u1_0.id,u1_0.contact_number,u1_0.contact_verified_at,u1_0.date_of_birth,u1_0.department,u1_0.designation,u1_0.email,u1_0.email_verified_at,u1_0.emergency_contact_name,u1_0.emergency_contact_phone,u1_0.emergency_contact_relationship,u1_0.employee_number,u1_0.employment_end_date,u1_0.employment_start_date,u1_0.employment_type,u1_0.facility_id,u1_0.failed_login_count,u1_0.first_name,u1_0.gender,u1_0.hpcsa_expiry_date,u1_0.hpcsa_number,u1_0.id_number,u1_0.last_failed_login_at,u1_0.last_login_at,u1_0.last_name,u1_0.locked_at,u1_0.manager_id,u1_0.must_change_password,u1_0.password_hash,u1_0.profile_photo_url,u1_0.sanc_expiry_date,u1_0.sanc_number,u1_0.sapc_expiry_date,u1_0.sapc_number,u1_0.status,u1_0.token_version from users u1_0 where u1_0.id=?
2026-10-01T09:44:15.987+02:00 DEBUG 20356 --- [ulwembu-platform-api] [nio-8081-exec-8] org.hibernate.SQL                        : select f1_0.id,f1_0.active,f1_0.address,f1_0.code,f1_0.daily_appointment_limit,f1_0.name,f1_0.operating_hours,f1_0.phone,f1_0.timezone,f1_0.type from facilities f1_0 where f1_0.active order by f1_0.name
2026-10-01T09:44:15.987+02:00 DEBUG 20356 --- [ulwembu-platform-api] [nio-8081-exec-1] s.w.s.m.m.a.RequestMappingHandlerMapping : Mapped to co.ehealth.platform.pharmacy.PrescriptionController#dispensingCapabilities(AuthenticatedPrincipal)
2026-10-01T09:44:15.989+02:00 DEBUG 20356 --- [ulwembu-platform-api] [nio-8081-exec-1] org.hibernate.SQL                        : SELECT DISTINCT p.code FROM permissions p
JOIN role_permissions rp ON rp.permission_id = p.id
JOIN roles r ON r.id = rp.role_id
WHERE r.name IN (?)

2026-10-01T09:44:15.990+02:00 DEBUG 20356 --- [ulwembu-platform-api] [nio-8081-exec-8] m.m.a.RequestResponseBodyMethodProcessor : Using 'application/json', given [*/*] and supported [application/json, application/*+json]
2026-10-01T09:44:15.990+02:00 DEBUG 20356 --- [ulwembu-platform-api] [io-8081-exec-10] o.s.web.servlet.DispatcherServlet        : GET "/api/v1/prescriptions/queue?facilityId=a7ee88e2-3a54-4d1f-8c46-59075756ae12", parameters={masked}
2026-10-01T09:44:15.991+02:00 DEBUG 20356 --- [ulwembu-platform-api] [io-8081-exec-10] s.w.s.m.m.a.RequestMappingHandlerMapping : Mapped to co.ehealth.platform.pharmacy.PrescriptionController#queue(UUID)
2026-10-01T09:44:15.991+02:00 DEBUG 20356 --- [ulwembu-platform-api] [nio-8081-exec-8] m.m.a.RequestResponseBodyMethodProcessor : Writing [{items=[{id=a7ee88e2-3a54-4d1f-8c46-59075756ae12, name=Demo Main Clinic}, {id=aa7942b0-2bd2-4e25-95c (truncated)...]
2026-10-01T09:44:15.993+02:00 DEBUG 20356 --- [ulwembu-platform-api] [nio-8081-exec-8] o.s.web.servlet.DispatcherServlet        : Completed 200 OK
2026-10-01T09:44:15.993+02:00 DEBUG 20356 --- [ulwembu-platform-api] [io-8081-exec-10] org.hibernate.SQL                        : SELECT DISTINCT p.code FROM permissions p
JOIN role_permissions rp ON rp.permission_id = p.id
JOIN roles r ON r.id = rp.role_id
WHERE r.name IN (?)

2026-10-01T09:44:15.993+02:00 DEBUG 20356 --- [ulwembu-platform-api] [nio-8081-exec-1] org.hibernate.SQL                        : select u1_0.id,u1_0.contact_number,u1_0.contact_verified_at,u1_0.date_of_birth,u1_0.department,u1_0.designation,u1_0.email,u1_0.email_verified_at,u1_0.emergency_contact_name,u1_0.emergency_contact_phone,u1_0.emergency_contact_relationship,u1_0.employee_number,u1_0.employment_end_date,u1_0.employment_start_date,u1_0.employment_type,u1_0.facility_id,u1_0.failed_login_count,u1_0.first_name,u1_0.gender,u1_0.hpcsa_expiry_date,u1_0.hpcsa_number,u1_0.id_number,u1_0.last_failed_login_at,u1_0.last_login_at,u1_0.last_name,u1_0.locked_at,u1_0.manager_id,u1_0.must_change_password,u1_0.password_hash,u1_0.profile_photo_url,u1_0.sanc_expiry_date,u1_0.sanc_number,u1_0.sapc_expiry_date,u1_0.sapc_number,u1_0.status,u1_0.token_version from users u1_0 where u1_0.id=?
2026-10-01T09:44:15.997+02:00 DEBUG 20356 --- [ulwembu-platform-api] [nio-8081-exec-1] org.hibernate.SQL                        : SELECT DISTINCT p.code FROM permissions p
JOIN role_permissions rp ON rp.permission_id = p.id
JOIN roles r ON r.id = rp.role_id
WHERE r.name IN (?)

2026-10-01T09:44:15.998+02:00 DEBUG 20356 --- [ulwembu-platform-api] [io-8081-exec-10] org.hibernate.SQL                        : select p1_0.id,p1_0.consultation_id,p1_0.created_at,p1_0.facility_id,p1_0.patient_id,p1_0.prescriber_id,p1_0.serial_number,p1_0.status,p1_0.visit_id from prescriptions p1_0 where p1_0.facility_id=? and p1_0.status in (?,?) order by p1_0.created_at
2026-10-01T09:44:15.999+02:00 DEBUG 20356 --- [ulwembu-platform-api] [nio-8081-exec-1] org.hibernate.SQL                        : select r.name from roles r, user_roles ur where ur.role_id = r.id and ur.user_id = ?
2026-10-01T09:44:15.999+02:00 DEBUG 20356 --- [ulwembu-platform-api] [io-8081-exec-10] o.s.w.s.m.m.a.HttpEntityMethodProcessor  : Using 'application/json', given [*/*] and supported [application/json, application/*+json]
2026-10-01T09:44:16.000+02:00 DEBUG 20356 --- [ulwembu-platform-api] [io-8081-exec-10] o.s.w.s.m.m.a.HttpEntityMethodProcessor  : Writing [{items=[]}]
2026-10-01T09:44:16.000+02:00 DEBUG 20356 --- [ulwembu-platform-api] [io-8081-exec-10] o.s.web.servlet.DispatcherServlet        : Completed 200 OK
2026-10-01T09:44:16.004+02:00 DEBUG 20356 --- [ulwembu-platform-api] [nio-8081-exec-1] o.s.w.s.m.m.a.HttpEntityMethodProcessor  : Using 'application/json', given [*/*] and supported [application/json, application/*+json]
2026-10-01T09:44:16.004+02:00 DEBUG 20356 --- [ulwembu-platform-api] [nio-8081-exec-1] o.s.w.s.m.m.a.HttpEntityMethodProcessor  : Writing [DispensingCapabilitiesResponse[canDispense=true, canPrescribe=true]]
2026-10-01T09:44:16.005+02:00 DEBUG 20356 --- [ulwembu-platform-api] [nio-8081-exec-1] o.s.web.servlet.DispatcherServlet        : Completed 200 OK
2026-10-01T09:44:17.737+02:00 DEBUG 20356 --- [ulwembu-platform-api] [nio-8081-exec-2] org.hibernate.SQL                        : select o1_0.id,o1_0.branding,o1_0.created_at,o1_0.display_name,o1_0.mail_settings,o1_0.profile,o1_0.schema_name,o1_0.sector,o1_0.slug,o1_0.sso_settings,o1_0.status,o1_0.tenant_code from control.organizations o1_0 where o1_0.slug=?
2026-10-01T09:44:17.747+02:00 DEBUG 20356 --- [ulwembu-platform-api] [nio-8081-exec-4] org.hibernate.SQL                        : select o1_0.id,o1_0.branding,o1_0.created_at,o1_0.display_name,o1_0.mail_settings,o1_0.profile,o1_0.schema_name,o1_0.sector,o1_0.slug,o1_0.sso_settings,o1_0.status,o1_0.tenant_code from control.organizations o1_0 where o1_0.slug=?
2026-10-01T09:44:17.747+02:00 DEBUG 20356 --- [ulwembu-platform-api] [nio-8081-exec-2] org.hibernate.SQL                        : select u1_0.id,u1_0.contact_number,u1_0.contact_verified_at,u1_0.date_of_birth,u1_0.department,u1_0.designation,u1_0.email,u1_0.email_verified_at,u1_0.emergency_contact_name,u1_0.emergency_contact_phone,u1_0.emergency_contact_relationship,u1_0.employee_number,u1_0.employment_end_date,u1_0.employment_start_date,u1_0.employment_type,u1_0.facility_id,u1_0.failed_login_count,u1_0.first_name,u1_0.gender,u1_0.hpcsa_expiry_date,u1_0.hpcsa_number,u1_0.id_number,u1_0.last_failed_login_at,u1_0.last_login_at,u1_0.last_name,u1_0.locked_at,u1_0.manager_id,u1_0.must_change_password,u1_0.password_hash,u1_0.profile_photo_url,u1_0.sanc_expiry_date,u1_0.sanc_number,u1_0.sapc_expiry_date,u1_0.sapc_number,u1_0.status,u1_0.token_version from users u1_0 where u1_0.id=?
2026-10-01T09:44:17.748+02:00 DEBUG 20356 --- [ulwembu-platform-api] [nio-8081-exec-7] org.hibernate.SQL                        : select o1_0.id,o1_0.branding,o1_0.created_at,o1_0.display_name,o1_0.mail_settings,o1_0.profile,o1_0.schema_name,o1_0.sector,o1_0.slug,o1_0.sso_settings,o1_0.status,o1_0.tenant_code from control.organizations o1_0 where o1_0.slug=?
2026-10-01T09:44:17.750+02:00 DEBUG 20356 --- [ulwembu-platform-api] [nio-8081-exec-2] o.s.web.servlet.DispatcherServlet        : GET "/api/v1/facilities", parameters={}
2026-10-01T09:44:17.751+02:00 DEBUG 20356 --- [ulwembu-platform-api] [nio-8081-exec-2] s.w.s.m.m.a.RequestMappingHandlerMapping : Mapped to co.ehealth.platform.facility.FacilityController#list()
2026-10-01T09:44:17.752+02:00 DEBUG 20356 --- [ulwembu-platform-api] [nio-8081-exec-7] org.hibernate.SQL                        : select u1_0.id,u1_0.contact_number,u1_0.contact_verified_at,u1_0.date_of_birth,u1_0.department,u1_0.designation,u1_0.email,u1_0.email_verified_at,u1_0.emergency_contact_name,u1_0.emergency_contact_phone,u1_0.emergency_contact_relationship,u1_0.employee_number,u1_0.employment_end_date,u1_0.employment_start_date,u1_0.employment_type,u1_0.facility_id,u1_0.failed_login_count,u1_0.first_name,u1_0.gender,u1_0.hpcsa_expiry_date,u1_0.hpcsa_number,u1_0.id_number,u1_0.last_failed_login_at,u1_0.last_login_at,u1_0.last_name,u1_0.locked_at,u1_0.manager_id,u1_0.must_change_password,u1_0.password_hash,u1_0.profile_photo_url,u1_0.sanc_expiry_date,u1_0.sanc_number,u1_0.sapc_expiry_date,u1_0.sapc_number,u1_0.status,u1_0.token_version from users u1_0 where u1_0.id=?
2026-10-01T09:44:17.752+02:00 DEBUG 20356 --- [ulwembu-platform-api] [nio-8081-exec-4] org.hibernate.SQL                        : select u1_0.id,u1_0.contact_number,u1_0.contact_verified_at,u1_0.date_of_birth,u1_0.department,u1_0.designation,u1_0.email,u1_0.email_verified_at,u1_0.emergency_contact_name,u1_0.emergency_contact_phone,u1_0.emergency_contact_relationship,u1_0.employee_number,u1_0.employment_end_date,u1_0.employment_start_date,u1_0.employment_type,u1_0.facility_id,u1_0.failed_login_count,u1_0.first_name,u1_0.gender,u1_0.hpcsa_expiry_date,u1_0.hpcsa_number,u1_0.id_number,u1_0.last_failed_login_at,u1_0.last_login_at,u1_0.last_name,u1_0.locked_at,u1_0.manager_id,u1_0.must_change_password,u1_0.password_hash,u1_0.profile_photo_url,u1_0.sanc_expiry_date,u1_0.sanc_number,u1_0.sapc_expiry_date,u1_0.sapc_number,u1_0.status,u1_0.token_version from users u1_0 where u1_0.id=?
2026-10-01T09:44:17.752+02:00 DEBUG 20356 --- [ulwembu-platform-api] [nio-8081-exec-2] org.hibernate.SQL                        : select f1_0.id,f1_0.active,f1_0.address,f1_0.code,f1_0.daily_appointment_limit,f1_0.name,f1_0.operating_hours,f1_0.phone,f1_0.timezone,f1_0.type from facilities f1_0 where f1_0.active order by f1_0.name
2026-10-01T09:44:17.754+02:00 DEBUG 20356 --- [ulwembu-platform-api] [nio-8081-exec-2] m.m.a.RequestResponseBodyMethodProcessor : Using 'application/json', given [*/*] and supported [application/json, application/*+json]
2026-10-01T09:44:17.755+02:00 DEBUG 20356 --- [ulwembu-platform-api] [nio-8081-exec-7] o.s.web.servlet.DispatcherServlet        : GET "/api/v1/pharmacy/stock?facilityId=a7ee88e2-3a54-4d1f-8c46-59075756ae12", parameters={masked}
2026-10-01T09:44:17.755+02:00 DEBUG 20356 --- [ulwembu-platform-api] [nio-8081-exec-4] o.s.web.servlet.DispatcherServlet        : GET "/api/v1/pharmacy/stock/alerts?facilityId=a7ee88e2-3a54-4d1f-8c46-59075756ae12", parameters={masked}
2026-10-01T09:44:17.755+02:00 DEBUG 20356 --- [ulwembu-platform-api] [nio-8081-exec-2] m.m.a.RequestResponseBodyMethodProcessor : Writing [{items=[{id=a7ee88e2-3a54-4d1f-8c46-59075756ae12, name=Demo Main Clinic}, {id=aa7942b0-2bd2-4e25-95c (truncated)...]
2026-10-01T09:44:17.756+02:00 DEBUG 20356 --- [ulwembu-platform-api] [nio-8081-exec-7] s.w.s.m.m.a.RequestMappingHandlerMapping : Mapped to co.ehealth.platform.pharmacy.stock.PharmacyStockController#listStock(UUID)
2026-10-01T09:44:17.756+02:00 DEBUG 20356 --- [ulwembu-platform-api] [nio-8081-exec-4] s.w.s.m.m.a.RequestMappingHandlerMapping : Mapped to co.ehealth.platform.pharmacy.stock.PharmacyStockControlController#alerts(UUID)
2026-10-01T09:44:17.756+02:00 DEBUG 20356 --- [ulwembu-platform-api] [nio-8081-exec-2] o.s.web.servlet.DispatcherServlet        : Completed 200 OK
2026-10-01T09:44:17.758+02:00 DEBUG 20356 --- [ulwembu-platform-api] [nio-8081-exec-4] org.hibernate.SQL                        : SELECT DISTINCT p.code FROM permissions p
JOIN role_permissions rp ON rp.permission_id = p.id
JOIN roles r ON r.id = rp.role_id
WHERE r.name IN (?)

2026-10-01T09:44:17.758+02:00 DEBUG 20356 --- [ulwembu-platform-api] [nio-8081-exec-7] org.hibernate.SQL                        : SELECT DISTINCT p.code FROM permissions p
JOIN role_permissions rp ON rp.permission_id = p.id
JOIN roles r ON r.id = rp.role_id
WHERE r.name IN (?)

2026-10-01T09:44:17.762+02:00 DEBUG 20356 --- [ulwembu-platform-api] [nio-8081-exec-7] org.hibernate.SQL                        : select psa1_0.id,psa1_0.batch_id,psa1_0.bucket,psa1_0.location_id,psa1_0.product_id,psa1_0.quantity from pharmacy_stock_accounts psa1_0,pharmacy_stock_locations psl1_0 where psa1_0.location_id=psl1_0.id and psl1_0.facility_id=? and psa1_0.quantity>0 and psa1_0.bucket='AVAILABLE'
2026-10-01T09:44:17.762+02:00 DEBUG 20356 --- [ulwembu-platform-api] [nio-8081-exec-4] org.hibernate.SQL                        : select psa1_0.id,psa1_0.batch_id,psa1_0.bucket,psa1_0.location_id,psa1_0.product_id,psa1_0.quantity from pharmacy_stock_accounts psa1_0,pharmacy_stock_locations psl1_0 where psa1_0.location_id=psl1_0.id and psl1_0.facility_id=? and psa1_0.quantity>0 and psa1_0.bucket='AVAILABLE'
2026-10-01T09:44:17.765+02:00 DEBUG 20356 --- [ulwembu-platform-api] [nio-8081-exec-7] org.hibernate.SQL                        : select pfp1_0.id,pfp1_0.active,pfp1_0.created_at,pfp1_0.facility_id,pfp1_0.product_id,pfp1_0.reorder_threshold,pfp1_0.target_quantity from pharmacy_facility_products pfp1_0 where pfp1_0.facility_id=? and pfp1_0.active
2026-10-01T09:44:17.765+02:00 DEBUG 20356 --- [ulwembu-platform-api] [nio-8081-exec-4] org.hibernate.SQL                        : select pfp1_0.id,pfp1_0.active,pfp1_0.created_at,pfp1_0.facility_id,pfp1_0.product_id,pfp1_0.reorder_threshold,pfp1_0.target_quantity from pharmacy_facility_products pfp1_0 where pfp1_0.facility_id=? and pfp1_0.active
2026-10-01T09:44:17.766+02:00 DEBUG 20356 --- [ulwembu-platform-api] [nio-8081-exec-7] org.hibernate.SQL                        : select pp1_0.id,pp1_0.active,pp1_0.barcode,pp1_0.base_unit,pp1_0.batch_tracked,pp1_0.category,pp1_0.code,pp1_0.created_at,pp1_0.created_by,pp1_0.created_by_name,pp1_0.display_name,pp1_0.dosage_form,pp1_0.expiry_tracked,pp1_0.generic_name,pp1_0.manufacturer,pp1_0.pack_size,pp1_0.storage_instructions,pp1_0.strength,pp1_0.updated_at,pp1_0.updated_by,pp1_0.updated_by_name,pp1_0.version from pharmacy_products pp1_0 where pp1_0.id=?
2026-10-01T09:44:17.766+02:00 DEBUG 20356 --- [ulwembu-platform-api] [nio-8081-exec-4] org.hibernate.SQL                        : select pp1_0.id,pp1_0.active,pp1_0.barcode,pp1_0.base_unit,pp1_0.batch_tracked,pp1_0.category,pp1_0.code,pp1_0.created_at,pp1_0.created_by,pp1_0.created_by_name,pp1_0.display_name,pp1_0.dosage_form,pp1_0.expiry_tracked,pp1_0.generic_name,pp1_0.manufacturer,pp1_0.pack_size,pp1_0.storage_instructions,pp1_0.strength,pp1_0.updated_at,pp1_0.updated_by,pp1_0.updated_by_name,pp1_0.version from pharmacy_products pp1_0 where pp1_0.id=?
2026-10-01T09:44:17.767+02:00 DEBUG 20356 --- [ulwembu-platform-api] [nio-8081-exec-7] org.hibernate.SQL                        : select pp1_0.id,pp1_0.active,pp1_0.barcode,pp1_0.base_unit,pp1_0.batch_tracked,pp1_0.category,pp1_0.code,pp1_0.created_at,pp1_0.created_by,pp1_0.created_by_name,pp1_0.display_name,pp1_0.dosage_form,pp1_0.expiry_tracked,pp1_0.generic_name,pp1_0.manufacturer,pp1_0.pack_size,pp1_0.storage_instructions,pp1_0.strength,pp1_0.updated_at,pp1_0.updated_by,pp1_0.updated_by_name,pp1_0.version from pharmacy_products pp1_0 where pp1_0.id=?
2026-10-01T09:44:17.767+02:00 DEBUG 20356 --- [ulwembu-platform-api] [nio-8081-exec-4] org.hibernate.SQL                        : select pp1_0.id,pp1_0.active,pp1_0.barcode,pp1_0.base_unit,pp1_0.batch_tracked,pp1_0.category,pp1_0.code,pp1_0.created_at,pp1_0.created_by,pp1_0.created_by_name,pp1_0.display_name,pp1_0.dosage_form,pp1_0.expiry_tracked,pp1_0.generic_name,pp1_0.manufacturer,pp1_0.pack_size,pp1_0.storage_instructions,pp1_0.strength,pp1_0.updated_at,pp1_0.updated_by,pp1_0.updated_by_name,pp1_0.version from pharmacy_products pp1_0 where pp1_0.id=?
2026-10-01T09:44:17.769+02:00 DEBUG 20356 --- [ulwembu-platform-api] [nio-8081-exec-7] o.s.w.s.m.m.a.HttpEntityMethodProcessor  : Using 'application/json', given [*/*] and supported [application/json, application/*+json]
2026-10-01T09:44:17.769+02:00 DEBUG 20356 --- [ulwembu-platform-api] [nio-8081-exec-4] m.m.a.RequestResponseBodyMethodProcessor : Using 'application/json', given [*/*] and supported [application/json, application/*+json]
2026-10-01T09:44:17.770+02:00 DEBUG 20356 --- [ulwembu-platform-api] [nio-8081-exec-7] o.s.w.s.m.m.a.HttpEntityMethodProcessor  : Writing [{items=[StockRow[productId=50871aa0-c2ff-4090-8784-94401ccb7ac6, code=PARA, displayName=ethnol, base (truncated)...]
2026-10-01T09:44:17.770+02:00 DEBUG 20356 --- [ulwembu-platform-api] [nio-8081-exec-4] m.m.a.RequestResponseBodyMethodProcessor : Writing [{items=[]}]
2026-10-01T09:44:17.771+02:00 DEBUG 20356 --- [ulwembu-platform-api] [nio-8081-exec-7] o.s.web.servlet.DispatcherServlet        : Completed 200 OK
2026-10-01T09:44:17.771+02:00 DEBUG 20356 --- [ulwembu-platform-api] [nio-8081-exec-4] o.s.web.servlet.DispatcherServlet        : Completed 200 OK
2026-10-01T09:44:19.143+02:00 DEBUG 20356 --- [ulwembu-platform-api] [nio-8081-exec-9] org.hibernate.SQL                        : select o1_0.id,o1_0.branding,o1_0.created_at,o1_0.display_name,o1_0.mail_settings,o1_0.profile,o1_0.schema_name,o1_0.sector,o1_0.slug,o1_0.sso_settings,o1_0.status,o1_0.tenant_code from control.organizations o1_0 where o1_0.slug=?
2026-10-01T09:44:19.152+02:00 DEBUG 20356 --- [ulwembu-platform-api] [nio-8081-exec-9] org.hibernate.SQL                        : select u1_0.id,u1_0.contact_number,u1_0.contact_verified_at,u1_0.date_of_birth,u1_0.department,u1_0.designation,u1_0.email,u1_0.email_verified_at,u1_0.emergency_contact_name,u1_0.emergency_contact_phone,u1_0.emergency_contact_relationship,u1_0.employee_number,u1_0.employment_end_date,u1_0.employment_start_date,u1_0.employment_type,u1_0.facility_id,u1_0.failed_login_count,u1_0.first_name,u1_0.gender,u1_0.hpcsa_expiry_date,u1_0.hpcsa_number,u1_0.id_number,u1_0.last_failed_login_at,u1_0.last_login_at,u1_0.last_name,u1_0.locked_at,u1_0.manager_id,u1_0.must_change_password,u1_0.password_hash,u1_0.profile_photo_url,u1_0.sanc_expiry_date,u1_0.sanc_number,u1_0.sapc_expiry_date,u1_0.sapc_number,u1_0.status,u1_0.token_version from users u1_0 where u1_0.id=?
2026-10-01T09:44:19.158+02:00 DEBUG 20356 --- [ulwembu-platform-api] [nio-8081-exec-9] o.s.web.servlet.DispatcherServlet        : GET "/api/v1/pharmacy/products?activeOnly=true&page=0&size=50", parameters={masked}
2026-10-01T09:44:19.160+02:00 DEBUG 20356 --- [ulwembu-platform-api] [nio-8081-exec-9] s.w.s.m.m.a.RequestMappingHandlerMapping : Mapped to co.ehealth.platform.pharmacy.stock.PharmacyProductController#search(String, boolean, int, int)
2026-10-01T09:44:19.163+02:00 DEBUG 20356 --- [ulwembu-platform-api] [nio-8081-exec-9] org.hibernate.SQL                        : SELECT DISTINCT p.code FROM permissions p
JOIN role_permissions rp ON rp.permission_id = p.id
JOIN roles r ON r.id = rp.role_id
WHERE r.name IN (?)

2026-10-01T09:44:19.171+02:00 DEBUG 20356 --- [ulwembu-platform-api] [nio-8081-exec-9] org.hibernate.SQL                        : select pp1_0.id,pp1_0.active,pp1_0.barcode,pp1_0.base_unit,pp1_0.batch_tracked,pp1_0.category,pp1_0.code,pp1_0.created_at,pp1_0.created_by,pp1_0.created_by_name,pp1_0.display_name,pp1_0.dosage_form,pp1_0.expiry_tracked,pp1_0.generic_name,pp1_0.manufacturer,pp1_0.pack_size,pp1_0.storage_instructions,pp1_0.strength,pp1_0.updated_at,pp1_0.updated_by,pp1_0.updated_by_name,pp1_0.version from pharmacy_products pp1_0 where (?=false or pp1_0.active=true) and (?='' or lower(pp1_0.display_name) like lower(('%'||?||'%')) escape '' or lower(pp1_0.code) like lower(('%'||?||'%')) escape '' or lower(coalesce(pp1_0.generic_name,'')) like lower(('%'||?||'%')) escape '' or lower(coalesce(pp1_0.barcode,'')) like lower(('%'||?||'%')) escape '') order by pp1_0.display_name,pp1_0.display_name fetch first ? rows only
2026-10-01T09:44:19.174+02:00 DEBUG 20356 --- [ulwembu-platform-api] [nio-8081-exec-9] o.s.w.s.m.m.a.HttpEntityMethodProcessor  : Using 'application/json', given [*/*] and supported [application/json, application/*+json]
2026-10-01T09:44:19.175+02:00 DEBUG 20356 --- [ulwembu-platform-api] [nio-8081-exec-9] o.s.w.s.m.m.a.HttpEntityMethodProcessor  : Writing [{items=[ProductResponse[id=50871aa0-c2ff-4090-8784-94401ccb7ac6, code=PARA, displayName=ethnol, gene (truncated)...]
2026-10-01T09:44:19.176+02:00 DEBUG 20356 --- [ulwembu-platform-api] [nio-8081-exec-9] o.s.web.servlet.DispatcherServlet        : Completed 200 OK
2026-10-01T09:44:22.167+02:00 DEBUG 20356 --- [ulwembu-platform-api] [nio-8081-exec-5] org.hibernate.SQL                        : select o1_0.id,o1_0.branding,o1_0.created_at,o1_0.display_name,o1_0.mail_settings,o1_0.profile,o1_0.schema_name,o1_0.sector,o1_0.slug,o1_0.sso_settings,o1_0.status,o1_0.tenant_code from control.organizations o1_0 where o1_0.slug=?
2026-10-01T09:44:22.173+02:00 DEBUG 20356 --- [ulwembu-platform-api] [nio-8081-exec-3] org.hibernate.SQL                        : select o1_0.id,o1_0.branding,o1_0.created_at,o1_0.display_name,o1_0.mail_settings,o1_0.profile,o1_0.schema_name,o1_0.sector,o1_0.slug,o1_0.sso_settings,o1_0.status,o1_0.tenant_code from control.organizations o1_0 where o1_0.slug=?
2026-10-01T09:44:22.173+02:00 DEBUG 20356 --- [ulwembu-platform-api] [nio-8081-exec-2] org.hibernate.SQL                        : select o1_0.id,o1_0.branding,o1_0.created_at,o1_0.display_name,o1_0.mail_settings,o1_0.profile,o1_0.schema_name,o1_0.sector,o1_0.slug,o1_0.sso_settings,o1_0.status,o1_0.tenant_code from control.organizations o1_0 where o1_0.slug=?
2026-10-01T09:44:22.177+02:00 DEBUG 20356 --- [ulwembu-platform-api] [nio-8081-exec-5] org.hibernate.SQL                        : select u1_0.id,u1_0.contact_number,u1_0.contact_verified_at,u1_0.date_of_birth,u1_0.department,u1_0.designation,u1_0.email,u1_0.email_verified_at,u1_0.emergency_contact_name,u1_0.emergency_contact_phone,u1_0.emergency_contact_relationship,u1_0.employee_number,u1_0.employment_end_date,u1_0.employment_start_date,u1_0.employment_type,u1_0.facility_id,u1_0.failed_login_count,u1_0.first_name,u1_0.gender,u1_0.hpcsa_expiry_date,u1_0.hpcsa_number,u1_0.id_number,u1_0.last_failed_login_at,u1_0.last_login_at,u1_0.last_name,u1_0.locked_at,u1_0.manager_id,u1_0.must_change_password,u1_0.password_hash,u1_0.profile_photo_url,u1_0.sanc_expiry_date,u1_0.sanc_number,u1_0.sapc_expiry_date,u1_0.sapc_number,u1_0.status,u1_0.token_version from users u1_0 where u1_0.id=?
2026-10-01T09:44:22.178+02:00 DEBUG 20356 --- [ulwembu-platform-api] [nio-8081-exec-3] org.hibernate.SQL                        : select u1_0.id,u1_0.contact_number,u1_0.contact_verified_at,u1_0.date_of_birth,u1_0.department,u1_0.designation,u1_0.email,u1_0.email_verified_at,u1_0.emergency_contact_name,u1_0.emergency_contact_phone,u1_0.emergency_contact_relationship,u1_0.employee_number,u1_0.employment_end_date,u1_0.employment_start_date,u1_0.employment_type,u1_0.facility_id,u1_0.failed_login_count,u1_0.first_name,u1_0.gender,u1_0.hpcsa_expiry_date,u1_0.hpcsa_number,u1_0.id_number,u1_0.last_failed_login_at,u1_0.last_login_at,u1_0.last_name,u1_0.locked_at,u1_0.manager_id,u1_0.must_change_password,u1_0.password_hash,u1_0.profile_photo_url,u1_0.sanc_expiry_date,u1_0.sanc_number,u1_0.sapc_expiry_date,u1_0.sapc_number,u1_0.status,u1_0.token_version from users u1_0 where u1_0.id=?
2026-10-01T09:44:22.178+02:00 DEBUG 20356 --- [ulwembu-platform-api] [nio-8081-exec-2] org.hibernate.SQL                        : select u1_0.id,u1_0.contact_number,u1_0.contact_verified_at,u1_0.date_of_birth,u1_0.department,u1_0.designation,u1_0.email,u1_0.email_verified_at,u1_0.emergency_contact_name,u1_0.emergency_contact_phone,u1_0.emergency_contact_relationship,u1_0.employee_number,u1_0.employment_end_date,u1_0.employment_start_date,u1_0.employment_type,u1_0.facility_id,u1_0.failed_login_count,u1_0.first_name,u1_0.gender,u1_0.hpcsa_expiry_date,u1_0.hpcsa_number,u1_0.id_number,u1_0.last_failed_login_at,u1_0.last_login_at,u1_0.last_name,u1_0.locked_at,u1_0.manager_id,u1_0.must_change_password,u1_0.password_hash,u1_0.profile_photo_url,u1_0.sanc_expiry_date,u1_0.sanc_number,u1_0.sapc_expiry_date,u1_0.sapc_number,u1_0.status,u1_0.token_version from users u1_0 where u1_0.id=?
2026-10-01T09:44:22.180+02:00 DEBUG 20356 --- [ulwembu-platform-api] [nio-8081-exec-5] o.s.web.servlet.DispatcherServlet        : GET "/api/v1/facilities", parameters={}
2026-10-01T09:44:22.180+02:00 DEBUG 20356 --- [ulwembu-platform-api] [nio-8081-exec-3] o.s.web.servlet.DispatcherServlet        : GET "/api/v1/pharmacy/products?activeOnly=false&size=100", parameters={masked}
2026-10-01T09:44:22.180+02:00 DEBUG 20356 --- [ulwembu-platform-api] [nio-8081-exec-2] o.s.web.servlet.DispatcherServlet        : GET "/api/v1/pharmacy/ledger?facilityId=a7ee88e2-3a54-4d1f-8c46-59075756ae12&page=0&size=50", parameters={masked}
2026-10-01T09:44:22.180+02:00 DEBUG 20356 --- [ulwembu-platform-api] [nio-8081-exec-5] s.w.s.m.m.a.RequestMappingHandlerMapping : Mapped to co.ehealth.platform.facility.FacilityController#list()
2026-10-01T09:44:22.180+02:00 DEBUG 20356 --- [ulwembu-platform-api] [nio-8081-exec-3] s.w.s.m.m.a.RequestMappingHandlerMapping : Mapped to co.ehealth.platform.pharmacy.stock.PharmacyProductController#search(String, boolean, int, int)
2026-10-01T09:44:22.181+02:00 DEBUG 20356 --- [ulwembu-platform-api] [nio-8081-exec-2] s.w.s.m.m.a.RequestMappingHandlerMapping : Mapped to co.ehealth.platform.pharmacy.stock.PharmacyStockController#listLedger(UUID, UUID, int, int)
2026-10-01T09:44:22.182+02:00 DEBUG 20356 --- [ulwembu-platform-api] [nio-8081-exec-2] org.hibernate.SQL                        : SELECT DISTINCT p.code FROM permissions p
JOIN role_permissions rp ON rp.permission_id = p.id
JOIN roles r ON r.id = rp.role_id
WHERE r.name IN (?)

2026-10-01T09:44:22.182+02:00 DEBUG 20356 --- [ulwembu-platform-api] [nio-8081-exec-3] org.hibernate.SQL                        : SELECT DISTINCT p.code FROM permissions p
JOIN role_permissions rp ON rp.permission_id = p.id
JOIN roles r ON r.id = rp.role_id
WHERE r.name IN (?)

2026-10-01T09:44:22.182+02:00 DEBUG 20356 --- [ulwembu-platform-api] [nio-8081-exec-5] org.hibernate.SQL                        : select f1_0.id,f1_0.active,f1_0.address,f1_0.code,f1_0.daily_appointment_limit,f1_0.name,f1_0.operating_hours,f1_0.phone,f1_0.timezone,f1_0.type from facilities f1_0 where f1_0.active order by f1_0.name
2026-10-01T09:44:22.187+02:00 DEBUG 20356 --- [ulwembu-platform-api] [nio-8081-exec-5] m.m.a.RequestResponseBodyMethodProcessor : Using 'application/json', given [*/*] and supported [application/json, application/*+json]
2026-10-01T09:44:22.188+02:00 DEBUG 20356 --- [ulwembu-platform-api] [nio-8081-exec-5] m.m.a.RequestResponseBodyMethodProcessor : Writing [{items=[{id=a7ee88e2-3a54-4d1f-8c46-59075756ae12, name=Demo Main Clinic}, {id=aa7942b0-2bd2-4e25-95c (truncated)...]
2026-10-01T09:44:22.188+02:00 DEBUG 20356 --- [ulwembu-platform-api] [nio-8081-exec-2] org.hibernate.SQL                        : select pse1_0.id,pse1_0.balance_after,pse1_0.balance_before,pse1_0.created_at,pse1_0.quantity_delta,pse1_0.seq,pse1_0.stock_account_id,pse1_0.transaction_id from pharmacy_stock_entries pse1_0,pharmacy_stock_accounts psa1_0,pharmacy_stock_locations psl1_0 where pse1_0.stock_account_id=psa1_0.id and psa1_0.location_id=psl1_0.id and psl1_0.facility_id=? and (? is null or psa1_0.product_id=?) order by pse1_0.seq desc fetch first ? rows only
2026-10-01T09:44:22.188+02:00 DEBUG 20356 --- [ulwembu-platform-api] [nio-8081-exec-3] org.hibernate.SQL                        : select pp1_0.id,pp1_0.active,pp1_0.barcode,pp1_0.base_unit,pp1_0.batch_tracked,pp1_0.category,pp1_0.code,pp1_0.created_at,pp1_0.created_by,pp1_0.created_by_name,pp1_0.display_name,pp1_0.dosage_form,pp1_0.expiry_tracked,pp1_0.generic_name,pp1_0.manufacturer,pp1_0.pack_size,pp1_0.storage_instructions,pp1_0.strength,pp1_0.updated_at,pp1_0.updated_by,pp1_0.updated_by_name,pp1_0.version from pharmacy_products pp1_0 where (?=false or pp1_0.active=true) and (?='' or lower(pp1_0.display_name) like lower(('%'||?||'%')) escape '' or lower(pp1_0.code) like lower(('%'||?||'%')) escape '' or lower(coalesce(pp1_0.generic_name,'')) like lower(('%'||?||'%')) escape '' or lower(coalesce(pp1_0.barcode,'')) like lower(('%'||?||'%')) escape '') order by pp1_0.display_name,pp1_0.display_name fetch first ? rows only
2026-10-01T09:44:22.189+02:00 DEBUG 20356 --- [ulwembu-platform-api] [nio-8081-exec-5] o.s.web.servlet.DispatcherServlet        : Completed 200 OK
2026-10-01T09:44:22.193+02:00 DEBUG 20356 --- [ulwembu-platform-api] [nio-8081-exec-2] o.s.w.s.m.m.a.HttpEntityMethodProcessor  : Using 'application/json', given [*/*] and supported [application/json, application/*+json]
2026-10-01T09:44:22.194+02:00 DEBUG 20356 --- [ulwembu-platform-api] [nio-8081-exec-2] o.s.w.s.m.m.a.HttpEntityMethodProcessor  : Writing [{items=[], hasMore=false, totalItems=0, page=0, size=50}]
2026-10-01T09:44:22.193+02:00 DEBUG 20356 --- [ulwembu-platform-api] [nio-8081-exec-3] o.s.w.s.m.m.a.HttpEntityMethodProcessor  : Using 'application/json', given [*/*] and supported [application/json, application/*+json]
2026-10-01T09:44:22.195+02:00 DEBUG 20356 --- [ulwembu-platform-api] [nio-8081-exec-2] o.s.web.servlet.DispatcherServlet        : Completed 200 OK
2026-10-01T09:44:22.195+02:00 DEBUG 20356 --- [ulwembu-platform-api] [nio-8081-exec-3] o.s.w.s.m.m.a.HttpEntityMethodProcessor  : Writing [{items=[ProductResponse[id=50871aa0-c2ff-4090-8784-94401ccb7ac6, code=PARA, displayName=ethnol, gene (truncated)...]
2026-10-01T09:44:22.196+02:00 DEBUG 20356 --- [ulwembu-platform-api] [nio-8081-exec-3] o.s.web.servlet.DispatcherServlet        : Completed 200 OK
2026-10-01T09:44:25.283+02:00 DEBUG 20356 --- [ulwembu-platform-api] [nio-8081-exec-7] org.hibernate.SQL                        : select o1_0.id,o1_0.branding,o1_0.created_at,o1_0.display_name,o1_0.mail_settings,o1_0.profile,o1_0.schema_name,o1_0.sector,o1_0.slug,o1_0.sso_settings,o1_0.status,o1_0.tenant_code from control.organizations o1_0 where o1_0.slug=?
2026-10-01T09:44:25.290+02:00 DEBUG 20356 --- [ulwembu-platform-api] [nio-8081-exec-7] org.hibernate.SQL                        : select u1_0.id,u1_0.contact_number,u1_0.contact_verified_at,u1_0.date_of_birth,u1_0.department,u1_0.designation,u1_0.email,u1_0.email_verified_at,u1_0.emergency_contact_name,u1_0.emergency_contact_phone,u1_0.emergency_contact_relationship,u1_0.employee_number,u1_0.employment_end_date,u1_0.employment_start_date,u1_0.employment_type,u1_0.facility_id,u1_0.failed_login_count,u1_0.first_name,u1_0.gender,u1_0.hpcsa_expiry_date,u1_0.hpcsa_number,u1_0.id_number,u1_0.last_failed_login_at,u1_0.last_login_at,u1_0.last_name,u1_0.locked_at,u1_0.manager_id,u1_0.must_change_password,u1_0.password_hash,u1_0.profile_photo_url,u1_0.sanc_expiry_date,u1_0.sanc_number,u1_0.sapc_expiry_date,u1_0.sapc_number,u1_0.status,u1_0.token_version from users u1_0 where u1_0.id=?
2026-10-01T09:44:25.293+02:00 DEBUG 20356 --- [ulwembu-platform-api] [nio-8081-exec-7] o.s.web.servlet.DispatcherServlet        : GET "/api/v1/pharmacy/ledger?facilityId=a7ee88e2-3a54-4d1f-8c46-59075756ae12&productId=50871aa0-c2ff-4090-8784-94401ccb7ac6&page=0&size=50", parameters={masked}
2026-10-01T09:44:25.294+02:00 DEBUG 20356 --- [ulwembu-platform-api] [nio-8081-exec-7] s.w.s.m.m.a.RequestMappingHandlerMapping : Mapped to co.ehealth.platform.pharmacy.stock.PharmacyStockController#listLedger(UUID, UUID, int, int)
2026-10-01T09:44:25.295+02:00 DEBUG 20356 --- [ulwembu-platform-api] [nio-8081-exec-7] org.hibernate.SQL                        : SELECT DISTINCT p.code FROM permissions p
JOIN role_permissions rp ON rp.permission_id = p.id
JOIN roles r ON r.id = rp.role_id
WHERE r.name IN (?)

2026-10-01T09:44:25.301+02:00 DEBUG 20356 --- [ulwembu-platform-api] [nio-8081-exec-7] org.hibernate.SQL                        : select pse1_0.id,pse1_0.balance_after,pse1_0.balance_before,pse1_0.created_at,pse1_0.quantity_delta,pse1_0.seq,pse1_0.stock_account_id,pse1_0.transaction_id from pharmacy_stock_entries pse1_0,pharmacy_stock_accounts psa1_0,pharmacy_stock_locations psl1_0 where pse1_0.stock_account_id=psa1_0.id and psa1_0.location_id=psl1_0.id and psl1_0.facility_id=? and (? is null or psa1_0.product_id=?) order by pse1_0.seq desc fetch first ? rows only
2026-10-01T09:44:25.304+02:00 DEBUG 20356 --- [ulwembu-platform-api] [nio-8081-exec-7] o.s.w.s.m.m.a.HttpEntityMethodProcessor  : Using 'application/json', given [*/*] and supported [application/json, application/*+json]
2026-10-01T09:44:25.305+02:00 DEBUG 20356 --- [ulwembu-platform-api] [nio-8081-exec-7] o.s.w.s.m.m.a.HttpEntityMethodProcessor  : Writing [{items=[], hasMore=false, totalItems=0, page=0, size=50}]
2026-10-01T09:44:25.305+02:00 DEBUG 20356 --- [ulwembu-platform-api] [nio-8081-exec-7] o.s.web.servlet.DispatcherServlet        : Completed 200 OK
2026-10-01T09:44:28.512+02:00 DEBUG 20356 --- [ulwembu-platform-api] [nio-8081-exec-9] org.hibernate.SQL                        : select o1_0.id,o1_0.branding,o1_0.created_at,o1_0.display_name,o1_0.mail_settings,o1_0.profile,o1_0.schema_name,o1_0.sector,o1_0.slug,o1_0.sso_settings,o1_0.status,o1_0.tenant_code from control.organizations o1_0 where o1_0.slug=?
2026-10-01T09:44:28.519+02:00 DEBUG 20356 --- [ulwembu-platform-api] [nio-8081-exec-9] org.hibernate.SQL                        : select u1_0.id,u1_0.contact_number,u1_0.contact_verified_at,u1_0.date_of_birth,u1_0.department,u1_0.designation,u1_0.email,u1_0.email_verified_at,u1_0.emergency_contact_name,u1_0.emergency_contact_phone,u1_0.emergency_contact_relationship,u1_0.employee_number,u1_0.employment_end_date,u1_0.employment_start_date,u1_0.employment_type,u1_0.facility_id,u1_0.failed_login_count,u1_0.first_name,u1_0.gender,u1_0.hpcsa_expiry_date,u1_0.hpcsa_number,u1_0.id_number,u1_0.last_failed_login_at,u1_0.last_login_at,u1_0.last_name,u1_0.locked_at,u1_0.manager_id,u1_0.must_change_password,u1_0.password_hash,u1_0.profile_photo_url,u1_0.sanc_expiry_date,u1_0.sanc_number,u1_0.sapc_expiry_date,u1_0.sapc_number,u1_0.status,u1_0.token_version from users u1_0 where u1_0.id=?
2026-10-01T09:44:28.523+02:00 DEBUG 20356 --- [ulwembu-platform-api] [nio-8081-exec-9] o.s.web.servlet.DispatcherServlet        : GET "/api/v1/pharmacy/ledger?facilityId=aa7942b0-2bd2-4e25-95c5-e5a206bb4f55&productId=50871aa0-c2ff-4090-8784-94401ccb7ac6&page=0&size=50", parameters={masked}
2026-10-01T09:44:28.524+02:00 DEBUG 20356 --- [ulwembu-platform-api] [nio-8081-exec-9] s.w.s.m.m.a.RequestMappingHandlerMapping : Mapped to co.ehealth.platform.pharmacy.stock.PharmacyStockController#listLedger(UUID, UUID, int, int)
2026-10-01T09:44:28.527+02:00 DEBUG 20356 --- [ulwembu-platform-api] [nio-8081-exec-9] org.hibernate.SQL                        : SELECT DISTINCT p.code FROM permissions p
JOIN role_permissions rp ON rp.permission_id = p.id
JOIN roles r ON r.id = rp.role_id
WHERE r.name IN (?)

2026-10-01T09:44:28.531+02:00 DEBUG 20356 --- [ulwembu-platform-api] [nio-8081-exec-9] org.hibernate.SQL                        : select pse1_0.id,pse1_0.balance_after,pse1_0.balance_before,pse1_0.created_at,pse1_0.quantity_delta,pse1_0.seq,pse1_0.stock_account_id,pse1_0.transaction_id from pharmacy_stock_entries pse1_0,pharmacy_stock_accounts psa1_0,pharmacy_stock_locations psl1_0 where pse1_0.stock_account_id=psa1_0.id and psa1_0.location_id=psl1_0.id and psl1_0.facility_id=? and (? is null or psa1_0.product_id=?) order by pse1_0.seq desc fetch first ? rows only
2026-10-01T09:44:28.535+02:00 DEBUG 20356 --- [ulwembu-platform-api] [nio-8081-exec-9] o.s.w.s.m.m.a.HttpEntityMethodProcessor  : Using 'application/json', given [*/*] and supported [application/json, application/*+json]
2026-10-01T09:44:28.536+02:00 DEBUG 20356 --- [ulwembu-platform-api] [nio-8081-exec-9] o.s.w.s.m.m.a.HttpEntityMethodProcessor  : Writing [{items=[], hasMore=false, totalItems=0, page=0, size=50}]
2026-10-01T09:44:28.536+02:00 DEBUG 20356 --- [ulwembu-platform-api] [nio-8081-exec-9] o.s.web.servlet.DispatcherServlet        : Completed 200 OK
2026-10-01T09:44:30.274+02:00 DEBUG 20356 --- [ulwembu-platform-api] [nio-8081-exec-8] org.hibernate.SQL                        : select o1_0.id,o1_0.branding,o1_0.created_at,o1_0.display_name,o1_0.mail_settings,o1_0.profile,o1_0.schema_name,o1_0.sector,o1_0.slug,o1_0.sso_settings,o1_0.status,o1_0.tenant_code from control.organizations o1_0 where o1_0.slug=?
2026-10-01T09:44:30.279+02:00 DEBUG 20356 --- [ulwembu-platform-api] [nio-8081-exec-8] org.hibernate.SQL                        : select u1_0.id,u1_0.contact_number,u1_0.contact_verified_at,u1_0.date_of_birth,u1_0.department,u1_0.designation,u1_0.email,u1_0.email_verified_at,u1_0.emergency_contact_name,u1_0.emergency_contact_phone,u1_0.emergency_contact_relationship,u1_0.employee_number,u1_0.employment_end_date,u1_0.employment_start_date,u1_0.employment_type,u1_0.facility_id,u1_0.failed_login_count,u1_0.first_name,u1_0.gender,u1_0.hpcsa_expiry_date,u1_0.hpcsa_number,u1_0.id_number,u1_0.last_failed_login_at,u1_0.last_login_at,u1_0.last_name,u1_0.locked_at,u1_0.manager_id,u1_0.must_change_password,u1_0.password_hash,u1_0.profile_photo_url,u1_0.sanc_expiry_date,u1_0.sanc_number,u1_0.sapc_expiry_date,u1_0.sapc_number,u1_0.status,u1_0.token_version from users u1_0 where u1_0.id=?
2026-10-01T09:44:30.284+02:00 DEBUG 20356 --- [ulwembu-platform-api] [nio-8081-exec-8] o.s.web.servlet.DispatcherServlet        : GET "/api/v1/facilities", parameters={}
2026-10-01T09:44:30.284+02:00 DEBUG 20356 --- [ulwembu-platform-api] [nio-8081-exec-8] s.w.s.m.m.a.RequestMappingHandlerMapping : Mapped to co.ehealth.platform.facility.FacilityController#list()
2026-10-01T09:44:30.284+02:00 DEBUG 20356 --- [ulwembu-platform-api] [nio-8081-exec-2] org.hibernate.SQL                        : select o1_0.id,o1_0.branding,o1_0.created_at,o1_0.display_name,o1_0.mail_settings,o1_0.profile,o1_0.schema_name,o1_0.sector,o1_0.slug,o1_0.sso_settings,o1_0.status,o1_0.tenant_code from control.organizations o1_0 where o1_0.slug=?
2026-10-01T09:44:30.284+02:00 DEBUG 20356 --- [ulwembu-platform-api] [nio-8081-exec-3] org.hibernate.SQL                        : select o1_0.id,o1_0.branding,o1_0.created_at,o1_0.display_name,o1_0.mail_settings,o1_0.profile,o1_0.schema_name,o1_0.sector,o1_0.slug,o1_0.sso_settings,o1_0.status,o1_0.tenant_code from control.organizations o1_0 where o1_0.slug=?
2026-10-01T09:44:30.285+02:00 DEBUG 20356 --- [ulwembu-platform-api] [nio-8081-exec-8] org.hibernate.SQL                        : select f1_0.id,f1_0.active,f1_0.address,f1_0.code,f1_0.daily_appointment_limit,f1_0.name,f1_0.operating_hours,f1_0.phone,f1_0.timezone,f1_0.type from facilities f1_0 where f1_0.active order by f1_0.name
2026-10-01T09:44:30.288+02:00 DEBUG 20356 --- [ulwembu-platform-api] [nio-8081-exec-8] m.m.a.RequestResponseBodyMethodProcessor : Using 'application/json', given [*/*] and supported [application/json, application/*+json]
2026-10-01T09:44:30.289+02:00 DEBUG 20356 --- [ulwembu-platform-api] [nio-8081-exec-8] m.m.a.RequestResponseBodyMethodProcessor : Writing [{items=[{id=a7ee88e2-3a54-4d1f-8c46-59075756ae12, name=Demo Main Clinic}, {id=aa7942b0-2bd2-4e25-95c (truncated)...]
2026-10-01T09:44:30.290+02:00 DEBUG 20356 --- [ulwembu-platform-api] [nio-8081-exec-3] org.hibernate.SQL                        : select u1_0.id,u1_0.contact_number,u1_0.contact_verified_at,u1_0.date_of_birth,u1_0.department,u1_0.designation,u1_0.email,u1_0.email_verified_at,u1_0.emergency_contact_name,u1_0.emergency_contact_phone,u1_0.emergency_contact_relationship,u1_0.employee_number,u1_0.employment_end_date,u1_0.employment_start_date,u1_0.employment_type,u1_0.facility_id,u1_0.failed_login_count,u1_0.first_name,u1_0.gender,u1_0.hpcsa_expiry_date,u1_0.hpcsa_number,u1_0.id_number,u1_0.last_failed_login_at,u1_0.last_login_at,u1_0.last_name,u1_0.locked_at,u1_0.manager_id,u1_0.must_change_password,u1_0.password_hash,u1_0.profile_photo_url,u1_0.sanc_expiry_date,u1_0.sanc_number,u1_0.sapc_expiry_date,u1_0.sapc_number,u1_0.status,u1_0.token_version from users u1_0 where u1_0.id=?
2026-10-01T09:44:30.292+02:00 DEBUG 20356 --- [ulwembu-platform-api] [nio-8081-exec-8] o.s.web.servlet.DispatcherServlet        : Completed 200 OK
2026-10-01T09:44:30.292+02:00 DEBUG 20356 --- [ulwembu-platform-api] [nio-8081-exec-2] org.hibernate.SQL                        : select u1_0.id,u1_0.contact_number,u1_0.contact_verified_at,u1_0.date_of_birth,u1_0.department,u1_0.designation,u1_0.email,u1_0.email_verified_at,u1_0.emergency_contact_name,u1_0.emergency_contact_phone,u1_0.emergency_contact_relationship,u1_0.employee_number,u1_0.employment_end_date,u1_0.employment_start_date,u1_0.employment_type,u1_0.facility_id,u1_0.failed_login_count,u1_0.first_name,u1_0.gender,u1_0.hpcsa_expiry_date,u1_0.hpcsa_number,u1_0.id_number,u1_0.last_failed_login_at,u1_0.last_login_at,u1_0.last_name,u1_0.locked_at,u1_0.manager_id,u1_0.must_change_password,u1_0.password_hash,u1_0.profile_photo_url,u1_0.sanc_expiry_date,u1_0.sanc_number,u1_0.sapc_expiry_date,u1_0.sapc_number,u1_0.status,u1_0.token_version from users u1_0 where u1_0.id=?
2026-10-01T09:44:30.297+02:00 DEBUG 20356 --- [ulwembu-platform-api] [nio-8081-exec-2] o.s.web.servlet.DispatcherServlet        : GET "/api/v1/pharmacy/stock?facilityId=a7ee88e2-3a54-4d1f-8c46-59075756ae12", parameters={masked}
2026-10-01T09:44:30.297+02:00 DEBUG 20356 --- [ulwembu-platform-api] [nio-8081-exec-3] o.s.web.servlet.DispatcherServlet        : GET "/api/v1/pharmacy/stock/alerts?facilityId=a7ee88e2-3a54-4d1f-8c46-59075756ae12", parameters={masked}
2026-10-01T09:44:30.298+02:00 DEBUG 20356 --- [ulwembu-platform-api] [nio-8081-exec-2] s.w.s.m.m.a.RequestMappingHandlerMapping : Mapped to co.ehealth.platform.pharmacy.stock.PharmacyStockController#listStock(UUID)
2026-10-01T09:44:30.298+02:00 DEBUG 20356 --- [ulwembu-platform-api] [nio-8081-exec-3] s.w.s.m.m.a.RequestMappingHandlerMapping : Mapped to co.ehealth.platform.pharmacy.stock.PharmacyStockControlController#alerts(UUID)
2026-10-01T09:44:30.299+02:00 DEBUG 20356 --- [ulwembu-platform-api] [nio-8081-exec-2] org.hibernate.SQL                        : SELECT DISTINCT p.code FROM permissions p
JOIN role_permissions rp ON rp.permission_id = p.id
JOIN roles r ON r.id = rp.role_id
WHERE r.name IN (?)

2026-10-01T09:44:30.299+02:00 DEBUG 20356 --- [ulwembu-platform-api] [nio-8081-exec-3] org.hibernate.SQL                        : SELECT DISTINCT p.code FROM permissions p
JOIN role_permissions rp ON rp.permission_id = p.id
JOIN roles r ON r.id = rp.role_id
WHERE r.name IN (?)

2026-10-01T09:44:30.303+02:00 DEBUG 20356 --- [ulwembu-platform-api] [nio-8081-exec-2] org.hibernate.SQL                        : select psa1_0.id,psa1_0.batch_id,psa1_0.bucket,psa1_0.location_id,psa1_0.product_id,psa1_0.quantity from pharmacy_stock_accounts psa1_0,pharmacy_stock_locations psl1_0 where psa1_0.location_id=psl1_0.id and psl1_0.facility_id=? and psa1_0.quantity>0 and psa1_0.bucket='AVAILABLE'
2026-10-01T09:44:30.303+02:00 DEBUG 20356 --- [ulwembu-platform-api] [nio-8081-exec-3] org.hibernate.SQL                        : select psa1_0.id,psa1_0.batch_id,psa1_0.bucket,psa1_0.location_id,psa1_0.product_id,psa1_0.quantity from pharmacy_stock_accounts psa1_0,pharmacy_stock_locations psl1_0 where psa1_0.location_id=psl1_0.id and psl1_0.facility_id=? and psa1_0.quantity>0 and psa1_0.bucket='AVAILABLE'
2026-10-01T09:44:30.307+02:00 DEBUG 20356 --- [ulwembu-platform-api] [nio-8081-exec-2] org.hibernate.SQL                        : select pfp1_0.id,pfp1_0.active,pfp1_0.created_at,pfp1_0.facility_id,pfp1_0.product_id,pfp1_0.reorder_threshold,pfp1_0.target_quantity from pharmacy_facility_products pfp1_0 where pfp1_0.facility_id=? and pfp1_0.active
2026-10-01T09:44:30.307+02:00 DEBUG 20356 --- [ulwembu-platform-api] [nio-8081-exec-3] org.hibernate.SQL                        : select pfp1_0.id,pfp1_0.active,pfp1_0.created_at,pfp1_0.facility_id,pfp1_0.product_id,pfp1_0.reorder_threshold,pfp1_0.target_quantity from pharmacy_facility_products pfp1_0 where pfp1_0.facility_id=? and pfp1_0.active
2026-10-01T09:44:30.309+02:00 DEBUG 20356 --- [ulwembu-platform-api] [nio-8081-exec-2] org.hibernate.SQL                        : select pp1_0.id,pp1_0.active,pp1_0.barcode,pp1_0.base_unit,pp1_0.batch_tracked,pp1_0.category,pp1_0.code,pp1_0.created_at,pp1_0.created_by,pp1_0.created_by_name,pp1_0.display_name,pp1_0.dosage_form,pp1_0.expiry_tracked,pp1_0.generic_name,pp1_0.manufacturer,pp1_0.pack_size,pp1_0.storage_instructions,pp1_0.strength,pp1_0.updated_at,pp1_0.updated_by,pp1_0.updated_by_name,pp1_0.version from pharmacy_products pp1_0 where pp1_0.id=?
2026-10-01T09:44:30.309+02:00 DEBUG 20356 --- [ulwembu-platform-api] [nio-8081-exec-3] org.hibernate.SQL                        : select pp1_0.id,pp1_0.active,pp1_0.barcode,pp1_0.base_unit,pp1_0.batch_tracked,pp1_0.category,pp1_0.code,pp1_0.created_at,pp1_0.created_by,pp1_0.created_by_name,pp1_0.display_name,pp1_0.dosage_form,pp1_0.expiry_tracked,pp1_0.generic_name,pp1_0.manufacturer,pp1_0.pack_size,pp1_0.storage_instructions,pp1_0.strength,pp1_0.updated_at,pp1_0.updated_by,pp1_0.updated_by_name,pp1_0.version from pharmacy_products pp1_0 where pp1_0.id=?
2026-10-01T09:44:30.310+02:00 DEBUG 20356 --- [ulwembu-platform-api] [nio-8081-exec-2] org.hibernate.SQL                        : select pp1_0.id,pp1_0.active,pp1_0.barcode,pp1_0.base_unit,pp1_0.batch_tracked,pp1_0.category,pp1_0.code,pp1_0.created_at,pp1_0.created_by,pp1_0.created_by_name,pp1_0.display_name,pp1_0.dosage_form,pp1_0.expiry_tracked,pp1_0.generic_name,pp1_0.manufacturer,pp1_0.pack_size,pp1_0.storage_instructions,pp1_0.strength,pp1_0.updated_at,pp1_0.updated_by,pp1_0.updated_by_name,pp1_0.version from pharmacy_products pp1_0 where pp1_0.id=?
2026-10-01T09:44:30.310+02:00 DEBUG 20356 --- [ulwembu-platform-api] [nio-8081-exec-3] org.hibernate.SQL                        : select pp1_0.id,pp1_0.active,pp1_0.barcode,pp1_0.base_unit,pp1_0.batch_tracked,pp1_0.category,pp1_0.code,pp1_0.created_at,pp1_0.created_by,pp1_0.created_by_name,pp1_0.display_name,pp1_0.dosage_form,pp1_0.expiry_tracked,pp1_0.generic_name,pp1_0.manufacturer,pp1_0.pack_size,pp1_0.storage_instructions,pp1_0.strength,pp1_0.updated_at,pp1_0.updated_by,pp1_0.updated_by_name,pp1_0.version from pharmacy_products pp1_0 where pp1_0.id=?
2026-10-01T09:44:30.312+02:00 DEBUG 20356 --- [ulwembu-platform-api] [nio-8081-exec-3] m.m.a.RequestResponseBodyMethodProcessor : Using 'application/json', given [*/*] and supported [application/json, application/*+json]
2026-10-01T09:44:30.312+02:00 DEBUG 20356 --- [ulwembu-platform-api] [nio-8081-exec-2] o.s.w.s.m.m.a.HttpEntityMethodProcessor  : Using 'application/json', given [*/*] and supported [application/json, application/*+json]
2026-10-01T09:44:30.313+02:00 DEBUG 20356 --- [ulwembu-platform-api] [nio-8081-exec-3] m.m.a.RequestResponseBodyMethodProcessor : Writing [{items=[]}]
2026-10-01T09:44:30.313+02:00 DEBUG 20356 --- [ulwembu-platform-api] [nio-8081-exec-2] o.s.w.s.m.m.a.HttpEntityMethodProcessor  : Writing [{items=[StockRow[productId=50871aa0-c2ff-4090-8784-94401ccb7ac6, code=PARA, displayName=ethnol, base (truncated)...]
2026-10-01T09:44:30.314+02:00 DEBUG 20356 --- [ulwembu-platform-api] [nio-8081-exec-3] o.s.web.servlet.DispatcherServlet        : Completed 200 OK
2026-10-01T09:44:30.314+02:00 DEBUG 20356 --- [ulwembu-platform-api] [nio-8081-exec-2] o.s.web.servlet.DispatcherServlet        : Completed 200 OK
2026-10-01T09:44:32.771+02:00 DEBUG 20356 --- [ulwembu-platform-api] [nio-8081-exec-9] org.hibernate.SQL                        : select o1_0.id,o1_0.branding,o1_0.created_at,o1_0.display_name,o1_0.mail_settings,o1_0.profile,o1_0.schema_name,o1_0.sector,o1_0.slug,o1_0.sso_settings,o1_0.status,o1_0.tenant_code from control.organizations o1_0 where o1_0.slug=?
2026-10-01T09:44:32.771+02:00 DEBUG 20356 --- [ulwembu-platform-api] [nio-8081-exec-6] org.hibernate.SQL                        : select o1_0.id,o1_0.branding,o1_0.created_at,o1_0.display_name,o1_0.mail_settings,o1_0.profile,o1_0.schema_name,o1_0.sector,o1_0.slug,o1_0.sso_settings,o1_0.status,o1_0.tenant_code from control.organizations o1_0 where o1_0.slug=?
2026-10-01T09:44:32.779+02:00 DEBUG 20356 --- [ulwembu-platform-api] [nio-8081-exec-6] org.hibernate.SQL                        : select u1_0.id,u1_0.contact_number,u1_0.contact_verified_at,u1_0.date_of_birth,u1_0.department,u1_0.designation,u1_0.email,u1_0.email_verified_at,u1_0.emergency_contact_name,u1_0.emergency_contact_phone,u1_0.emergency_contact_relationship,u1_0.employee_number,u1_0.employment_end_date,u1_0.employment_start_date,u1_0.employment_type,u1_0.facility_id,u1_0.failed_login_count,u1_0.first_name,u1_0.gender,u1_0.hpcsa_expiry_date,u1_0.hpcsa_number,u1_0.id_number,u1_0.last_failed_login_at,u1_0.last_login_at,u1_0.last_name,u1_0.locked_at,u1_0.manager_id,u1_0.must_change_password,u1_0.password_hash,u1_0.profile_photo_url,u1_0.sanc_expiry_date,u1_0.sanc_number,u1_0.sapc_expiry_date,u1_0.sapc_number,u1_0.status,u1_0.token_version from users u1_0 where u1_0.id=?
2026-10-01T09:44:32.779+02:00 DEBUG 20356 --- [ulwembu-platform-api] [nio-8081-exec-9] org.hibernate.SQL                        : select u1_0.id,u1_0.contact_number,u1_0.contact_verified_at,u1_0.date_of_birth,u1_0.department,u1_0.designation,u1_0.email,u1_0.email_verified_at,u1_0.emergency_contact_name,u1_0.emergency_contact_phone,u1_0.emergency_contact_relationship,u1_0.employee_number,u1_0.employment_end_date,u1_0.employment_start_date,u1_0.employment_type,u1_0.facility_id,u1_0.failed_login_count,u1_0.first_name,u1_0.gender,u1_0.hpcsa_expiry_date,u1_0.hpcsa_number,u1_0.id_number,u1_0.last_failed_login_at,u1_0.last_login_at,u1_0.last_name,u1_0.locked_at,u1_0.manager_id,u1_0.must_change_password,u1_0.password_hash,u1_0.profile_photo_url,u1_0.sanc_expiry_date,u1_0.sanc_number,u1_0.sapc_expiry_date,u1_0.sapc_number,u1_0.status,u1_0.token_version from users u1_0 where u1_0.id=?
2026-10-01T09:44:32.782+02:00 DEBUG 20356 --- [ulwembu-platform-api] [nio-8081-exec-9] o.s.web.servlet.DispatcherServlet        : GET "/api/v1/pharmacy/products/50871aa0-c2ff-4090-8784-94401ccb7ac6", parameters={}
2026-10-01T09:44:32.782+02:00 DEBUG 20356 --- [ulwembu-platform-api] [nio-8081-exec-6] o.s.web.servlet.DispatcherServlet        : GET "/api/v1/pharmacy/products/50871aa0-c2ff-4090-8784-94401ccb7ac6/batches", parameters={}
2026-10-01T09:44:32.784+02:00 DEBUG 20356 --- [ulwembu-platform-api] [nio-8081-exec-9] s.w.s.m.m.a.RequestMappingHandlerMapping : Mapped to co.ehealth.platform.pharmacy.stock.PharmacyProductController#get(UUID)
2026-10-01T09:44:32.784+02:00 DEBUG 20356 --- [ulwembu-platform-api] [nio-8081-exec-6] s.w.s.m.m.a.RequestMappingHandlerMapping : Mapped to co.ehealth.platform.pharmacy.stock.PharmacyStockController#listBatches(UUID)
2026-10-01T09:44:32.786+02:00 DEBUG 20356 --- [ulwembu-platform-api] [nio-8081-exec-9] org.hibernate.SQL                        : SELECT DISTINCT p.code FROM permissions p
JOIN role_permissions rp ON rp.permission_id = p.id
JOIN roles r ON r.id = rp.role_id
WHERE r.name IN (?)

2026-10-01T09:44:32.786+02:00 DEBUG 20356 --- [ulwembu-platform-api] [nio-8081-exec-6] org.hibernate.SQL                        : SELECT DISTINCT p.code FROM permissions p
JOIN role_permissions rp ON rp.permission_id = p.id
JOIN roles r ON r.id = rp.role_id
WHERE r.name IN (?)

2026-10-01T09:44:32.789+02:00 DEBUG 20356 --- [ulwembu-platform-api] [nio-8081-exec-9] org.hibernate.SQL                        : select pp1_0.id,pp1_0.active,pp1_0.barcode,pp1_0.base_unit,pp1_0.batch_tracked,pp1_0.category,pp1_0.code,pp1_0.created_at,pp1_0.created_by,pp1_0.created_by_name,pp1_0.display_name,pp1_0.dosage_form,pp1_0.expiry_tracked,pp1_0.generic_name,pp1_0.manufacturer,pp1_0.pack_size,pp1_0.storage_instructions,pp1_0.strength,pp1_0.updated_at,pp1_0.updated_by,pp1_0.updated_by_name,pp1_0.version from pharmacy_products pp1_0 where pp1_0.id=?
2026-10-01T09:44:32.790+02:00 DEBUG 20356 --- [ulwembu-platform-api] [nio-8081-exec-6] org.hibernate.SQL                        : select psa1_0.id,psa1_0.batch_id,psa1_0.bucket,psa1_0.location_id,psa1_0.product_id,psa1_0.quantity from pharmacy_stock_accounts psa1_0 where psa1_0.product_id=?
2026-10-01T09:44:32.791+02:00 DEBUG 20356 --- [ulwembu-platform-api] [nio-8081-exec-9] o.s.w.s.m.m.a.HttpEntityMethodProcessor  : Using 'application/json', given [*/*] and supported [application/json, application/*+json]
2026-10-01T09:44:32.792+02:00 DEBUG 20356 --- [ulwembu-platform-api] [nio-8081-exec-9] o.s.w.s.m.m.a.HttpEntityMethodProcessor  : Writing [ProductResponse[id=50871aa0-c2ff-4090-8784-94401ccb7ac6, code=PARA, displayName=ethnol, genericName= (truncated)...]
2026-10-01T09:44:32.793+02:00 DEBUG 20356 --- [ulwembu-platform-api] [nio-8081-exec-9] o.s.web.servlet.DispatcherServlet        : Completed 200 OK
2026-10-01T09:44:32.795+02:00 DEBUG 20356 --- [ulwembu-platform-api] [nio-8081-exec-6] org.hibernate.SQL                        : select pb1_0.id,pb1_0.created_at,pb1_0.created_by,pb1_0.created_by_name,pb1_0.expiry_date,pb1_0.expiry_precision,pb1_0.lot_number,pb1_0.manufacturer,pb1_0.printed_expiry,pb1_0.product_id from pharmacy_batches pb1_0 where pb1_0.product_id=? order by pb1_0.expiry_date
2026-10-01T09:44:32.797+02:00 DEBUG 20356 --- [ulwembu-platform-api] [nio-8081-exec-6] o.s.w.s.m.m.a.HttpEntityMethodProcessor  : Using 'application/json', given [*/*] and supported [application/json, application/*+json]
2026-10-01T09:44:32.798+02:00 DEBUG 20356 --- [ulwembu-platform-api] [nio-8081-exec-6] o.s.w.s.m.m.a.HttpEntityMethodProcessor  : Writing [{items=[]}]
2026-10-01T09:44:32.799+02:00 DEBUG 20356 --- [ulwembu-platform-api] [nio-8081-exec-6] o.s.web.servlet.DispatcherServlet        : Completed 200 OK
2026-10-01T09:44:41.668+02:00 DEBUG 20356 --- [ulwembu-platform-api] [nio-8081-exec-3] org.hibernate.SQL                        : select o1_0.id,o1_0.branding,o1_0.created_at,o1_0.display_name,o1_0.mail_settings,o1_0.profile,o1_0.schema_name,o1_0.sector,o1_0.slug,o1_0.sso_settings,o1_0.status,o1_0.tenant_code from control.organizations o1_0 where o1_0.slug=?
2026-10-01T09:44:41.668+02:00 DEBUG 20356 --- [ulwembu-platform-api] [nio-8081-exec-2] org.hibernate.SQL                        : select o1_0.id,o1_0.branding,o1_0.created_at,o1_0.display_name,o1_0.mail_settings,o1_0.profile,o1_0.schema_name,o1_0.sector,o1_0.slug,o1_0.sso_settings,o1_0.status,o1_0.tenant_code from control.organizations o1_0 where o1_0.slug=?
2026-10-01T09:44:41.668+02:00 DEBUG 20356 --- [ulwembu-platform-api] [nio-8081-exec-8] org.hibernate.SQL                        : select o1_0.id,o1_0.branding,o1_0.created_at,o1_0.display_name,o1_0.mail_settings,o1_0.profile,o1_0.schema_name,o1_0.sector,o1_0.slug,o1_0.sso_settings,o1_0.status,o1_0.tenant_code from control.organizations o1_0 where o1_0.slug=?
2026-10-01T09:44:41.676+02:00 DEBUG 20356 --- [ulwembu-platform-api] [nio-8081-exec-2] org.hibernate.SQL                        : select u1_0.id,u1_0.contact_number,u1_0.contact_verified_at,u1_0.date_of_birth,u1_0.department,u1_0.designation,u1_0.email,u1_0.email_verified_at,u1_0.emergency_contact_name,u1_0.emergency_contact_phone,u1_0.emergency_contact_relationship,u1_0.employee_number,u1_0.employment_end_date,u1_0.employment_start_date,u1_0.employment_type,u1_0.facility_id,u1_0.failed_login_count,u1_0.first_name,u1_0.gender,u1_0.hpcsa_expiry_date,u1_0.hpcsa_number,u1_0.id_number,u1_0.last_failed_login_at,u1_0.last_login_at,u1_0.last_name,u1_0.locked_at,u1_0.manager_id,u1_0.must_change_password,u1_0.password_hash,u1_0.profile_photo_url,u1_0.sanc_expiry_date,u1_0.sanc_number,u1_0.sapc_expiry_date,u1_0.sapc_number,u1_0.status,u1_0.token_version from users u1_0 where u1_0.id=?
2026-10-01T09:44:41.676+02:00 DEBUG 20356 --- [ulwembu-platform-api] [nio-8081-exec-3] org.hibernate.SQL                        : select u1_0.id,u1_0.contact_number,u1_0.contact_verified_at,u1_0.date_of_birth,u1_0.department,u1_0.designation,u1_0.email,u1_0.email_verified_at,u1_0.emergency_contact_name,u1_0.emergency_contact_phone,u1_0.emergency_contact_relationship,u1_0.employee_number,u1_0.employment_end_date,u1_0.employment_start_date,u1_0.employment_type,u1_0.facility_id,u1_0.failed_login_count,u1_0.first_name,u1_0.gender,u1_0.hpcsa_expiry_date,u1_0.hpcsa_number,u1_0.id_number,u1_0.last_failed_login_at,u1_0.last_login_at,u1_0.last_name,u1_0.locked_at,u1_0.manager_id,u1_0.must_change_password,u1_0.password_hash,u1_0.profile_photo_url,u1_0.sanc_expiry_date,u1_0.sanc_number,u1_0.sapc_expiry_date,u1_0.sapc_number,u1_0.status,u1_0.token_version from users u1_0 where u1_0.id=?
2026-10-01T09:44:41.677+02:00 DEBUG 20356 --- [ulwembu-platform-api] [nio-8081-exec-8] org.hibernate.SQL                        : select u1_0.id,u1_0.contact_number,u1_0.contact_verified_at,u1_0.date_of_birth,u1_0.department,u1_0.designation,u1_0.email,u1_0.email_verified_at,u1_0.emergency_contact_name,u1_0.emergency_contact_phone,u1_0.emergency_contact_relationship,u1_0.employee_number,u1_0.employment_end_date,u1_0.employment_start_date,u1_0.employment_type,u1_0.facility_id,u1_0.failed_login_count,u1_0.first_name,u1_0.gender,u1_0.hpcsa_expiry_date,u1_0.hpcsa_number,u1_0.id_number,u1_0.last_failed_login_at,u1_0.last_login_at,u1_0.last_name,u1_0.locked_at,u1_0.manager_id,u1_0.must_change_password,u1_0.password_hash,u1_0.profile_photo_url,u1_0.sanc_expiry_date,u1_0.sanc_number,u1_0.sapc_expiry_date,u1_0.sapc_number,u1_0.status,u1_0.token_version from users u1_0 where u1_0.id=?
2026-10-01T09:44:41.680+02:00 DEBUG 20356 --- [ulwembu-platform-api] [nio-8081-exec-2] o.s.web.servlet.DispatcherServlet        : GET "/api/v1/facilities", parameters={}
2026-10-01T09:44:41.681+02:00 DEBUG 20356 --- [ulwembu-platform-api] [nio-8081-exec-3] o.s.web.servlet.DispatcherServlet        : GET "/api/v1/prescriptions/queue?facilityId=a7ee88e2-3a54-4d1f-8c46-59075756ae12", parameters={masked}
2026-10-01T09:44:41.681+02:00 DEBUG 20356 --- [ulwembu-platform-api] [nio-8081-exec-8] o.s.web.servlet.DispatcherServlet        : GET "/api/v1/prescriptions/dispensing-capabilities", parameters={}
2026-10-01T09:44:41.681+02:00 DEBUG 20356 --- [ulwembu-platform-api] [nio-8081-exec-2] s.w.s.m.m.a.RequestMappingHandlerMapping : Mapped to co.ehealth.platform.facility.FacilityController#list()
2026-10-01T09:44:41.681+02:00 DEBUG 20356 --- [ulwembu-platform-api] [nio-8081-exec-3] s.w.s.m.m.a.RequestMappingHandlerMapping : Mapped to co.ehealth.platform.pharmacy.PrescriptionController#queue(UUID)
2026-10-01T09:44:41.681+02:00 DEBUG 20356 --- [ulwembu-platform-api] [nio-8081-exec-8] s.w.s.m.m.a.RequestMappingHandlerMapping : Mapped to co.ehealth.platform.pharmacy.PrescriptionController#dispensingCapabilities(AuthenticatedPrincipal)
2026-10-01T09:44:41.682+02:00 DEBUG 20356 --- [ulwembu-platform-api] [nio-8081-exec-3] org.hibernate.SQL                        : SELECT DISTINCT p.code FROM permissions p
JOIN role_permissions rp ON rp.permission_id = p.id
JOIN roles r ON r.id = rp.role_id
WHERE r.name IN (?)

2026-10-01T09:44:41.682+02:00 DEBUG 20356 --- [ulwembu-platform-api] [nio-8081-exec-8] org.hibernate.SQL                        : SELECT DISTINCT p.code FROM permissions p
JOIN role_permissions rp ON rp.permission_id = p.id
JOIN roles r ON r.id = rp.role_id
WHERE r.name IN (?)

2026-10-01T09:44:41.683+02:00 DEBUG 20356 --- [ulwembu-platform-api] [nio-8081-exec-2] org.hibernate.SQL                        : select f1_0.id,f1_0.active,f1_0.address,f1_0.code,f1_0.daily_appointment_limit,f1_0.name,f1_0.operating_hours,f1_0.phone,f1_0.timezone,f1_0.type from facilities f1_0 where f1_0.active order by f1_0.name
2026-10-01T09:44:41.685+02:00 DEBUG 20356 --- [ulwembu-platform-api] [nio-8081-exec-2] m.m.a.RequestResponseBodyMethodProcessor : Using 'application/json', given [*/*] and supported [application/json, application/*+json]
2026-10-01T09:44:41.686+02:00 DEBUG 20356 --- [ulwembu-platform-api] [nio-8081-exec-8] org.hibernate.SQL                        : select u1_0.id,u1_0.contact_number,u1_0.contact_verified_at,u1_0.date_of_birth,u1_0.department,u1_0.designation,u1_0.email,u1_0.email_verified_at,u1_0.emergency_contact_name,u1_0.emergency_contact_phone,u1_0.emergency_contact_relationship,u1_0.employee_number,u1_0.employment_end_date,u1_0.employment_start_date,u1_0.employment_type,u1_0.facility_id,u1_0.failed_login_count,u1_0.first_name,u1_0.gender,u1_0.hpcsa_expiry_date,u1_0.hpcsa_number,u1_0.id_number,u1_0.last_failed_login_at,u1_0.last_login_at,u1_0.last_name,u1_0.locked_at,u1_0.manager_id,u1_0.must_change_password,u1_0.password_hash,u1_0.profile_photo_url,u1_0.sanc_expiry_date,u1_0.sanc_number,u1_0.sapc_expiry_date,u1_0.sapc_number,u1_0.status,u1_0.token_version from users u1_0 where u1_0.id=?
2026-10-01T09:44:41.686+02:00 DEBUG 20356 --- [ulwembu-platform-api] [nio-8081-exec-2] m.m.a.RequestResponseBodyMethodProcessor : Writing [{items=[{id=a7ee88e2-3a54-4d1f-8c46-59075756ae12, name=Demo Main Clinic}, {id=aa7942b0-2bd2-4e25-95c (truncated)...]
2026-10-01T09:44:41.686+02:00 DEBUG 20356 --- [ulwembu-platform-api] [nio-8081-exec-3] org.hibernate.SQL                        : select p1_0.id,p1_0.consultation_id,p1_0.created_at,p1_0.facility_id,p1_0.patient_id,p1_0.prescriber_id,p1_0.serial_number,p1_0.status,p1_0.visit_id from prescriptions p1_0 where p1_0.facility_id=? and p1_0.status in (?,?) order by p1_0.created_at
2026-10-01T09:44:41.687+02:00 DEBUG 20356 --- [ulwembu-platform-api] [nio-8081-exec-2] o.s.web.servlet.DispatcherServlet        : Completed 200 OK
2026-10-01T09:44:41.689+02:00 DEBUG 20356 --- [ulwembu-platform-api] [nio-8081-exec-3] o.s.w.s.m.m.a.HttpEntityMethodProcessor  : Using 'application/json', given [*/*] and supported [application/json, application/*+json]
2026-10-01T09:44:41.689+02:00 DEBUG 20356 --- [ulwembu-platform-api] [nio-8081-exec-3] o.s.w.s.m.m.a.HttpEntityMethodProcessor  : Writing [{items=[]}]
2026-10-01T09:44:41.689+02:00 DEBUG 20356 --- [ulwembu-platform-api] [nio-8081-exec-8] org.hibernate.SQL                        : SELECT DISTINCT p.code FROM permissions p
JOIN role_permissions rp ON rp.permission_id = p.id
JOIN roles r ON r.id = rp.role_id
WHERE r.name IN (?)

2026-10-01T09:44:41.690+02:00 DEBUG 20356 --- [ulwembu-platform-api] [nio-8081-exec-3] o.s.web.servlet.DispatcherServlet        : Completed 200 OK
2026-10-01T09:44:41.694+02:00 DEBUG 20356 --- [ulwembu-platform-api] [nio-8081-exec-8] org.hibernate.SQL                        : select r.name from roles r, user_roles ur where ur.role_id = r.id and ur.user_id = ?
2026-10-01T09:44:41.701+02:00 DEBUG 20356 --- [ulwembu-platform-api] [nio-8081-exec-8] o.s.w.s.m.m.a.HttpEntityMethodProcessor  : Using 'application/json', given [*/*] and supported [application/json, application/*+json]
2026-10-01T09:44:41.701+02:00 DEBUG 20356 --- [ulwembu-platform-api] [nio-8081-exec-8] o.s.w.s.m.m.a.HttpEntityMethodProcessor  : Writing [DispensingCapabilitiesResponse[canDispense=true, canPrescribe=true]]
2026-10-01T09:44:41.702+02:00 DEBUG 20356 --- [ulwembu-platform-api] [nio-8081-exec-8] o.s.web.servlet.DispatcherServlet        : Completed 200 OK
2026-10-01T09:44:42.707+02:00 DEBUG 20356 --- [ulwembu-platform-api] [nio-8081-exec-7] org.hibernate.SQL                        : select o1_0.id,o1_0.branding,o1_0.created_at,o1_0.display_name,o1_0.mail_settings,o1_0.profile,o1_0.schema_name,o1_0.sector,o1_0.slug,o1_0.sso_settings,o1_0.status,o1_0.tenant_code from control.organizations o1_0 where o1_0.slug=?
2026-10-01T09:44:42.713+02:00 DEBUG 20356 --- [ulwembu-platform-api] [nio-8081-exec-7] org.hibernate.SQL                        : select u1_0.id,u1_0.contact_number,u1_0.contact_verified_at,u1_0.date_of_birth,u1_0.department,u1_0.designation,u1_0.email,u1_0.email_verified_at,u1_0.emergency_contact_name,u1_0.emergency_contact_phone,u1_0.emergency_contact_relationship,u1_0.employee_number,u1_0.employment_end_date,u1_0.employment_start_date,u1_0.employment_type,u1_0.facility_id,u1_0.failed_login_count,u1_0.first_name,u1_0.gender,u1_0.hpcsa_expiry_date,u1_0.hpcsa_number,u1_0.id_number,u1_0.last_failed_login_at,u1_0.last_login_at,u1_0.last_name,u1_0.locked_at,u1_0.manager_id,u1_0.must_change_password,u1_0.password_hash,u1_0.profile_photo_url,u1_0.sanc_expiry_date,u1_0.sanc_number,u1_0.sapc_expiry_date,u1_0.sapc_number,u1_0.status,u1_0.token_version from users u1_0 where u1_0.id=?
2026-10-01T09:44:42.716+02:00 DEBUG 20356 --- [ulwembu-platform-api] [nio-8081-exec-7] o.s.web.servlet.DispatcherServlet        : GET "/api/v1/facilities", parameters={}
2026-10-01T09:44:42.717+02:00 DEBUG 20356 --- [ulwembu-platform-api] [nio-8081-exec-7] s.w.s.m.m.a.RequestMappingHandlerMapping : Mapped to co.ehealth.platform.facility.FacilityController#list()
2026-10-01T09:44:42.719+02:00 DEBUG 20356 --- [ulwembu-platform-api] [nio-8081-exec-7] org.hibernate.SQL                        : select f1_0.id,f1_0.active,f1_0.address,f1_0.code,f1_0.daily_appointment_limit,f1_0.name,f1_0.operating_hours,f1_0.phone,f1_0.timezone,f1_0.type from facilities f1_0 where f1_0.active order by f1_0.name
2026-10-01T09:44:42.723+02:00 DEBUG 20356 --- [ulwembu-platform-api] [nio-8081-exec-7] m.m.a.RequestResponseBodyMethodProcessor : Using 'application/json', given [*/*] and supported [application/json, application/*+json]
2026-10-01T09:44:42.724+02:00 DEBUG 20356 --- [ulwembu-platform-api] [nio-8081-exec-7] m.m.a.RequestResponseBodyMethodProcessor : Writing [{items=[{id=a7ee88e2-3a54-4d1f-8c46-59075756ae12, name=Demo Main Clinic}, {id=aa7942b0-2bd2-4e25-95c (truncated)...]
2026-10-01T09:44:42.725+02:00 DEBUG 20356 --- [ulwembu-platform-api] [nio-8081-exec-7] o.s.web.servlet.DispatcherServlet        : Completed 200 OK
2026-10-01T09:44:42.725+02:00 DEBUG 20356 --- [ulwembu-platform-api] [nio-8081-exec-1] org.hibernate.SQL                        : select o1_0.id,o1_0.branding,o1_0.created_at,o1_0.display_name,o1_0.mail_settings,o1_0.profile,o1_0.schema_name,o1_0.sector,o1_0.slug,o1_0.sso_settings,o1_0.status,o1_0.tenant_code from control.organizations o1_0 where o1_0.slug=?
2026-10-01T09:44:42.725+02:00 DEBUG 20356 --- [ulwembu-platform-api] [nio-8081-exec-6] org.hibernate.SQL                        : select o1_0.id,o1_0.branding,o1_0.created_at,o1_0.display_name,o1_0.mail_settings,o1_0.profile,o1_0.schema_name,o1_0.sector,o1_0.slug,o1_0.sso_settings,o1_0.status,o1_0.tenant_code from control.organizations o1_0 where o1_0.slug=?
2026-10-01T09:44:42.731+02:00 DEBUG 20356 --- [ulwembu-platform-api] [nio-8081-exec-6] org.hibernate.SQL                        : select u1_0.id,u1_0.contact_number,u1_0.contact_verified_at,u1_0.date_of_birth,u1_0.department,u1_0.designation,u1_0.email,u1_0.email_verified_at,u1_0.emergency_contact_name,u1_0.emergency_contact_phone,u1_0.emergency_contact_relationship,u1_0.employee_number,u1_0.employment_end_date,u1_0.employment_start_date,u1_0.employment_type,u1_0.facility_id,u1_0.failed_login_count,u1_0.first_name,u1_0.gender,u1_0.hpcsa_expiry_date,u1_0.hpcsa_number,u1_0.id_number,u1_0.last_failed_login_at,u1_0.last_login_at,u1_0.last_name,u1_0.locked_at,u1_0.manager_id,u1_0.must_change_password,u1_0.password_hash,u1_0.profile_photo_url,u1_0.sanc_expiry_date,u1_0.sanc_number,u1_0.sapc_expiry_date,u1_0.sapc_number,u1_0.status,u1_0.token_version from users u1_0 where u1_0.id=?
2026-10-01T09:44:42.731+02:00 DEBUG 20356 --- [ulwembu-platform-api] [nio-8081-exec-1] org.hibernate.SQL                        : select u1_0.id,u1_0.contact_number,u1_0.contact_verified_at,u1_0.date_of_birth,u1_0.department,u1_0.designation,u1_0.email,u1_0.email_verified_at,u1_0.emergency_contact_name,u1_0.emergency_contact_phone,u1_0.emergency_contact_relationship,u1_0.employee_number,u1_0.employment_end_date,u1_0.employment_start_date,u1_0.employment_type,u1_0.facility_id,u1_0.failed_login_count,u1_0.first_name,u1_0.gender,u1_0.hpcsa_expiry_date,u1_0.hpcsa_number,u1_0.id_number,u1_0.last_failed_login_at,u1_0.last_login_at,u1_0.last_name,u1_0.locked_at,u1_0.manager_id,u1_0.must_change_password,u1_0.password_hash,u1_0.profile_photo_url,u1_0.sanc_expiry_date,u1_0.sanc_number,u1_0.sapc_expiry_date,u1_0.sapc_number,u1_0.status,u1_0.token_version from users u1_0 where u1_0.id=?
2026-10-01T09:44:42.734+02:00 DEBUG 20356 --- [ulwembu-platform-api] [nio-8081-exec-1] o.s.web.servlet.DispatcherServlet        : GET "/api/v1/pharmacy/stock/alerts?facilityId=a7ee88e2-3a54-4d1f-8c46-59075756ae12", parameters={masked}
2026-10-01T09:44:42.734+02:00 DEBUG 20356 --- [ulwembu-platform-api] [nio-8081-exec-6] o.s.web.servlet.DispatcherServlet        : GET "/api/v1/pharmacy/stock?facilityId=a7ee88e2-3a54-4d1f-8c46-59075756ae12", parameters={masked}
2026-10-01T09:44:42.735+02:00 DEBUG 20356 --- [ulwembu-platform-api] [nio-8081-exec-1] s.w.s.m.m.a.RequestMappingHandlerMapping : Mapped to co.ehealth.platform.pharmacy.stock.PharmacyStockControlController#alerts(UUID)
2026-10-01T09:44:42.735+02:00 DEBUG 20356 --- [ulwembu-platform-api] [nio-8081-exec-6] s.w.s.m.m.a.RequestMappingHandlerMapping : Mapped to co.ehealth.platform.pharmacy.stock.PharmacyStockController#listStock(UUID)
2026-10-01T09:44:42.737+02:00 DEBUG 20356 --- [ulwembu-platform-api] [nio-8081-exec-6] org.hibernate.SQL                        : SELECT DISTINCT p.code FROM permissions p
JOIN role_permissions rp ON rp.permission_id = p.id
JOIN roles r ON r.id = rp.role_id
WHERE r.name IN (?)

2026-10-01T09:44:42.737+02:00 DEBUG 20356 --- [ulwembu-platform-api] [nio-8081-exec-1] org.hibernate.SQL                        : SELECT DISTINCT p.code FROM permissions p
JOIN role_permissions rp ON rp.permission_id = p.id
JOIN roles r ON r.id = rp.role_id
WHERE r.name IN (?)

2026-10-01T09:44:42.740+02:00 DEBUG 20356 --- [ulwembu-platform-api] [nio-8081-exec-6] org.hibernate.SQL                        : select psa1_0.id,psa1_0.batch_id,psa1_0.bucket,psa1_0.location_id,psa1_0.product_id,psa1_0.quantity from pharmacy_stock_accounts psa1_0,pharmacy_stock_locations psl1_0 where psa1_0.location_id=psl1_0.id and psl1_0.facility_id=? and psa1_0.quantity>0 and psa1_0.bucket='AVAILABLE'
2026-10-01T09:44:42.740+02:00 DEBUG 20356 --- [ulwembu-platform-api] [nio-8081-exec-1] org.hibernate.SQL                        : select psa1_0.id,psa1_0.batch_id,psa1_0.bucket,psa1_0.location_id,psa1_0.product_id,psa1_0.quantity from pharmacy_stock_accounts psa1_0,pharmacy_stock_locations psl1_0 where psa1_0.location_id=psl1_0.id and psl1_0.facility_id=? and psa1_0.quantity>0 and psa1_0.bucket='AVAILABLE'
2026-10-01T09:44:42.743+02:00 DEBUG 20356 --- [ulwembu-platform-api] [nio-8081-exec-1] org.hibernate.SQL                        : select pfp1_0.id,pfp1_0.active,pfp1_0.created_at,pfp1_0.facility_id,pfp1_0.product_id,pfp1_0.reorder_threshold,pfp1_0.target_quantity from pharmacy_facility_products pfp1_0 where pfp1_0.facility_id=? and pfp1_0.active
2026-10-01T09:44:42.743+02:00 DEBUG 20356 --- [ulwembu-platform-api] [nio-8081-exec-6] org.hibernate.SQL                        : select pfp1_0.id,pfp1_0.active,pfp1_0.created_at,pfp1_0.facility_id,pfp1_0.product_id,pfp1_0.reorder_threshold,pfp1_0.target_quantity from pharmacy_facility_products pfp1_0 where pfp1_0.facility_id=? and pfp1_0.active
2026-10-01T09:44:42.745+02:00 DEBUG 20356 --- [ulwembu-platform-api] [nio-8081-exec-1] org.hibernate.SQL                        : select pp1_0.id,pp1_0.active,pp1_0.barcode,pp1_0.base_unit,pp1_0.batch_tracked,pp1_0.category,pp1_0.code,pp1_0.created_at,pp1_0.created_by,pp1_0.created_by_name,pp1_0.display_name,pp1_0.dosage_form,pp1_0.expiry_tracked,pp1_0.generic_name,pp1_0.manufacturer,pp1_0.pack_size,pp1_0.storage_instructions,pp1_0.strength,pp1_0.updated_at,pp1_0.updated_by,pp1_0.updated_by_name,pp1_0.version from pharmacy_products pp1_0 where pp1_0.id=?
2026-10-01T09:44:42.745+02:00 DEBUG 20356 --- [ulwembu-platform-api] [nio-8081-exec-6] org.hibernate.SQL                        : select pp1_0.id,pp1_0.active,pp1_0.barcode,pp1_0.base_unit,pp1_0.batch_tracked,pp1_0.category,pp1_0.code,pp1_0.created_at,pp1_0.created_by,pp1_0.created_by_name,pp1_0.display_name,pp1_0.dosage_form,pp1_0.expiry_tracked,pp1_0.generic_name,pp1_0.manufacturer,pp1_0.pack_size,pp1_0.storage_instructions,pp1_0.strength,pp1_0.updated_at,pp1_0.updated_by,pp1_0.updated_by_name,pp1_0.version from pharmacy_products pp1_0 where pp1_0.id=?
2026-10-01T09:44:42.747+02:00 DEBUG 20356 --- [ulwembu-platform-api] [nio-8081-exec-1] org.hibernate.SQL                        : select pp1_0.id,pp1_0.active,pp1_0.barcode,pp1_0.base_unit,pp1_0.batch_tracked,pp1_0.category,pp1_0.code,pp1_0.created_at,pp1_0.created_by,pp1_0.created_by_name,pp1_0.display_name,pp1_0.dosage_form,pp1_0.expiry_tracked,pp1_0.generic_name,pp1_0.manufacturer,pp1_0.pack_size,pp1_0.storage_instructions,pp1_0.strength,pp1_0.updated_at,pp1_0.updated_by,pp1_0.updated_by_name,pp1_0.version from pharmacy_products pp1_0 where pp1_0.id=?
2026-10-01T09:44:42.747+02:00 DEBUG 20356 --- [ulwembu-platform-api] [nio-8081-exec-6] org.hibernate.SQL                        : select pp1_0.id,pp1_0.active,pp1_0.barcode,pp1_0.base_unit,pp1_0.batch_tracked,pp1_0.category,pp1_0.code,pp1_0.created_at,pp1_0.created_by,pp1_0.created_by_name,pp1_0.display_name,pp1_0.dosage_form,pp1_0.expiry_tracked,pp1_0.generic_name,pp1_0.manufacturer,pp1_0.pack_size,pp1_0.storage_instructions,pp1_0.strength,pp1_0.updated_at,pp1_0.updated_by,pp1_0.updated_by_name,pp1_0.version from pharmacy_products pp1_0 where pp1_0.id=?
2026-10-01T09:44:42.750+02:00 DEBUG 20356 --- [ulwembu-platform-api] [nio-8081-exec-6] o.s.w.s.m.m.a.HttpEntityMethodProcessor  : Using 'application/json', given [*/*] and supported [application/json, application/*+json]
2026-10-01T09:44:42.750+02:00 DEBUG 20356 --- [ulwembu-platform-api] [nio-8081-exec-1] m.m.a.RequestResponseBodyMethodProcessor : Using 'application/json', given [*/*] and supported [application/json, application/*+json]
2026-10-01T09:44:42.751+02:00 DEBUG 20356 --- [ulwembu-platform-api] [nio-8081-exec-6] o.s.w.s.m.m.a.HttpEntityMethodProcessor  : Writing [{items=[StockRow[productId=50871aa0-c2ff-4090-8784-94401ccb7ac6, code=PARA, displayName=ethnol, base (truncated)...]
2026-10-01T09:44:42.751+02:00 DEBUG 20356 --- [ulwembu-platform-api] [nio-8081-exec-1] m.m.a.RequestResponseBodyMethodProcessor : Writing [{items=[]}]
2026-10-01T09:44:42.752+02:00 DEBUG 20356 --- [ulwembu-platform-api] [nio-8081-exec-6] o.s.web.servlet.DispatcherServlet        : Completed 200 OK
2026-10-01T09:44:42.752+02:00 DEBUG 20356 --- [ulwembu-platform-api] [nio-8081-exec-1] o.s.web.servlet.DispatcherServlet        : Completed 200 OK
2026-10-01T09:44:47.415+02:00 DEBUG 20356 --- [ulwembu-platform-api] [nio-8081-exec-3] org.hibernate.SQL                        : select o1_0.id,o1_0.branding,o1_0.created_at,o1_0.display_name,o1_0.mail_settings,o1_0.profile,o1_0.schema_name,o1_0.sector,o1_0.slug,o1_0.sso_settings,o1_0.status,o1_0.tenant_code from control.organizations o1_0 where o1_0.slug=?
2026-10-01T09:44:47.415+02:00 DEBUG 20356 --- [ulwembu-platform-api] [nio-8081-exec-2] org.hibernate.SQL                        : select o1_0.id,o1_0.branding,o1_0.created_at,o1_0.display_name,o1_0.mail_settings,o1_0.profile,o1_0.schema_name,o1_0.sector,o1_0.slug,o1_0.sso_settings,o1_0.status,o1_0.tenant_code from control.organizations o1_0 where o1_0.slug=?
2026-10-01T09:44:47.424+02:00 DEBUG 20356 --- [ulwembu-platform-api] [nio-8081-exec-2] org.hibernate.SQL                        : select u1_0.id,u1_0.contact_number,u1_0.contact_verified_at,u1_0.date_of_birth,u1_0.department,u1_0.designation,u1_0.email,u1_0.email_verified_at,u1_0.emergency_contact_name,u1_0.emergency_contact_phone,u1_0.emergency_contact_relationship,u1_0.employee_number,u1_0.employment_end_date,u1_0.employment_start_date,u1_0.employment_type,u1_0.facility_id,u1_0.failed_login_count,u1_0.first_name,u1_0.gender,u1_0.hpcsa_expiry_date,u1_0.hpcsa_number,u1_0.id_number,u1_0.last_failed_login_at,u1_0.last_login_at,u1_0.last_name,u1_0.locked_at,u1_0.manager_id,u1_0.must_change_password,u1_0.password_hash,u1_0.profile_photo_url,u1_0.sanc_expiry_date,u1_0.sanc_number,u1_0.sapc_expiry_date,u1_0.sapc_number,u1_0.status,u1_0.token_version from users u1_0 where u1_0.id=?
2026-10-01T09:44:47.424+02:00 DEBUG 20356 --- [ulwembu-platform-api] [nio-8081-exec-3] org.hibernate.SQL                        : select u1_0.id,u1_0.contact_number,u1_0.contact_verified_at,u1_0.date_of_birth,u1_0.department,u1_0.designation,u1_0.email,u1_0.email_verified_at,u1_0.emergency_contact_name,u1_0.emergency_contact_phone,u1_0.emergency_contact_relationship,u1_0.employee_number,u1_0.employment_end_date,u1_0.employment_start_date,u1_0.employment_type,u1_0.facility_id,u1_0.failed_login_count,u1_0.first_name,u1_0.gender,u1_0.hpcsa_expiry_date,u1_0.hpcsa_number,u1_0.id_number,u1_0.last_failed_login_at,u1_0.last_login_at,u1_0.last_name,u1_0.locked_at,u1_0.manager_id,u1_0.must_change_password,u1_0.password_hash,u1_0.profile_photo_url,u1_0.sanc_expiry_date,u1_0.sanc_number,u1_0.sapc_expiry_date,u1_0.sapc_number,u1_0.status,u1_0.token_version from users u1_0 where u1_0.id=?
2026-10-01T09:44:47.427+02:00 DEBUG 20356 --- [ulwembu-platform-api] [nio-8081-exec-2] o.s.web.servlet.DispatcherServlet        : GET "/api/v1/facilities", parameters={}
2026-10-01T09:44:47.427+02:00 DEBUG 20356 --- [ulwembu-platform-api] [nio-8081-exec-3] o.s.web.servlet.DispatcherServlet        : GET "/api/v1/pharmacy/products/assortment?facilityId=a7ee88e2-3a54-4d1f-8c46-59075756ae12", parameters={masked}
2026-10-01T09:44:47.428+02:00 DEBUG 20356 --- [ulwembu-platform-api] [nio-8081-exec-2] s.w.s.m.m.a.RequestMappingHandlerMapping : Mapped to co.ehealth.platform.facility.FacilityController#list()
2026-10-01T09:44:47.428+02:00 DEBUG 20356 --- [ulwembu-platform-api] [nio-8081-exec-3] s.w.s.m.m.a.RequestMappingHandlerMapping : Mapped to co.ehealth.platform.pharmacy.stock.PharmacyProductController#listAssortment(UUID)
2026-10-01T09:44:47.429+02:00 DEBUG 20356 --- [ulwembu-platform-api] [nio-8081-exec-3] org.hibernate.SQL                        : SELECT DISTINCT p.code FROM permissions p
JOIN role_permissions rp ON rp.permission_id = p.id
JOIN roles r ON r.id = rp.role_id
WHERE r.name IN (?)

2026-10-01T09:44:47.430+02:00 DEBUG 20356 --- [ulwembu-platform-api] [nio-8081-exec-2] org.hibernate.SQL                        : select f1_0.id,f1_0.active,f1_0.address,f1_0.code,f1_0.daily_appointment_limit,f1_0.name,f1_0.operating_hours,f1_0.phone,f1_0.timezone,f1_0.type from facilities f1_0 where f1_0.active order by f1_0.name
2026-10-01T09:44:47.432+02:00 DEBUG 20356 --- [ulwembu-platform-api] [nio-8081-exec-2] m.m.a.RequestResponseBodyMethodProcessor : Using 'application/json', given [*/*] and supported [application/json, application/*+json]
2026-10-01T09:44:47.432+02:00 DEBUG 20356 --- [ulwembu-platform-api] [nio-8081-exec-2] m.m.a.RequestResponseBodyMethodProcessor : Writing [{items=[{id=a7ee88e2-3a54-4d1f-8c46-59075756ae12, name=Demo Main Clinic}, {id=aa7942b0-2bd2-4e25-95c (truncated)...]
2026-10-01T09:44:47.433+02:00 DEBUG 20356 --- [ulwembu-platform-api] [nio-8081-exec-3] org.hibernate.SQL                        : select pfp1_0.id,pfp1_0.active,pfp1_0.created_at,pfp1_0.facility_id,pfp1_0.product_id,pfp1_0.reorder_threshold,pfp1_0.target_quantity from pharmacy_facility_products pfp1_0 where pfp1_0.facility_id=? and pfp1_0.active
2026-10-01T09:44:47.433+02:00 DEBUG 20356 --- [ulwembu-platform-api] [nio-8081-exec-2] o.s.web.servlet.DispatcherServlet        : Completed 200 OK
2026-10-01T09:44:47.438+02:00 DEBUG 20356 --- [ulwembu-platform-api] [nio-8081-exec-3] org.hibernate.SQL                        : select pp1_0.id,pp1_0.active,pp1_0.barcode,pp1_0.base_unit,pp1_0.batch_tracked,pp1_0.category,pp1_0.code,pp1_0.created_at,pp1_0.created_by,pp1_0.created_by_name,pp1_0.display_name,pp1_0.dosage_form,pp1_0.expiry_tracked,pp1_0.generic_name,pp1_0.manufacturer,pp1_0.pack_size,pp1_0.storage_instructions,pp1_0.strength,pp1_0.updated_at,pp1_0.updated_by,pp1_0.updated_by_name,pp1_0.version from pharmacy_products pp1_0 where pp1_0.id in (?,?)
2026-10-01T09:44:47.445+02:00 DEBUG 20356 --- [ulwembu-platform-api] [nio-8081-exec-3] o.s.w.s.m.m.a.HttpEntityMethodProcessor  : Using 'application/json', given [*/*] and supported [application/json, application/*+json]
2026-10-01T09:44:47.446+02:00 DEBUG 20356 --- [ulwembu-platform-api] [nio-8081-exec-3] o.s.w.s.m.m.a.HttpEntityMethodProcessor  : Writing [{items=[ProductResponse[id=50871aa0-c2ff-4090-8784-94401ccb7ac6, code=PARA, displayName=ethnol, gene (truncated)...]
2026-10-01T09:44:47.449+02:00 DEBUG 20356 --- [ulwembu-platform-api] [nio-8081-exec-3] o.s.web.servlet.DispatcherServlet        : Completed 200 OK
2026-10-01T10:06:11.186+02:00 DEBUG 20356 --- [ulwembu-platform-api] [nio-8081-exec-6] org.hibernate.SQL                        : select o1_0.id,o1_0.branding,o1_0.created_at,o1_0.display_name,o1_0.mail_settings,o1_0.profile,o1_0.schema_name,o1_0.sector,o1_0.slug,o1_0.sso_settings,o1_0.status,o1_0.tenant_code from control.organizations o1_0 where o1_0.slug=?
2026-10-01T10:06:11.197+02:00 DEBUG 20356 --- [ulwembu-platform-api] [nio-8081-exec-6] org.hibernate.SQL                        : select u1_0.id,u1_0.contact_number,u1_0.contact_verified_at,u1_0.date_of_birth,u1_0.department,u1_0.designation,u1_0.email,u1_0.email_verified_at,u1_0.emergency_contact_name,u1_0.emergency_contact_phone,u1_0.emergency_contact_relationship,u1_0.employee_number,u1_0.employment_end_date,u1_0.employment_start_date,u1_0.employment_type,u1_0.facility_id,u1_0.failed_login_count,u1_0.first_name,u1_0.gender,u1_0.hpcsa_expiry_date,u1_0.hpcsa_number,u1_0.id_number,u1_0.last_failed_login_at,u1_0.last_login_at,u1_0.last_name,u1_0.locked_at,u1_0.manager_id,u1_0.must_change_password,u1_0.password_hash,u1_0.profile_photo_url,u1_0.sanc_expiry_date,u1_0.sanc_number,u1_0.sapc_expiry_date,u1_0.sapc_number,u1_0.status,u1_0.token_version from users u1_0 where u1_0.id=?
2026-10-01T10:06:11.203+02:00 DEBUG 20356 --- [ulwembu-platform-api] [nio-8081-exec-5] org.hibernate.SQL                        : select o1_0.id,o1_0.branding,o1_0.created_at,o1_0.display_name,o1_0.mail_settings,o1_0.profile,o1_0.schema_name,o1_0.sector,o1_0.slug,o1_0.sso_settings,o1_0.status,o1_0.tenant_code from control.organizations o1_0 where o1_0.slug=?
2026-10-01T10:06:11.206+02:00 DEBUG 20356 --- [ulwembu-platform-api] [nio-8081-exec-5] org.hibernate.SQL                        : select u1_0.id,u1_0.contact_number,u1_0.contact_verified_at,u1_0.date_of_birth,u1_0.department,u1_0.designation,u1_0.email,u1_0.email_verified_at,u1_0.emergency_contact_name,u1_0.emergency_contact_phone,u1_0.emergency_contact_relationship,u1_0.employee_number,u1_0.employment_end_date,u1_0.employment_start_date,u1_0.employment_type,u1_0.facility_id,u1_0.failed_login_count,u1_0.first_name,u1_0.gender,u1_0.hpcsa_expiry_date,u1_0.hpcsa_number,u1_0.id_number,u1_0.last_failed_login_at,u1_0.last_login_at,u1_0.last_name,u1_0.locked_at,u1_0.manager_id,u1_0.must_change_password,u1_0.password_hash,u1_0.profile_photo_url,u1_0.sanc_expiry_date,u1_0.sanc_number,u1_0.sapc_expiry_date,u1_0.sapc_number,u1_0.status,u1_0.token_version from users u1_0 where u1_0.id=?
2026-10-01T10:06:11.248+02:00 DEBUG 20356 --- [ulwembu-platform-api] [nio-8081-exec-2] org.hibernate.SQL                        : select o1_0.id,o1_0.branding,o1_0.created_at,o1_0.display_name,o1_0.mail_settings,o1_0.profile,o1_0.schema_name,o1_0.sector,o1_0.slug,o1_0.sso_settings,o1_0.status,o1_0.tenant_code from control.organizations o1_0 where o1_0.slug=?
2026-10-01T10:06:11.251+02:00 DEBUG 20356 --- [ulwembu-platform-api] [nio-8081-exec-2] o.s.web.servlet.DispatcherServlet        : GET "/api/v1/public/organization", parameters={}
2026-10-01T10:06:11.251+02:00 DEBUG 20356 --- [ulwembu-platform-api] [nio-8081-exec-2] s.w.s.m.m.a.RequestMappingHandlerMapping : Mapped to co.ehealth.platform.core.tenant.PublicOrganizationController#getPublicOrganization()
2026-10-01T10:06:11.253+02:00 DEBUG 20356 --- [ulwembu-platform-api] [nio-8081-exec-2] org.hibernate.SQL                        : select o1_0.id,o1_0.branding,o1_0.created_at,o1_0.display_name,o1_0.mail_settings,o1_0.profile,o1_0.schema_name,o1_0.sector,o1_0.slug,o1_0.sso_settings,o1_0.status,o1_0.tenant_code from control.organizations o1_0 where o1_0.schema_name=?
2026-10-01T10:06:11.255+02:00 DEBUG 20356 --- [ulwembu-platform-api] [nio-8081-exec-2] o.s.w.s.m.m.a.HttpEntityMethodProcessor  : Using 'application/json', given [*/*] and supported [application/json, application/*+json]
2026-10-01T10:06:11.256+02:00 DEBUG 20356 --- [ulwembu-platform-api] [nio-8081-exec-2] o.s.w.s.m.m.a.HttpEntityMethodProcessor  : Writing [PublicOrganizationResponse[displayName=Demo Community Clinic, slug=demo-clinic, logoUrl=null, primar (truncated)...]
2026-10-01T10:06:11.258+02:00 DEBUG 20356 --- [ulwembu-platform-api] [nio-8081-exec-2] o.s.web.servlet.DispatcherServlet        : Completed 200 OK
